Datetime,VWRP.L,SWDA.L,CSP1.L,EQQQ.L,IITU.L,EMIM.L,IGLN.L
2024-09-10 07:00:00+00:00,101.58000183105467,78.49,442.21,348.331015625,22.605,25.87345947265625,48.68000030517578
2024-09-10 08:00:00+00:00,101.41999816894533,78.39,441.70625,348.2541015625,22.55257080078125,25.85,48.647499084472656
2024-09-10 09:00:00+00:00,101.31999969482422,78.31494140625,441.3,347.8,22.53,25.81492919921875,48.665000915527344
2024-09-10 10:00:00+00:00,101.27999877929688,78.28,441.21265625,347.85,22.54,25.829208984375,48.70000076293945
2024-09-10 11:00:00+00:00,101.45999908447266,78.45,442.34,349.21,22.63,25.86,48.70750045776367
2024-09-10 12:00:00+00:00,101.8000030517578,78.7031298828125,443.94359375,350.65000000000003,22.745,25.9,48.880001068115234
2024-09-10 13:00:00+00:00,101.6999969482422,78.59,444.34,351.56,22.74988037109375,25.88,48.747501373291016
2024-09-10 14:00:00+00:00,101.45999908447266,78.425478515625,442.94,350.1715234375,22.775,25.85612060546875,48.75249862670898
2024-09-10 15:00:00+00:00,101.58000183105467,78.55,443.71390625,351.34000000000003,22.81,25.85384033203125,48.872501373291016
2024-09-11 07:00:00+00:00,101.5999984741211,78.5381982421875,443.316640625,351.45,22.83,25.88,49.03499984741211
2024-09-11 08:00:00+00:00,101.4000015258789,78.43,442.47,350.66,22.785,25.807470703125,49.08250045776367
2024-09-11 09:00:00+00:00,101.48135375976562,78.48,442.896796875,351.2491015625,22.825,25.79239990234375,49.06999969482422
2024-09-11 10:00:00+00:00,101.5,78.50505859375001,442.8006640625,351.2,22.81,25.838798828125,49.02999877929688
2024-09-11 11:00:00+00:00,101.5999984741211,78.53,443.24,351.52921875,22.805,25.82,49.07749938964844
2024-09-11 12:00:00+00:00,101.77999877929688,78.62,444.19,352.93,22.945,25.85205078125,48.77999877929688
2024-09-11 13:00:00+00:00,101.41999816894533,78.47,442.7012109375,352.47,23.01,25.86324951171875,48.80500030517578
2024-09-11 14:00:00+00:00,100.9800033569336,78.11,439.4748046875,348.6309765625,22.825,25.77212890625,48.79249954223633
2024-09-11 15:00:00+00:00,101.23999786376952,78.24,440.8149609375,350.56,22.91,25.87,48.834999084472656
2024-09-12 07:00:00+00:00,103.05999755859376,79.7493408203125,450.97,361.13,23.75910888671875,26.16,48.91749954223633
2024-09-12 08:00:00+00:00,103.08000183105467,79.7410400390625,450.9425390625,361.2,23.74,26.18,48.93999862670898
2024-09-12 09:00:00+00:00,103.02919006347656,79.73,450.68,361.11,23.735,26.2097998046875,48.97999954223633
2024-09-12 10:00:00+00:00,103.05999755859376,79.74,450.866640625,360.8484375,23.72,26.19,48.852500915527344
2024-09-12 11:00:00+00:00,103.1999969482422,79.84,451.14,361.454609375,23.7715087890625,26.21758056640625,48.994998931884766
2024-09-12 12:00:00+00:00,102.87999725341795,79.67,450.28,360.42,23.66,26.18,49.17499923706055
2024-09-12 13:00:00+00:00,102.5999984741211,79.46000000000001,449.04,360.0078125,23.615,26.1097998046875,49.52750015258789
2024-09-12 14:00:00+00:00,102.73999786376952,79.59,449.38,360.66,23.695,26.12,49.682498931884766
2024-09-12 15:00:00+00:00,102.81967163085938,79.58,449.447734375,360.628984375,23.68,26.12,49.657501220703125
2024-09-13 07:00:00+00:00,103.04000091552734,79.75,450.55,361.21,23.72,26.2,49.95500183105469
2024-09-13 08:00:00+00:00,103.04000091552734,79.76,450.8226953125,361.59,23.745,26.211000976562502,49.98500061035156
2024-09-13 09:00:00+00:00,103.27147674560548,79.91,451.59328125,361.9480859375,23.78,26.27,49.95500183105469
2024-09-13 10:00:00+00:00,103.3000030517578,79.95,451.94,362.2949609375,23.805,26.26,49.90999984741211
2024-09-13 11:00:00+00:00,103.26000213623048,79.93,451.84,362.19,23.805,26.22,49.93999862670898
2024-09-13 12:00:00+00:00,103.22000122070312,79.8768994140625,451.5548046875,361.71,23.795,26.23,50.084999084472656
2024-09-13 13:00:00+00:00,103.31999969482422,79.99,451.65,362.0551953125,23.72,26.25,50.130001068115234
2024-09-13 14:00:00+00:00,103.4000015258789,79.97,451.83,362.265234375,23.76,26.27,50.14500045776367
2024-09-13 15:00:00+00:00,103.41262817382812,80.05,452.515,362.82,23.8077294921875,26.2997998046875,50.11750030517578
2024-09-16 07:00:00+00:00,103.36000061035156,80.0,451.8755078125,362.06,23.75,26.29,50.192501068115234
2024-09-16 08:00:00+00:00,103.3000030517578,79.91,451.4590625,361.8,23.66,26.26,50.31999969482422
2024-09-16 09:00:00+00:00,103.22000122070312,79.89,451.2887109375,361.48,23.64,26.26,50.275001525878906
2024-09-16 10:00:00+00:00,103.18000030517578,79.86,450.9,360.9,23.58,26.26,50.13999938964844
2024-09-16 11:00:00+00:00,103.06903076171876,79.79,450.59,360.09000000000003,23.47,26.258798828125,50.22499847412109
2024-09-16 12:00:00+00:00,103.0199966430664,79.73,450.3,359.82,23.48,26.23,50.209999084472656
2024-09-16 13:00:00+00:00,103.16000366210938,79.83,450.952109375,359.55,23.45,26.25,50.337501525878906
2024-09-16 14:00:00+00:00,102.8606185913086,79.6505419921875,449.867734375,357.96,23.405,26.18,50.15999984741211
2024-09-16 15:00:00+00:00,102.87999725341795,79.83,451.01,358.69,23.45,26.19,50.165000915527344
2024-09-17 07:00:00+00:00,103.32536315917967,79.93,451.5543359375,360.4398046875,23.57,26.31,50.244998931884766
2024-09-17 08:00:00+00:00,103.3000030517578,79.95,451.57,361.38,23.57027099609375,26.3127099609375,50.15999984741211
2024-09-17 09:00:00+00:00,103.44000244140624,80.09,452.12,361.241171875,23.63,26.33,50.04999923706055
2024-09-17 10:00:00+00:00,103.41999816894533,80.06,452.29,360.9759765625,23.635,26.33,50.022499084472656
2024-09-17 11:00:00+00:00,103.4800033569336,80.12,452.45,361.29,23.655,26.348779296875,50.16749954223633
2024-09-17 12:00:00+00:00,103.5999984741211,80.19,452.91,361.6925390625,23.655,26.34,50.10503005981445
2024-09-17 13:00:00+00:00,103.5199966430664,80.12,453.1008203125,361.71,23.6,26.37,50.05500030517578
2024-09-17 14:00:00+00:00,103.62000274658205,80.26,453.44,361.85,23.6,26.371201171875,50.087501525878906
2024-09-17 15:00:00+00:00,103.8105010986328,80.35000000000001,454.6133203125,362.39,23.63,26.423959960937506,49.95000076293945
2024-09-18 07:00:00+00:00,103.23999786376952,79.89,451.8017578125,360.33,23.49,26.28,50.0
2024-09-18 08:00:00+00:00,103.18000030517578,79.84,451.6061328125,359.86,23.465,26.28,49.97249984741211
2024-09-18 09:00:00+00:00,103.12000274658205,79.8,451.2644140625,359.84000000000003,23.445,26.26760009765625,50.0
2024-09-18 10:00:00+00:00,103.1999969482422,79.82000000000001,451.77578125,360.02,23.485,26.27449951171875,50.10499954223633
2024-09-18 11:00:00+00:00,103.0999984741211,79.83,451.4583984375,360.07,23.485,26.27,50.10749816894531
2024-09-18 12:00:00+00:00,103.18000030517578,79.82000000000001,451.5740234375,360.3008984375,23.46,26.28,50.07749938964844
2024-09-18 13:00:00+00:00,102.87999725341795,79.65,450.141640625,359.32,23.435,26.2,49.98500061035156
2024-09-18 14:00:00+00:00,102.9800033569336,79.7,450.92,359.96,23.4489599609375,26.23,49.997501373291016
2024-09-18 15:00:00+00:00,102.9800033569336,79.72,450.88,359.515,23.435,26.22,50.02750015258789
2024-09-19 07:00:00+00:00,103.9000015258789,80.397470703125,454.44,363.5924609375,23.77,26.41,50.22499847412109
2024-09-19 08:00:00+00:00,103.94000244140624,80.43,454.1689453125,363.08,23.7,26.45,50.29249954223633
2024-09-19 09:00:00+00:00,104.0199966430664,80.48,454.5,363.47,23.735,26.48,50.397499084472656
2024-09-19 10:00:00+00:00,104.27999877929688,80.71000000000001,455.5954296875,364.37,23.75888916015625,26.54,50.34000015258789
2024-09-19 11:00:00+00:00,104.12000274658205,80.54,454.7732421875,363.83734375,23.765,26.471640625,50.3224983215332
2024-09-19 12:00:00+00:00,104.23999786376952,80.69,455.856328125,365.06,23.845,26.49449951171875,50.09749984741211
2024-09-19 13:00:00+00:00,104.12979888916016,80.61,455.0207421875,365.24,23.925,26.47,50.09249877929688
2024-09-19 14:00:00+00:00,104.0999984741211,80.73,455.49640625,365.986953125,23.945,26.47,50.17250061035156
2024-09-19 15:00:00+00:00,104.0999984741211,80.73,455.6477734375,366.47,24.0075,26.49,50.244998931884766
2024-09-20 07:00:00+00:00,103.81999969482422,80.3277587890625,453.7015234375,364.11,23.855,26.49,50.692501068115234
2024-09-20 08:00:00+00:00,103.77999877929688,80.2676220703125,453.74,363.8406640625,23.825,26.51449951171875,50.727500915527344
2024-09-20 09:00:00+00:00,103.77999877929688,80.27372070312501,453.88,363.7,23.82,26.55,50.68000030517578
2024-09-20 10:00:00+00:00,103.81279754638672,80.31,454.0255859375,363.5791015625,23.77410888671875,26.55125,50.79999923706055
2024-09-20 11:00:00+00:00,103.73999786376952,80.24,453.6944921875,363.67,23.785,26.53,50.8224983215332
2024-09-20 12:00:00+00:00,103.6999969482422,80.2,453.58,363.94,23.81,26.53,50.869998931884766
2024-09-20 13:00:00+00:00,103.5,80.19,453.42,364.36,23.86,26.49,50.6875
2024-09-20 14:00:00+00:00,103.4000015258789,80.01,452.9,363.05,23.78,26.47,50.82749938964844
2024-09-20 15:00:00+00:00,103.41999816894533,80.02,452.82609375,362.52,23.735,26.4552197265625,50.790000915527344
2024-09-23 07:00:00+00:00,103.8938980102539,80.33,454.66,365.35,23.895,26.56,50.86249923706055
2024-09-23 08:00:00+00:00,103.8270034790039,80.3,454.8491015625,365.04859375,23.855,26.5502001953125,50.88750076293945
2024-09-23 09:00:00+00:00,103.8000030517578,80.28,454.720234375,365.32,23.875,26.55,50.977500915527344
2024-09-23 10:00:00+00:00,103.68000030517578,80.19,454.26,364.99,23.81,26.51342041015625,50.959999084472656
2024-09-23 11:00:00+00:00,103.63999938964844,80.16,453.77,364.35,23.795,26.50010009765625,51.01499938964844
2024-09-23 12:00:00+00:00,103.61139678955078,80.11,453.282265625,364.36,23.75,26.52,51.0724983215332
2024-09-23 13:00:00+00:00,103.55999755859376,80.12,452.856953125,363.78,23.695,26.59,51.1775016784668
2024-09-23 14:00:00+00:00,103.58000183105467,80.07000000000001,453.25,363.84,23.68,26.611201171875,51.147499084472656
2024-09-23 15:00:00+00:00,103.5,80.05,453.04,363.67,23.69,26.5689990234375,51.17250061035156
2024-09-24 07:00:00+00:00,103.91999816894533,80.29,454.077890625,365.004921875,23.775,26.9,51.10749816894531
2024-09-24 08:00:00+00:00,103.73999786376952,80.17,453.5,364.49,23.75,26.908999023437502,51.1150016784668
2024-09-24 09:00:00+00:00,103.76000213623048,80.11,453.0877734375,363.9198828125,23.715,26.9489990234375,51.147499084472656
2024-09-24 10:00:00+00:00,103.81999969482422,80.13,453.0,363.97,23.715,27.0,51.20000076293945
2024-09-24 11:00:00+00:00,103.68000030517578,80.02,452.791328125,363.91,23.665,26.9602001953125,51.087501525878906
2024-09-24 12:00:00+00:00,103.63999938964844,79.99,451.98,363.36,23.675,27.02,51.17499923706055
2024-09-24 13:00:00+00:00,103.5999984741211,79.93,451.879296875,363.21,23.54,27.09,51.25249862670898
2024-09-24 14:00:00+00:00,103.62000274658205,79.89,451.50171875,362.07109375,23.54930908203125,27.06,51.4275016784668
2024-09-24 15:00:00+00:00,103.70999908447266,80.0,452.135,363.44,23.655,27.12,51.45249938964844
2024-09-25 07:00:00+00:00,103.68000030517578,80.0681982421875,452.49,363.219296875,23.715,26.97,51.657501220703125
2024-09-25 08:00:00+00:00,103.73999786376952,80.10000000000001,452.6,363.16,23.695,27.02969970703125,51.625
2024-09-25 09:00:00+00:00,103.8000030517578,80.15,452.91,363.56,23.735,27.04449951171875,51.62749862670898
2024-09-25 10:00:00+00:00,104.01000213623048,80.25,453.458125,363.7691015625,23.73,27.1,51.630001068115234
2024-09-25 11:00:00+00:00,103.97599792480467,80.26,453.41,364.11,23.765,27.16,51.66999816894531
2024-09-25 12:00:00+00:00,103.8000030517578,80.15,452.74,363.73,23.76,27.1,51.69499969482422
2024-09-25 13:00:00+00:00,103.7760009765625,80.04,452.83,365.22,23.91,27.09761962890625,51.790000915527344
2024-09-25 14:00:00+00:00,103.95999908447266,80.23,453.625546875,365.74,23.99,27.18,51.6974983215332
2024-09-25 15:00:00+00:00,104.0199966430664,80.19,453.705,365.88,23.97,27.19,51.66999816894531
2024-09-26 07:00:00+00:00,105.02377319335938,80.97,457.2848828125,371.51796875,24.38,27.6,51.81499862670898
2024-09-26 08:00:00+00:00,105.0,80.93,457.0042578125,370.9087890625,24.34,27.64,51.88999938964844
2024-09-26 09:00:00+00:00,105.0,80.86,456.7,370.74,24.325,27.73783935546875,51.880001068115234
2024-09-26 10:00:00+00:00,104.9000015258789,80.8,456.2675390625,370.49,24.31,27.7689990234375,51.970001220703125
2024-09-26 11:00:00+00:00,104.95999908447266,80.79,456.2155078125,370.67,24.295,27.8189990234375,52.15499877929688
2024-09-26 12:00:00+00:00,105.0999984741211,80.87,456.42,370.98,24.34,28.01,52.040000915527344
2024-09-26 13:00:00+00:00,104.95999908447266,80.78,455.84,369.49,24.2877490234375,27.9,51.709999084472656
2024-09-26 14:00:00+00:00,104.31999969482422,80.65,453.0,365.1,23.95,27.66299072265625,51.83250045776367
2024-09-26 15:00:00+00:00,104.31999969482422,80.2868798828125,452.3,365.295,23.98,27.75,51.91749954223633
2024-09-27 07:00:00+00:00,104.45999908447266,80.4,453.8,366.68,24.055,27.82,51.82500076293945
2024-09-27 08:00:00+00:00,104.68000030517578,80.481650390625,454.28,367.03,24.075,27.97,51.77999877929688
2024-09-27 09:00:00+00:00,104.6999969482422,80.54,454.12,367.12,24.065,27.911201171875,51.8025016784668
2024-09-27 10:00:00+00:00,104.5999984741211,80.46000000000001,453.68,366.58,24.07,27.8593408203125,51.8025016784668
2024-09-27 11:00:00+00:00,104.66000366210938,80.57000000000001,454.206796875,367.54,24.145,27.878798828125,51.82749938964844
2024-09-27 12:00:00+00:00,104.60005950927734,80.48,453.69,366.96,24.1009912109375,27.81126953125,51.92499923706055
2024-09-27 13:00:00+00:00,104.69200134277344,80.54,454.41,367.07,24.02,27.90654052734375,51.83000183105469
2024-09-27 14:00:00+00:00,104.77999877929688,80.60000000000001,454.435,366.3887890625,23.955,27.88,51.52000045776367
2024-09-27 15:00:00+00:00,104.6999969482422,80.58,454.224453125,365.92,23.88949951171875,27.870439453125,51.58250045776367
2024-09-30 07:00:00+00:00,104.55001068115234,80.43,453.08203125,365.28,23.85,27.83,51.560001373291016
2024-09-30 08:00:00+00:00,104.36000061035156,80.24,452.13,363.98171875,23.8,27.77,51.5724983215332
2024-09-30 09:00:00+00:00,104.4800033569336,80.34,452.90078125,364.72140625,23.84,27.81,51.540000915527344
2024-09-30 10:00:00+00:00,104.27999877929688,80.235830078125,452.41,364.56,23.8122802734375,27.80712890625,51.26250076293945
2024-09-30 11:00:00+00:00,104.16000366210938,80.11,451.6,363.17,23.71,27.69,51.34749984741211
2024-09-30 12:00:00+00:00,104.31999969482422,80.24,452.2644140625,364.4244921875,23.78,27.7443994140625,51.27999877929688
2024-09-30 13:00:00+00:00,104.37879943847656,80.29,452.78,365.43,23.86,27.72,51.247501373291016
2024-09-30 14:00:00+00:00,104.0999984741211,80.29,452.54,363.99859375,23.815,27.544609375,51.21500015258789
2024-09-30 15:00:00+00:00,104.13999938964844,80.3,452.83,365.065,23.915,27.54639892578125,51.18000030517578
2024-10-01 07:00:00+00:00,104.91999816894533,80.8,456.69234375,368.05,24.175,27.63,51.442501068115234
2024-10-01 08:00:00+00:00,104.9800033569336,80.86,456.74,367.763984375,24.125,27.66,51.45000076293945
2024-10-01 09:00:00+00:00,105.0,80.84453125,456.8489453125,368.18,24.145,27.69550048828125,51.497501373291016
2024-10-01 10:00:00+00:00,105.12000274658205,80.95,457.5757421875,368.92,24.18,27.75681884765625,51.50749969482422
2024-10-01 11:00:00+00:00,105.0999984741211,80.91,457.3,368.3391015625,24.11,27.7389990234375,51.5
2024-10-01 12:00:00+00:00,105.05919647216795,80.91,457.31,368.21,24.095,27.74,51.5525016784668
2024-10-01 13:00:00+00:00,104.54000091552734,80.46000000000001,454.47546875,364.58,23.765,27.7,51.84999847412109
2024-10-01 14:00:00+00:00,104.41999816894533,80.57000000000001,453.6,362.86,23.62,27.6197998046875,51.69499969482422
2024-10-01 15:00:00+00:00,104.45999908447266,80.44,454.265,362.63,23.57,27.67,51.8224983215332
2024-10-02 07:00:00+00:00,104.81999969482422,80.47,453.79,363.55,23.54,28.35,51.622501373291016
2024-10-02 08:00:00+00:00,104.68000030517578,80.36,453.45,363.13328125,23.525,28.2697998046875,51.567501068115234
2024-10-02 09:00:00+00:00,104.55919647216795,80.23,452.8780078125,362.5056640625,23.435,28.25639892578125,51.567501068115234
2024-10-02 10:00:00+00:00,104.81773376464844,80.39,453.9744921875,363.62,23.51,28.4175,51.4900016784668
2024-10-02 11:00:00+00:00,104.54000091552734,80.21000000000001,453.01,362.98,23.5,28.30887939453125,51.5
2024-10-02 12:00:00+00:00,104.81999969482422,80.43,454.25,364.34,23.62449951171875,28.34,51.51499938964844
2024-10-02 13:00:00+00:00,104.67185974121094,80.16,453.998515625,363.39,23.565,28.11,51.70000076293945
2024-10-02 14:00:00+00:00,105.0,80.49,455.46,365.38,23.765,28.136599121093752,51.494998931884766
2024-10-02 15:00:00+00:00,104.97000122070312,80.65,455.67,365.83,23.82197998046875,28.09,51.470001220703125
2024-10-03 07:00:00+00:00,105.18000030517578,80.8,456.82,365.9712890625,23.835,28.23,51.41749954223633
2024-10-03 08:00:00+00:00,105.58000183105467,81.12,458.9221875,367.481015625,23.97,28.28,51.41749954223633
2024-10-03 09:00:00+00:00,105.57089233398438,81.13,459.11,367.59,24.0,28.26639892578125,51.415000915527344
2024-10-03 10:00:00+00:00,105.68000030517578,81.2,459.32921875,368.2208984375,24.025,28.22,51.45000076293945
2024-10-03 11:00:00+00:00,105.86000061035156,81.33,460.2355859375,368.7,24.07,28.2743994140625,51.47249984741211
2024-10-03 12:00:00+00:00,105.5199966430664,81.1848193359375,459.56,367.85,24.025,28.1197998046875,51.352500915527344
2024-10-03 13:00:00+00:00,105.68000030517578,81.21000000000001,460.2040625,369.78,24.24,28.3022607421875,51.435001373291016
2024-10-03 14:00:00+00:00,105.63999938964844,81.2097314453125,460.2209375,368.65,24.17,28.18,51.51499938964844
2024-10-03 15:00:00+00:00,105.63999938964844,81.08,459.539140625,369.13,24.165,28.25,51.52999877929688
2024-10-04 07:00:00+00:00,105.66000366210938,81.12,459.05,368.6430078125,24.145,28.48,51.75
2024-10-04 08:00:00+00:00,105.5,81.04,458.57,368.43,24.09,28.4002001953125,51.6875
2024-10-04 09:00:00+00:00,105.51558685302734,81.0518896484375,458.73,368.4,24.12,28.37,51.65499877929688
2024-10-04 10:00:00+00:00,105.5199966430664,81.06,458.909765625,368.68,24.12,28.34,51.67250061035156
2024-10-04 11:00:00+00:00,105.59919738769533,81.11,459.22,368.931015625,24.175,28.3643994140625,51.75749969482422
2024-10-04 12:00:00+00:00,106.6570281982422,82.00529296875,465.1,374.9,24.6,28.52,51.275001525878906
2024-10-04 13:00:00+00:00,106.12000274658205,81.81,462.8727734375,371.45984375,24.29,28.4,51.584999084472656
2024-10-04 14:00:00+00:00,106.05999755859376,81.5,461.424921875,371.5178125,24.295,28.40639892578125,51.66999816894531
2024-10-04 15:00:00+00:00,105.942626953125,81.46000000000001,461.0426171875,371.0,24.275,28.38,51.692501068115234
2024-10-07 07:00:00+00:00,106.23023223876952,81.52,462.32,372.13,24.305,28.7,51.5625
2024-10-07 08:00:00+00:00,106.33999633789062,81.67,463.04,372.2,24.285,28.7,51.557498931884766
2024-10-07 09:00:00+00:00,106.44000244140624,81.72671875,463.0385546875,372.1873828125,24.275,28.77,51.650001525878906
2024-10-07 10:00:00+00:00,106.55999755859376,81.79,463.52,372.5919921875,24.345,28.8,51.63249969482422
2024-10-07 11:00:00+00:00,106.49919891357422,81.77,462.7774609375,372.3387109375,24.345,28.76028076171875,51.68000030517578
2024-10-07 12:00:00+00:00,106.55999755859376,81.82000000000001,463.78,372.72,24.35,28.76,51.290000915527344
2024-10-07 13:00:00+00:00,106.5999984741211,81.83,463.64234375,372.42,24.42,28.76169921875,51.369998931884766
2024-10-07 14:00:00+00:00,106.55999755859376,81.8438916015625,463.89,373.69,24.545,28.66,51.36249923706055
2024-10-07 15:00:00+00:00,106.52999877929688,81.85000000000001,463.79,373.18,24.555,28.68,51.42250061035156
2024-10-08 07:00:00+00:00,105.41999816894533,81.19,460.325,369.9,24.35,27.84,51.1974983215332
2024-10-08 08:00:00+00:00,105.5199966430664,81.23,460.8016796875,370.21,24.405,27.7810009765625,51.28499984741211
2024-10-08 09:00:00+00:00,105.73999786376952,81.44,462.2,371.3401171875,24.48,27.91,51.36000061035156
2024-10-08 10:00:00+00:00,105.86000061035156,81.48,461.83,371.25,24.455,27.9543994140625,51.442501068115234
2024-10-08 11:00:00+00:00,105.91999816894533,81.46000000000001,461.82,371.38,24.44,28.11742919921875,51.52999877929688
2024-10-08 12:00:00+00:00,105.87999725341795,81.46000000000001,461.86,371.17,24.44,28.0243994140625,51.42499923706055
2024-10-08 13:00:00+00:00,105.95999908447266,81.41,462.363515625,372.44,24.57,28.03243896484375,51.307498931884766
2024-10-08 14:00:00+00:00,106.18000030517578,81.7,463.81,374.26,24.745,28.1362109375,50.95750045776367
2024-10-08 15:00:00+00:00,106.16999816894533,81.71000000000001,464.05,374.505,24.7225,28.055,50.72999954223633
2024-10-09 07:00:00+00:00,106.0199966430664,81.71000000000001,464.08,374.42,24.79,27.79,50.76499938964844
2024-10-09 08:00:00+00:00,106.0,81.72,464.554375,375.008984375,24.83926025390625,27.78756103515625,50.83250045776367
2024-10-09 09:00:00+00:00,106.12000274658205,81.78,464.55,375.07,24.84,27.92,50.88999938964844
2024-10-09 10:00:00+00:00,106.0999984741211,81.78,464.74,375.2294921875,24.85,27.841650390625,50.95750045776367
2024-10-09 11:00:00+00:00,106.13999938964844,81.77700195312501,465.16,375.359296875,24.795,27.85,50.91249847412109
2024-10-09 12:00:00+00:00,106.0199966430664,81.79,464.8602734375,375.38,24.84,27.79,50.90999984741211
2024-10-09 13:00:00+00:00,106.27999877929688,81.93,465.6941796875,375.16125,24.835,27.91,50.74250030517578
2024-10-09 14:00:00+00:00,106.5199966430664,82.11,466.5963671875,377.2556640625,24.98,27.9556005859375,50.75749969482422
2024-10-09 15:00:00+00:00,106.62000274658205,82.22,467.13,377.34,25.02,28.02,50.79499816894531
2024-10-10 07:00:00+00:00,106.63809967041016,82.2,467.84,378.14,25.06,28.01,50.872501373291016
2024-10-10 08:00:00+00:00,106.68000030517578,82.22,468.141171875,378.54,25.06,27.980200195312506,50.84999847412109
2024-10-10 09:00:00+00:00,106.72824096679688,82.27,468.27,378.6005078125,25.04510986328125,28.04969970703125,50.880001068115234
2024-10-10 10:00:00+00:00,106.57379913330078,82.15,467.53,378.104296875,25.01,28.01,50.869998931884766
2024-10-10 11:00:00+00:00,106.8000030517578,82.33,468.47,378.89,25.09,28.04,50.79499816894531
2024-10-10 12:00:00+00:00,106.55999755859376,82.12,467.34,377.34,24.945,28.02,51.01499938964844
2024-10-10 13:00:00+00:00,106.6999969482422,82.23,468.5,378.01140625,25.03,27.9235107421875,51.060001373291016
2024-10-10 14:00:00+00:00,106.70850372314452,82.31,468.126484375,378.4282421875,25.1,28.0,51.02999877929688
2024-10-10 15:00:00+00:00,106.91000366210938,82.42,469.11,379.51,25.145,28.08,51.005001068115234
2024-10-11 07:00:00+00:00,106.68000030517578,82.28,468.14,378.48921875,25.18,27.91424072265625,51.4375
2024-10-11 08:00:00+00:00,106.58000183105467,82.15,467.17,377.3991015625,25.1,27.8843994140625,51.33250045776367
2024-10-11 09:00:00+00:00,106.58000183105467,82.17,467.46,377.83,25.13,27.92243896484375,51.28749847412109
2024-10-11 10:00:00+00:00,106.77999877929688,82.32000000000001,468.14828125,378.2050390625,25.16,27.97,51.34749984741211
2024-10-11 11:00:00+00:00,106.77439880371094,82.32000000000001,468.2744140625,378.13,25.11,27.98967041015625,51.41999816894531
2024-10-11 12:00:00+00:00,106.72000122070312,82.31,468.53,378.02,25.11447021484375,27.99,51.38999938964844
2024-10-11 13:00:00+00:00,107.00672912597656,82.47,468.9247265625,377.54,25.04303955078125,28.03,51.52750015258789
2024-10-11 14:00:00+00:00,107.26470184326172,82.79,470.25,378.7091796875,25.11,28.0947607421875,51.56999969482422
2024-10-11 15:00:00+00:00,107.4000015258789,82.73,470.230703125,378.46,25.12,28.21,51.70000076293945
2024-10-14 07:00:00+00:00,107.518798828125,82.90056640625001,471.4,379.748984375,25.14,28.14028076171875,51.71749877929688
2024-10-14 08:00:00+00:00,107.34980010986328,82.82000000000001,471.23,379.6576953125,25.16,28.11,51.70750045776367
2024-10-14 09:00:00+00:00,107.5187530517578,82.93,472.09,380.4,25.19,28.13,51.682498931884766
2024-10-14 10:00:00+00:00,107.4800033569336,82.89,472.0903125,380.68,25.264541015625,28.1,51.64500045776367
2024-10-14 11:00:00+00:00,107.58000183105467,83.05,472.6127734375,381.28,25.31,28.11,51.5625
2024-10-14 12:00:00+00:00,107.76000213623048,83.10576171875,473.23,381.9108984375,25.33,28.13,51.52750015258789
2024-10-14 13:00:00+00:00,108.0999984741211,83.32000000000001,474.3071484375,383.800703125,25.59,28.31,51.67499923706055
2024-10-14 14:00:00+00:00,107.91329956054688,83.23,473.86,381.809140625,25.43264892578125,28.221650390625,51.41999816894531
2024-10-14 15:00:00+00:00,107.95999908447266,83.29,474.145,381.68,25.41,28.18,51.45500183105469
2024-10-15 07:00:00+00:00,107.72000122070312,83.27,474.95,382.09,25.45,27.8524609375,51.525001525878906
2024-10-15 08:00:00+00:00,107.63999938964844,83.17,474.27,381.65859375,25.4,27.8247998046875,51.59999847412109
2024-10-15 09:00:00+00:00,107.5999984741211,83.12,473.961171875,381.539453125,25.39,27.802438964843752,51.584999084472656
2024-10-15 10:00:00+00:00,107.63999938964844,83.165732421875,474.35484375,381.94,25.44,27.78287109375,51.57749938964844
2024-10-15 11:00:00+00:00,107.72000122070312,83.16,474.24,382.219296875,25.47,27.891630859375,51.47499847412109
2024-10-15 12:00:00+00:00,107.58000183105467,83.2,474.2340625,382.2776953125,25.4785302734375,27.87,51.48749923706055
2024-10-15 13:00:00+00:00,107.5,83.11,474.0,382.13,25.44,27.84,51.4900016784668
2024-10-15 14:00:00+00:00,107.0999984741211,82.750869140625,471.92546875,377.84,25.08,27.7,51.709999084472656
2024-10-15 15:00:00+00:00,107.12989807128906,82.8,472.29,377.76,25.06,27.624169921875,51.782501220703125
2024-10-16 07:00:00+00:00,107.55999755859376,83.07000000000001,473.7856640625,380.22,25.24,27.90243896484375,52.01750183105469
2024-10-16 08:00:00+00:00,107.4800033569336,82.98,473.553046875,379.51,25.19,27.890200195312502,52.09249877929688
2024-10-16 09:00:00+00:00,107.4000015258789,82.93,473.08,379.1508984375,25.17,27.88048095703125,52.10499954223633
2024-10-16 10:00:00+00:00,107.41999816894533,82.94,473.34,379.43,25.18,27.8606005859375,51.994998931884766
2024-10-16 11:00:00+00:00,107.4000015258789,82.916513671875,472.9657421875,379.06,25.15,27.8843994140625,52.06499862670898
2024-10-16 12:00:00+00:00,107.41999816894533,82.97,472.877421875,379.21,25.15,27.89029052734375,52.12749862670898
2024-10-16 13:00:00+00:00,107.26080322265624,82.86,472.23,376.68,24.9,27.89010009765625,51.98249816894531
2024-10-16 14:00:00+00:00,107.58000183105467,83.01,473.26,377.89,25.02,27.98302978515625,51.97999954223633
2024-10-16 15:00:00+00:00,107.63999938964844,83.09,473.880703125,378.8,25.13,28.02,52.01750183105469
2024-10-17 07:00:00+00:00,108.05999755859376,83.52860351562501,477.2,382.03,25.46,27.89639892578125,52.13249969482422
2024-10-17 08:00:00+00:00,108.36000061035156,83.72,478.27,382.9491015625,25.56,27.92,52.1150016784668
2024-10-17 09:00:00+00:00,108.23999786376952,83.66,477.99,382.54,25.51,27.88760009765625,52.08000183105469
2024-10-17 10:00:00+00:00,108.1999969482422,83.66,477.575703125,382.73,25.56,27.9,52.244998931884766
2024-10-17 11:00:00+00:00,108.05484008789062,83.55,477.07,382.35,25.55,27.866640625,52.13249969482422
2024-10-17 12:00:00+00:00,108.23999786376952,83.69,477.7677734375,383.28,25.64,27.86090087890625,52.10499954223633
2024-10-17 13:00:00+00:00,108.12000274658205,83.59,477.33,381.31,25.46,27.8597998046875,52.29499816894531
2024-10-17 14:00:00+00:00,107.95999908447266,83.48,476.4637890625,380.68,25.44,27.92,52.415000915527344
2024-10-17 15:00:00+00:00,108.03900146484376,83.5,476.75,381.34,25.5,27.885,52.3650016784668
2024-10-18 07:00:00+00:00,107.81999969482422,83.22412109375,474.58328125,379.74,25.38,28.1,52.53499984741211
2024-10-18 08:00:00+00:00,107.94000244140624,83.3,475.48,380.39,25.36,28.1489990234375,52.58000183105469
2024-10-18 09:00:00+00:00,107.94190216064452,83.31,475.26,379.97,25.37,28.15,52.70000076293945
2024-10-18 10:00:00+00:00,107.87999725341795,83.23,474.85,380.2294921875,25.39,28.18,52.75
2024-10-18 11:00:00+00:00,108.0,83.36,475.32,380.648515625,25.44,28.1702001953125,52.66749954223633
2024-10-18 12:00:00+00:00,107.95999908447266,83.30537109375,475.23,380.66,25.46,28.1689990234375,52.6875114440918
2024-10-18 13:00:00+00:00,107.6999969482422,83.2,474.59,381.4,25.4,28.04,52.790000915527344
2024-10-18 14:00:00+00:00,107.94000244140624,83.36,475.47,380.73,25.35,28.08,52.8224983215332
2024-10-18 15:00:00+00:00,107.9800033569336,83.4,475.5493359375,381.55,25.41,28.03,52.834999084472656
2024-10-21 07:00:00+00:00,108.04000091552734,83.51,476.44,380.78,25.39,27.8756005859375,53.07500076293945
2024-10-21 08:00:00+00:00,107.9800033569336,83.47,476.3000390625,381.008984375,25.39,27.88722900390625,53.10499954223633
2024-10-21 09:00:00+00:00,107.87999725341795,83.4,476.0649609375,380.583671875,25.35,27.80909912109375,53.150001525878906
2024-10-21 10:00:00+00:00,107.6999969482422,83.23,475.43,379.61,25.26,27.76756103515625,53.125
2024-10-21 11:00:00+00:00,107.66000366210938,83.207001953125,475.11,379.188359375,25.25,27.75,53.16249847412109
2024-10-21 12:00:00+00:00,107.72000122070312,83.26,475.3,379.81,25.3,27.79347900390625,53.2400016784668
2024-10-21 13:00:00+00:00,107.91999816894533,83.4,476.2279296875,381.72453125,25.5,27.88,53.2400016784668
2024-10-21 14:00:00+00:00,107.8000030517578,83.39,475.87,381.26,25.48,27.85756103515625,53.00249862670898
2024-10-21 15:00:00+00:00,107.53900146484376,83.28,474.8727734375,380.37,25.415,27.775,52.89250183105469
2024-10-22 07:00:00+00:00,107.5,83.09,475.3,381.7077734375,25.55,27.74243896484375,53.14500045776367
2024-10-22 08:00:00+00:00,107.55999755859376,83.08,475.3891015625,381.63,25.56,27.76551025390625,53.16999816894531
2024-10-22 09:00:00+00:00,107.45999908447266,83.03,475.37,381.2258984375,25.55,27.695380859375,53.07500076293945
2024-10-22 10:00:00+00:00,107.41999816894533,83.01,475.29,381.23,25.57,27.71,53.247501373291016
2024-10-22 11:00:00+00:00,107.44499969482422,83.02,475.554921875,381.47203125,25.58,27.7644091796875,53.10499954223633
2024-10-22 12:00:00+00:00,107.62000274658205,83.10000000000001,475.63,381.722421875,25.6,27.8,53.185001373291016
2024-10-22 13:00:00+00:00,107.72000122070312,83.18,476.31,382.8989453125,25.64,27.87,53.1875
2024-10-22 14:00:00+00:00,107.72000122070312,83.18,475.99,383.16828125,25.64,27.89,53.29249954223633
2024-10-22 15:00:00+00:00,107.5999984741211,83.17,476.10609375,382.83,25.63,27.82,53.27999877929688
2024-10-23 07:00:00+00:00,107.8000030517578,83.24,477.3244140625,383.76,25.72,27.9,53.54999923706055
2024-10-23 08:00:00+00:00,107.5199966430664,83.03361328125,476.119453125,382.8516015625,25.67,27.8,53.595001220703125
2024-10-23 09:00:00+00:00,107.5999984741211,83.11,476.46,383.13,25.66,27.827041015625,53.45500183105469
2024-10-23 10:00:00+00:00,107.43900299072266,83.02,476.2123046875,382.6412109375,25.63,27.786989746093752,53.477500915527344
2024-10-23 11:00:00+00:00,107.61199951171876,83.176962890625,476.9,383.6,25.7,27.81,53.44499969482422
2024-10-23 12:00:00+00:00,107.4990005493164,83.06,476.554140625,383.19,25.69,27.77,53.31999969482422
2024-10-23 13:00:00+00:00,107.62000274658205,83.05,476.38,383.188984375,25.65,27.85,53.212501525878906
2024-10-23 14:00:00+00:00,107.47899627685548,83.07000000000001,476.14,382.41,25.62,27.78760009765625,52.869998931884766
2024-10-23 15:00:00+00:00,107.3000030517578,82.865,474.94,380.98,25.53,27.77,52.744998931884766
2024-10-24 07:00:00+00:00,107.5199966430664,83.11,475.7006640625,381.84390625,25.5,27.7281005859375,53.14500045776367
2024-10-24 08:00:00+00:00,107.55999755859376,83.14267578125,475.7,381.652109375,25.49,27.7,53.20249938964844
2024-10-24 09:00:00+00:00,107.4800033569336,83.09029296875,475.443203125,381.48,25.46,27.67989990234375,53.20249938964844
2024-10-24 10:00:00+00:00,107.45999908447266,83.08,475.336171875,381.58,25.48,27.6875390625,53.209999084472656
2024-10-24 11:00:00+00:00,107.45999908447266,83.13,475.7556640625,382.09,25.49,27.65449951171875,53.25
2024-10-24 12:00:00+00:00,107.36000061035156,83.01,475.254375,381.4,25.47,27.61,53.23746871948242
2024-10-24 13:00:00+00:00,107.22000122070312,82.88,474.12,380.2196484375,25.35,27.58,53.157501220703125
2024-10-24 14:00:00+00:00,107.16000366210938,82.85000000000001,474.4,380.5,25.31,27.58742919921875,53.084999084472656
2024-10-24 15:00:00+00:00,107.12000274658205,82.81,474.23,380.91,25.35,27.58,53.09999847412109
2024-10-25 07:00:00+00:00,107.4000015258789,82.89,475.21,382.35875,25.47,27.63639892578125,53.025001525878906
2024-10-25 08:00:00+00:00,107.31999969482422,82.96000000000001,474.86,382.07,25.4,27.63,52.852500915527344
2024-10-25 09:00:00+00:00,107.37999725341795,82.97,475.0344140625,382.1841015625,25.38,27.67,52.88249969482422
2024-10-25 10:00:00+00:00,107.26000213623048,82.91,475.0,381.9991015625,25.37,27.64,52.900001525878906
2024-10-25 11:00:00+00:00,107.31999969482422,82.96000000000001,474.9527734375,382.4,25.39,27.624399414062506,52.970001220703125
2024-10-25 12:00:00+00:00,107.4000015258789,83.03,475.1,382.7193359375,25.47,27.65,53.10499954223633
2024-10-25 13:00:00+00:00,107.5199966430664,83.22,476.73,385.8759765625,25.68340087890625,27.66,53.03499984741211
2024-10-25 14:00:00+00:00,107.66000366210938,83.33,477.41,386.0,25.71,27.7043994140625,53.21749877929688
2024-10-25 15:00:00+00:00,107.5199966430664,83.11,477.08,385.8642578125,25.67260986328125,27.66,53.29999923706055
2024-10-28 08:00:00+00:00,107.66000366210938,83.25,476.87,386.67,25.74,27.6624609375,53.14500045776367
2024-10-28 09:00:00+00:00,107.62000274658205,83.18,477.0446484375,386.87078125,25.73,27.6510009765625,53.060001373291016
2024-10-28 10:00:00+00:00,107.44000244140624,83.04,476.18375,386.035,25.68,27.62,53.1150016784668
2024-10-28 11:00:00+00:00,107.23999786376952,82.95,475.363203125,385.4444921875,25.63,27.6097021484375,53.119998931884766
2024-10-28 12:00:00+00:00,107.45999908447266,83.07000000000001,476.1469140625,386.25,25.7,27.62876953125,53.14500045776367
2024-10-28 13:00:00+00:00,107.36000061035156,83.05,475.528828125,384.36,25.55,27.69,53.282501220703125
2024-10-28 14:00:00+00:00,107.45999908447266,83.13,475.6066015625,384.5787890625,25.56,27.73,53.36751174926758
2024-10-28 15:00:00+00:00,107.43499755859376,83.07000000000001,475.2357421875,384.088046875,25.51,27.73,53.3025016784668
2024-10-28 16:00:00+00:00,107.5250015258789,83.12,475.525,384.305546875,25.54,27.73,53.33250045776367
2024-10-29 08:00:00+00:00,107.58000183105467,83.15,475.4663671875,383.967890625,25.53,27.710849609375,53.540000915527344
2024-10-29 09:00:00+00:00,107.68000030517578,83.19,475.27015625,383.79,25.47,27.8064990234375,53.50249862670898
2024-10-29 10:00:00+00:00,107.52999877929688,83.10000000000001,474.7761328125,383.73,25.47,27.7831591796875,53.46500015258789
2024-10-29 11:00:00+00:00,107.37999725341795,82.96000000000001,474.38765625,383.38,25.48,27.778181152343752,53.505001068115234
2024-10-29 12:00:00+00:00,107.27999877929688,82.894970703125,474.1895703125,383.4,25.45,27.71,53.505001068115234
2024-10-29 13:00:00+00:00,107.5199966430664,82.82000000000001,474.52765625,383.98,25.59,27.7,53.720001220703125
2024-10-29 14:00:00+00:00,107.3449935913086,82.94,474.24,384.8591015625,25.6,27.64,53.84000015258789
2024-10-29 15:00:00+00:00,107.27999877929688,82.9,474.6646875,385.11,25.66,27.66,53.72999954223633
2024-10-29 16:00:00+00:00,107.26000213623048,82.91,474.63,385.0,25.655,27.63,53.8125
2024-10-30 08:00:00+00:00,107.13999938964844,82.92,475.34,386.65,25.67,27.45,54.06499862670898
2024-10-30 09:00:00+00:00,107.31999969482422,83.022373046875,476.24,387.13,25.66,27.45320068359375,54.132511138916016
2024-10-30 10:00:00+00:00,107.36000061035156,83.07000000000001,476.53,388.15,25.7410009765625,27.47763916015625,54.04000854492188
2024-10-30 11:00:00+00:00,107.27999877929688,82.99,476.31,387.88,25.74,27.46679931640625,54.02000045776367
2024-10-30 12:00:00+00:00,107.36000061035156,83.04,477.09171875,388.1553515625,25.76,27.44389892578125,54.09749984741211
2024-10-30 13:00:00+00:00,107.54000091552734,82.93,476.12,385.35,25.55,27.41,54.01499938964844
2024-10-30 14:00:00+00:00,107.22000122070312,82.91,475.05,385.75,25.54,27.42,54.05500030517578
2024-10-30 15:00:00+00:00,107.22000122070312,82.99,475.887109375,385.8,25.516889648437505,27.415390625,54.130001068115234
2024-10-30 16:00:00+00:00,107.16000366210938,82.88,475.53,385.69,25.49,27.37,54.18000030517578
2024-10-31 08:00:00+00:00,106.3000030517578,82.25,471.02,380.4,25.1,27.2689990234375,54.03499984741211
2024-10-31 09:00:00+00:00,106.3000030517578,82.22,470.98,380.33,25.08,27.28,54.01499938964844
2024-10-31 10:00:00+00:00,106.3000030517578,82.21000000000001,470.71,380.6609765625,25.12,27.28,54.04249954223633
2024-10-31 11:00:00+00:00,106.4800033569336,82.32000000000001,471.810546875,381.72,25.21,27.36,54.03749847412109
2024-10-31 12:00:00+00:00,106.44000244140624,82.31,471.59,381.54,25.14,27.39,53.92250061035156
2024-10-31 13:00:00+00:00,106.31999969482422,82.16,470.78,378.8,24.81,27.30449951171875,53.57749938964844
2024-10-31 14:00:00+00:00,106.16000366210938,82.33,470.22,378.6408984375,24.825,27.33072998046875,53.1775016784668
2024-10-31 15:00:00+00:00,106.4800033569336,82.3,471.3365234375,379.4003125,24.84635009765625,27.42010986328125,53.26499938964844
2024-10-31 16:00:00+00:00,106.45999908447266,82.32000000000001,471.20078125,379.195,24.86,27.44,53.310001373291016
2024-11-01 08:00:00+00:00,106.3000030517578,82.11,469.29,378.37,24.77,27.56449951171875,53.52251052856445
2024-11-01 09:00:00+00:00,106.36000061035156,82.10000000000001,469.39,378.25,24.755,27.56,53.49250030517578
2024-11-01 10:00:00+00:00,106.44000244140624,82.18,469.75,378.6,24.76822021484375,27.56,53.442501068115234
2024-11-01 11:00:00+00:00,106.37999725341795,82.19,469.543828125,378.25625,24.705,27.58,53.51250076293945
2024-11-01 12:00:00+00:00,106.33999633789062,82.09,468.59,377.65,24.64,27.58797119140625,53.54999923706055
2024-11-01 13:00:00+00:00,107.0,82.09611328125,469.197890625,378.84,24.74,27.5652001953125,53.595001220703125
2024-11-01 14:00:00+00:00,106.45999908447266,82.14,470.299765625,379.17921875,24.79,27.50072021484375,53.40999984741211
2024-11-01 15:00:00+00:00,106.5199966430664,82.25,469.83,379.36,24.81,27.52,53.35749816894531
2024-11-01 16:00:00+00:00,106.5,82.27,470.22,379.55,24.83,27.52,53.34000015258789
2024-11-04 08:00:00+00:00,106.27999877929688,82.07000000000001,468.32,378.1,24.835,27.5102001953125,53.15250015258789
2024-11-04 09:00:00+00:00,106.26000213623048,82.07000000000001,468.21,378.030546875,24.82,27.57093017578125,53.32749938964844
2024-11-04 10:00:00+00:00,106.44000244140624,82.22,469.14,378.83,24.875,27.63,53.212501525878906
2024-11-04 11:00:00+00:00,106.33999633789062,82.09,468.1317578125,377.84,24.81,27.62,53.275001525878906
2024-11-04 12:00:00+00:00,106.36000061035156,82.10000000000001,468.29,377.961640625,24.795,27.63,53.334999084472656
2024-11-04 13:00:00+00:00,106.21219635009766,82.02,467.9376171875,377.65,24.76679931640625,27.59,53.40000915527344
2024-11-04 14:00:00+00:00,106.16000366210938,81.96000000000001,467.4712109375,377.09,24.715,27.64,53.34749984741211
2024-11-04 15:00:00+00:00,106.22000122070312,81.86,467.8955859375,378.248984375,24.78,27.65679931640625,53.23249816894531
2024-11-04 16:00:00+00:00,106.26000213623048,81.94,467.9255859375,378.68,24.825,27.66,53.23249816894531
2024-11-05 08:00:00+00:00,106.13999938964844,81.85000000000001,466.71,377.39,24.74,27.81402099609375,53.31999969482422
2024-11-05 09:00:00+00:00,106.16000366210938,81.87,466.92,377.4387109375,24.74,27.79,53.255001068115234
2024-11-05 10:00:00+00:00,106.0999984741211,81.83,466.703203125,377.19,24.75,27.77625,53.22499847412109
2024-11-05 11:00:00+00:00,106.0999984741211,81.79,466.95,377.4130859375,24.75,27.78,53.317501068115234
2024-11-05 12:00:00+00:00,106.0,81.76,466.55,377.19,24.725,27.75,53.20750045776367
2024-11-05 13:00:00+00:00,106.0,81.82000000000001,466.66,377.07203125,24.74,27.75,53.372501373291016
2024-11-05 14:00:00+00:00,106.23999786376952,82.21000000000001,468.35,379.96,24.71,27.71,53.400001525878906
2024-11-05 15:00:00+00:00,106.36000061035156,82.09,468.54,378.8,24.835,27.76,53.29750061035156
2024-11-05 16:00:00+00:00,106.44000244140624,82.155615234375,468.97,379.34,24.905,27.78,53.21749877929688
2024-11-06 08:00:00+00:00,109.16000366210938,84.544638671875,484.938359375,389.645234375,25.53,27.83,52.94499969482422
2024-11-06 09:00:00+00:00,109.22000122070312,84.54466796875,485.2346875,390.3668359375,25.57,27.73,52.97750854492188
2024-11-06 10:00:00+00:00,109.12000274658205,84.59,485.39,390.1812890625,25.48,27.72071044921875,52.875
2024-11-06 11:00:00+00:00,108.9800033569336,84.41,485.29,389.8756640625,25.47,27.7068701171875,52.44499969482422
2024-11-06 12:00:00+00:00,109.3000030517578,84.671572265625,487.098203125,391.21,25.58944091796875,27.73697021484375,52.38249969482422
2024-11-06 13:00:00+00:00,108.87999725341795,84.39101562500001,485.8698828125,391.0923046875,25.60445068359375,27.63373046875,51.78499984741211
2024-11-06 14:00:00+00:00,108.4000015258789,83.92,483.894140625,391.048515625,25.65,27.535400390625,51.72249984741211
2024-11-06 15:00:00+00:00,108.37999725341795,83.91,483.59,390.87,25.65,27.63,52.0
2024-11-06 16:00:00+00:00,108.5999984741211,84.083115234375,484.6942578125,392.43,25.7044189453125,27.65,51.84999847412109
2024-11-07 08:00:00+00:00,109.13999938964844,84.41873046875,486.51,393.789453125,25.82,27.97,51.6775016784668
2024-11-07 09:00:00+00:00,109.32427978515624,84.58,487.19,394.4775,25.87,27.98201904296875,51.75749969482422
2024-11-07 10:00:00+00:00,109.39949798583984,84.67,487.5776171875,394.77,25.89,27.98,51.84249877929688
2024-11-07 11:00:00+00:00,109.41999816894533,84.66326171875001,487.4363671875,394.69890625,25.89,27.98,51.8650016784668
2024-11-07 12:00:00+00:00,109.05999755859376,84.39,485.76,393.53,25.78,27.91,51.97249984741211
2024-11-07 13:00:00+00:00,109.0199966430664,84.3348046875,485.1944140625,393.6441015625,25.7937890625,28.01840087890625,52.1775016784668
2024-11-07 14:00:00+00:00,109.14974212646484,84.43,485.51,395.2416796875,25.94,28.02,52.32749938964844
2024-11-07 15:00:00+00:00,109.23999786376952,84.49,485.958828125,395.67625,25.94,28.044580078125,52.44499969482422
2024-11-07 16:00:00+00:00,109.1999969482422,84.46000000000001,486.415,396.3,25.97,28.03,52.3224983215332
2024-11-08 08:00:00+00:00,109.4800033569336,84.754521484375,488.45,398.69,26.21,27.7673291015625,52.26750183105469
2024-11-08 09:00:00+00:00,109.27999877929688,84.67,488.5540625,398.52,26.19,27.752529296875,52.27000045776367
2024-11-08 10:00:00+00:00,109.01799774169922,84.48,487.4780078125,396.8879296875,26.01,27.64,52.25249862670898
2024-11-08 11:00:00+00:00,109.08000183105467,84.52,487.47,397.0491015625,26.1,27.65,52.334999084472656
2024-11-08 12:00:00+00:00,109.33999633789062,84.71000000000001,488.65,398.03,26.18,27.67679931640625,52.34749984741211
2024-11-08 13:00:00+00:00,109.22000122070312,84.63154296875,488.475625,397.878984375,26.14,27.69,52.462501525878906
2024-11-08 14:00:00+00:00,109.33999633789062,84.801396484375,490.04,398.61,26.16,27.577119140625,52.320011138916016
2024-11-08 15:00:00+00:00,109.37999725341795,84.86,490.55,398.56,26.12,27.52,52.26750183105469
2024-11-08 16:00:00+00:00,109.54000091552734,84.92,491.27,399.2,26.15,27.51,52.2400016784668
2024-11-11 08:00:00+00:00,110.16000366210938,85.45,493.658046875,401.5740625,26.26,27.6,51.90499877929688
2024-11-11 09:00:00+00:00,110.13999938964844,85.46000000000001,493.5867578125,401.4962109375,26.17,27.570200195312506,51.83000183105469
2024-11-11 10:00:00+00:00,110.23999786376952,85.54,494.14,401.58,26.16656005859375,27.6,51.73749923706055
2024-11-11 11:00:00+00:00,110.23999786376952,85.56,494.27,401.888984375,26.22,27.6,51.7599983215332
2024-11-11 12:00:00+00:00,110.38443756103516,85.68,495.087578125,402.72,26.29,27.58798095703125,51.66249847412109
2024-11-11 13:00:00+00:00,110.41999816894533,85.69,495.0,402.78375,26.29,27.59,51.25
2024-11-11 14:00:00+00:00,110.23999786376952,85.57000000000001,494.51,400.3909765625,25.96,27.47,50.98500061035156
2024-11-11 15:00:00+00:00,110.36000061035156,85.63,494.81515625,401.2126171875,26.04,27.480200195312506,50.81499862670898
2024-11-11 16:00:00+00:00,110.22000122070312,85.58,494.05,400.89,25.98,27.45,50.82500076293945
2024-11-12 08:00:00+00:00,110.22000122070312,85.68,495.5747265625,402.82,26.12,27.25,50.540000915527344
2024-11-12 09:00:00+00:00,110.04000091552734,85.57000000000001,494.79,401.87,26.07,27.13030029296875,50.40250015258789
2024-11-12 10:00:00+00:00,109.91999816894533,85.48,494.8,401.7808984375,26.06,27.07,50.46250915527344
2024-11-12 11:00:00+00:00,109.962890625,85.5,494.9575390625,401.92859375,26.09,27.0924609375,50.48249816894531
2024-11-12 12:00:00+00:00,110.0,85.55,495.25,402.0460546875,26.13,27.16,50.64500045776367
2024-11-12 13:00:00+00:00,110.3000030517578,85.74,496.2907421875,403.09921875,26.1954296875,27.1997998046875,50.77750015258789
2024-11-12 14:00:00+00:00,110.43534088134766,85.9,497.19,403.98,26.26,27.24010009765625,50.75
2024-11-12 15:00:00+00:00,110.27999877929688,85.8,496.8748046875,404.11,26.36,27.17,50.52000045776367
2024-11-12 16:00:00+00:00,110.3000030517578,85.78,497.31,404.185,26.36,27.15,50.52000045776367
2024-11-13 08:00:00+00:00,110.3125991821289,85.75,496.9194921875,404.31,26.36,27.24679931640625,50.692501068115234
2024-11-13 09:00:00+00:00,110.36000061035156,85.742041015625,496.69,404.0591015625,26.33,27.2802001953125,50.70249938964844
2024-11-13 10:00:00+00:00,110.2796630859375,85.7,496.78,404.04921875,26.33,27.27969970703125,50.71749877929688
2024-11-13 11:00:00+00:00,110.04000091552734,85.54,495.77,403.37,26.27,27.23,50.73249816894531
2024-11-13 12:00:00+00:00,110.16000366210938,85.61,496.36,403.4,26.27,27.23,50.73500061035156
2024-11-13 13:00:00+00:00,110.33999633789062,85.76,497.14,403.93,26.32,27.25049072265625,50.78749847412109
2024-11-13 14:00:00+00:00,110.45999908447266,85.93,498.551796875,404.6594921875,26.38,27.14,50.595001220703125
2024-11-13 15:00:00+00:00,110.31999969482422,85.91,498.2390625,403.75,26.33,27.1,50.64500045776367
2024-11-13 16:00:00+00:00,110.5199966430664,85.86,499.06,404.7,26.4,27.08,50.47249984741211
2024-11-14 08:00:00+00:00,110.83999633789062,86.27,500.77,406.5219921875,26.48,27.04,49.68001174926758
2024-11-14 09:00:00+00:00,111.0,86.39,501.295859375,406.77921875,26.53,27.07,49.43001174926758
2024-11-14 10:00:00+00:00,111.0999984741211,86.49,502.05265625,407.38,26.56,27.09449951171875,49.5
2024-11-14 11:00:00+00:00,111.11370086669922,86.52,501.8454296875,407.19,26.53,27.12,49.63750076293945
2024-11-14 12:00:00+00:00,110.9800033569336,86.41,501.1721875,406.5,26.5,27.09449951171875,49.61249923706055
2024-11-14 13:00:00+00:00,111.06790161132812,86.45,501.1336328125,406.44921875,26.52,27.16,49.70500183105469
2024-11-14 14:00:00+00:00,110.66000366210938,86.11,498.82,404.46,26.42,27.04,49.77000045776367
2024-11-14 15:00:00+00:00,110.5199966430664,85.99,498.7298046875,403.72,26.44,27.06662109375,49.97499847412109
2024-11-14 16:00:00+00:00,110.55677795410156,86.03,498.225,404.15,26.46,27.0635791015625,50.09000015258789
2024-11-15 08:00:00+00:00,110.07869720458984,85.5741015625,494.89,400.39,26.28,27.13471923828125,49.90499877929688
2024-11-15 09:00:00+00:00,110.16000366210938,85.60000000000001,495.14,400.53,26.23,27.19,49.852500915527344
2024-11-15 10:00:00+00:00,110.0199966430664,85.52,494.37,399.9019140625,26.18,27.16,49.93001174926758
2024-11-15 11:00:00+00:00,110.0,85.44,494.29,399.87,26.2,27.21,49.95750045776367
2024-11-15 12:00:00+00:00,110.18000030517578,85.61,495.19,400.6,26.25,27.22,49.922508239746094
2024-11-15 13:00:00+00:00,110.12000274658205,85.64,495.4598046875,400.47921875,26.22,27.17360107421875,49.869998931884766
2024-11-15 14:00:00+00:00,109.93462371826172,85.48,494.66,398.38,26.11,27.12,49.994998931884766
2024-11-15 15:00:00+00:00,109.6999969482422,85.58,493.01,396.3832421875,25.99,27.09,49.97499847412109
2024-11-15 16:00:00+00:00,109.72000122070312,85.35000000000001,493.69,396.44,25.98,27.11,49.88249969482422
2024-11-18 08:00:00+00:00,109.9800033569336,85.4,493.66,398.16,26.08,27.23,50.275001525878906
2024-11-18 09:00:00+00:00,109.77999877929688,85.24,492.56,396.298984375,25.83,27.18,50.462501525878906
2024-11-18 10:00:00+00:00,109.8890380859375,85.32000000000001,493.15,396.948984375,25.88,27.23,50.39500045776367
2024-11-18 11:00:00+00:00,109.76000213623048,85.26,492.9459375,396.82,25.91,27.21,50.442501068115234
2024-11-18 12:00:00+00:00,109.8000030517578,85.25,492.995546875,396.5391015625,25.88,27.2097998046875,50.432498931884766
2024-11-18 13:00:00+00:00,109.81999969482422,85.28,493.0244140625,396.21,25.83,27.24,50.61000061035156
2024-11-18 14:00:00+00:00,109.6999969482422,85.19,492.11,395.522421875,25.78,27.23,50.70500183105469
2024-11-18 15:00:00+00:00,110.0999984741211,85.49,493.91,398.23921875,25.98,27.29,50.77000045776367
2024-11-18 16:00:00+00:00,110.1156005859375,85.24,492.5,398.425,26.0,27.305,50.76750183105469
2024-11-19 08:00:00+00:00,110.04000091552734,85.4,493.243515625,396.86,25.95,27.41,51.04999923706055
2024-11-19 09:00:00+00:00,109.5999984741211,85.06,492.15390625,396.12109375,25.92,27.3,51.14500045776367
2024-11-19 10:00:00+00:00,109.68000030517578,85.16,492.33,396.66,25.94,27.31,51.22499847412109
2024-11-19 11:00:00+00:00,109.58000183105467,85.12,492.1641015625,396.369609375,25.91,27.29824951171875,51.11000061035156
2024-11-19 12:00:00+00:00,109.81999969482422,85.26,492.85,397.028984375,25.96,27.343798828125,51.29499816894531
2024-11-19 13:00:00+00:00,109.1999969482422,84.76,489.726328125,393.75,25.69,27.29948974609375,51.23249816894531
2024-11-19 14:00:00+00:00,109.4800033569336,85.04,491.5616015625,395.9903515625,25.89591064453125,27.31,51.0
2024-11-19 15:00:00+00:00,109.81999969482422,85.245810546875,492.55,396.82,25.98,27.35449951171875,51.0
2024-11-19 16:00:00+00:00,109.95999908447266,85.06,493.42,397.39,25.98,27.36,51.02000045776367
2024-11-20 08:00:00+00:00,110.3000030517578,85.67,495.47,399.66,26.1552587890625,27.37,51.005001068115234
2024-11-20 09:00:00+00:00,110.23999786376952,85.66,495.6747265625,399.8260546875,26.18,27.32,50.959999084472656
2024-11-20 10:00:00+00:00,110.23999786376952,85.64,495.4855859375,399.78,26.18,27.3,51.02999877929688
2024-11-20 11:00:00+00:00,110.26000213623048,85.65,495.5872265625,400.01,26.23,27.3024609375,51.07749938964844
2024-11-20 12:00:00+00:00,110.36000061035156,85.73,495.741015625,400.32,26.26,27.333200683593752,51.15250015258789
2024-11-20 13:00:00+00:00,110.23999786376952,85.59,495.13,399.65921875,26.17,27.325810546875,51.2400016784668
2024-11-20 14:00:00+00:00,109.81999969482422,85.29,493.3458984375,397.2357421875,25.98,27.27,51.38750076293945
2024-11-20 15:00:00+00:00,109.8000030517578,85.33,492.8010546875,397.126171875,26.0,27.26783935546875,51.48249816894531
2024-11-20 16:00:00+00:00,109.63999938964844,85.16,492.42,396.5,25.93,27.23,51.5099983215332
2024-11-21 08:00:00+00:00,110.08000183105467,85.51,494.769375,398.66328125,26.03,27.1875390625,51.900001525878906
2024-11-21 09:00:00+00:00,109.95099639892578,85.49,494.3583203125,398.3216015625,25.98,27.1460498046875,51.88249969482422
2024-11-21 10:00:00+00:00,110.05999755859376,85.61,495.08,398.89,26.01,27.15,51.880001068115234
2024-11-21 11:00:00+00:00,110.36000061035156,85.8,496.2591015625,399.85,26.13,27.17264892578125,51.9375
2024-11-21 12:00:00+00:00,110.44000244140624,85.87,496.992421875,400.31,26.17,27.18,51.77758026123047
2024-11-21 13:00:00+00:00,110.62000274658205,86.0,497.73,401.58,26.35,27.24428955078125,51.8125
2024-11-21 14:00:00+00:00,110.94000244140624,85.732119140625,496.26,398.49,26.2,27.230200195312506,51.810001373291016
2024-11-21 15:00:00+00:00,110.73999786376952,86.09322265625,497.695078125,399.8224609375,26.255869140625,27.31,51.85499954223633
2024-11-21 16:00:00+00:00,110.95999908447266,86.33,499.3066015625,401.6116015625,26.407758789062505,27.33,51.86249923706055
2024-11-22 08:00:00+00:00,111.54000091552734,86.78,502.0,403.72,26.5,27.45,52.41749954223633
2024-11-22 09:00:00+00:00,111.58000183105467,86.82000000000001,502.6184375,404.1691015625,26.52,27.47,52.54499816894531
2024-11-22 10:00:00+00:00,111.45999908447266,86.65,502.0905078125,403.28890625,26.4564794921875,27.4647705078125,52.6349983215332
2024-11-22 11:00:00+00:00,111.73999786376952,86.88,502.9201953125,404.54,26.53,27.5,52.46500015258789
2024-11-22 12:00:00+00:00,111.9000015258789,87.04,503.81,405.2406640625,26.59,27.54,52.54750061035156
2024-11-22 13:00:00+00:00,111.8000030517578,86.95,503.17,404.7,26.51,27.51863037109375,52.345001220703125
2024-11-22 14:00:00+00:00,112.58000183105467,87.3026171875,505.2127734375,405.99890625,26.62,27.5,52.3849983215332
2024-11-22 15:00:00+00:00,112.0688018798828,87.24,504.68,405.4,26.48,27.54,52.540000915527344
2024-11-22 16:00:00+00:00,112.08000183105467,87.16,504.49,404.66,26.45,27.54,52.52999877929688
2024-11-25 08:00:00+00:00,112.36000061035156,87.43,505.6215234375,406.79,26.62,27.58,51.935001373291016
2024-11-25 09:00:00+00:00,112.31999969482422,87.4,505.1619921875,406.32,26.5560595703125,27.5731591796875,51.96500015258789
2024-11-25 10:00:00+00:00,112.26000213623048,87.39,505.3160546875,406.57578125,26.53,27.54,52.02000045776367
2024-11-25 11:00:00+00:00,112.3000030517578,87.44,505.706796875,406.701171875,26.56,27.58,52.25249862670898
2024-11-25 12:00:00+00:00,112.3000030517578,87.44,505.3747265625,406.4191015625,26.56,27.5952490234375,52.11000061035156
2024-11-25 13:00:00+00:00,112.23999786376952,87.37,504.9341015625,405.932265625,26.54,27.55,52.04750061035156
2024-11-25 14:00:00+00:00,112.26000213623048,87.39,505.430625,405.868515625,26.44,27.53679931640625,51.275001525878906
2024-11-25 15:00:00+00:00,112.45999908447266,87.54,505.834765625,405.9405078125,26.439489746093752,27.56,51.087501525878906
2024-11-25 16:00:00+00:00,112.31999969482422,87.43,505.48,406.33,26.48,27.54,51.15999984741211
2024-11-26 08:00:00+00:00,111.91999816894533,87.17,504.88,405.3483203125,26.42748046875,27.43,50.84749984741211
2024-11-26 09:00:00+00:00,111.91999816894533,87.15,504.68703125,405.06,26.42,27.4568603515625,51.03749847412109
2024-11-26 10:00:00+00:00,111.86000061035156,87.10000000000001,504.2734375,404.54,26.36,27.44966064453125,51.157501220703125
2024-11-26 11:00:00+00:00,112.04000091552734,87.26,505.1820703125,405.65828125,26.4604296875,27.5,51.17250061035156
2024-11-26 12:00:00+00:00,112.0199966430664,87.2,504.57,405.16,26.45,27.48927001953125,51.13750076293945
2024-11-26 13:00:00+00:00,112.12000274658205,87.28482421875,505.1553515625,405.71,26.56,27.493330078125,51.11750030517578
2024-11-26 14:00:00+00:00,112.12000274658205,87.3,505.6944140625,406.5,26.74,27.48,50.97499847412109
2024-11-26 15:00:00+00:00,112.1999969482422,87.38,505.88,406.4720703125,26.572109375,27.43368896484375,51.09000015258789
2024-11-26 16:00:00+00:00,112.31999969482422,87.33,505.96,407.09,26.61,27.5,51.07749938964844
2024-11-27 08:00:00+00:00,112.0199966430664,87.24,505.42,405.07359375,26.41,27.49,51.57500076293945
2024-11-27 09:00:00+00:00,112.0199966430664,87.21000000000001,505.296796875,404.7391015625,26.38,27.44320068359375,51.497501373291016
2024-11-27 10:00:00+00:00,111.87999725341795,87.157978515625,505.19,404.69359375,26.31,27.43,51.505001068115234
2024-11-27 11:00:00+00:00,111.95999908447266,87.164287109375,505.07,404.7,26.33,27.42840087890625,51.560001373291016
2024-11-27 12:00:00+00:00,111.81999969482422,87.06,504.86,404.4,26.3,27.401411132812505,51.5525016784668
2024-11-27 13:00:00+00:00,111.69876861572266,86.966025390625,503.58,403.5687109375,26.22,27.41,51.65000915527344
2024-11-27 14:00:00+00:00,111.7760009765625,86.91,503.25,402.2225,26.13,27.37,51.54750061035156
2024-11-27 15:00:00+00:00,111.27999877929688,86.62,501.36,399.06,25.94,27.213330078125,51.37749862670898
2024-11-27 16:00:00+00:00,111.3000030517578,86.66,501.505,399.005,25.93,27.18,51.34000015258789
2024-11-28 08:00:00+00:00,111.68000030517578,86.98544921875,502.99,401.96,26.18,27.1252001953125,51.38750076293945
2024-11-28 09:00:00+00:00,111.6999969482422,87.03,503.25,402.21,26.19,27.1310009765625,51.442501068115234
2024-11-28 10:00:00+00:00,111.55999755859376,86.9,502.6301171875,401.78,26.16,27.11,51.46250915527344
2024-11-28 11:00:00+00:00,111.55999755859376,86.9,502.74,401.82,26.18,27.12,51.45000076293945
2024-11-28 12:00:00+00:00,111.54000091552734,86.89,502.71,402.03,26.2,27.11,51.41749954223633
2024-11-28 13:00:00+00:00,111.55999755859376,86.91,502.95,402.03,26.22,27.08,51.43999862670898
2024-11-28 14:00:00+00:00,111.5346908569336,86.92,502.7,402.16,26.21,27.099890136718752,51.34749984741211
2024-11-28 15:00:00+00:00,111.49469757080078,86.89,502.86953125,402.00859375,26.15,27.07,51.27750015258789
2024-11-28 16:00:00+00:00,111.5199966430664,86.9,502.745,401.995,26.18,27.06,51.36000061035156
2024-11-29 08:00:00+00:00,111.36000061035156,86.78,501.843125,401.84,26.13,27.01,51.70000076293945
2024-11-29 09:00:00+00:00,111.5,86.87,502.502421875,401.7484375,26.14,27.0102001953125,51.7599983215332
2024-11-29 10:00:00+00:00,111.4800033569336,86.87,502.3530078125,401.63,26.14,27.03,51.7599983215332
2024-11-29 11:00:00+00:00,111.50753784179688,86.87,502.3884375,401.3,26.1,27.08527099609375,51.709999084472656
2024-11-29 12:00:00+00:00,111.41999816894533,86.84,502.289453125,400.760859375,26.07,27.0681005859375,51.69499969482422
2024-11-29 13:00:00+00:00,111.37999725341795,86.79,501.87,400.58,26.0477099609375,27.02679931640625,51.66749954223633
2024-11-29 14:00:00+00:00,111.50316619873048,86.92,502.5487890625,402.05,26.2,27.04613037109375,51.60250854492188
2024-11-29 15:00:00+00:00,111.61184692382812,86.88,502.58,402.18,26.22,27.19,51.62749862670898
2024-11-29 16:00:00+00:00,111.7699966430664,87.065,503.18,402.9771875,26.27,27.24,51.71500015258789
2024-12-02 08:00:00+00:00,111.7570571899414,87.04,503.08,402.99,26.2,27.25,51.11750030517578
2024-12-02 09:00:00+00:00,111.71700286865234,86.97310546875,502.4,402.38,26.12,27.23,51.18999862670898
2024-12-02 10:00:00+00:00,111.72216033935548,87.01,502.5384375,402.24,26.13,27.23464111328125,51.23749923706055
2024-12-02 11:00:00+00:00,111.81999969482422,87.07000000000001,502.53,402.45,26.14,27.26,51.352500915527344
2024-12-02 12:00:00+00:00,112.23999786376952,87.42,504.7,404.6,26.28,27.35,51.36000061035156
2024-12-02 13:00:00+00:00,112.13493347167967,87.32000000000001,504.36,404.32,26.27785888671875,27.32,51.45249938964844
2024-12-02 14:00:00+00:00,112.41307830810548,87.55,506.3,408.256875,26.75,27.3875390625,51.43001174926758
2024-12-02 15:00:00+00:00,112.5,87.58,506.59,408.7087890625,26.62,27.37,51.3650016784668
2024-12-02 16:00:00+00:00,112.44000244140624,87.61,506.4515234375,408.78,26.65,27.38,51.380001068115234
2024-12-03 08:00:00+00:00,112.62000274658205,87.64,505.358515625,407.83,26.54,27.55,51.397499084472656
2024-12-03 09:00:00+00:00,112.68000030517578,87.696650390625,505.74,408.38890625,26.59,27.5575390625,51.39250183105469
2024-12-03 10:00:00+00:00,112.68000030517578,87.72,505.82921875,408.45,26.61,27.5552001953125,51.36000061035156
2024-12-03 11:00:00+00:00,112.76000213623048,87.72,506.0947265625,408.57,26.6,27.5602001953125,51.39500045776367
2024-12-03 12:00:00+00:00,112.90812683105467,87.87,507.07,409.18,26.64,27.6,51.30500030517578
2024-12-03 13:00:00+00:00,112.62000274658205,87.69,505.87,408.2,26.61,27.403269042968752,51.532501220703125
2024-12-03 14:00:00+00:00,112.5199966430664,87.6424609375,505.5403515625,408.330625,26.61,27.36,51.44499969482422
2024-12-03 15:00:00+00:00,112.47160339355467,87.69,504.94359375,408.295625,26.57,27.34218994140625,51.3125
2024-12-03 16:00:00+00:00,112.66000366210938,87.7,505.945,409.51,26.65,27.44,51.372501373291016
2024-12-04 08:00:00+00:00,112.8000030517578,87.86,507.06,411.87,26.94,27.57,51.345001220703125
2024-12-04 09:00:00+00:00,112.81999969482422,87.8,506.89,411.92,26.96,27.5975390625,51.3125
2024-12-04 10:00:00+00:00,112.9000015258789,87.88,507.28,412.3880078125,26.99,27.59,51.397499084472656
2024-12-04 11:00:00+00:00,112.83999633789062,87.86,506.9722265625,412.08,26.99,27.572490234375,51.42750930786133
2024-12-04 12:00:00+00:00,112.9000015258789,87.93,507.75,412.51,27.03,27.58,51.275001525878906
2024-12-04 13:00:00+00:00,112.95999908447266,87.98,507.71,413.1191015625,27.06,27.56860107421875,51.48749923706055
2024-12-04 14:00:00+00:00,112.0,87.91,507.7305078125,412.2,27.01,27.4726806640625,51.497501373291016
2024-12-04 15:00:00+00:00,112.66000366210938,87.96000000000001,506.38,412.49,27.02,27.469130859375,51.61000061035156
2024-12-04 16:00:00+00:00,112.6999969482422,87.95,506.185,412.13,27.0,27.46860107421875,51.595001220703125
2024-12-05 08:00:00+00:00,112.81999969482422,87.86,506.7,412.44,27.0010009765625,27.53679931640625,51.380001068115234
2024-12-05 09:00:00+00:00,112.83999633789062,87.9,507.01,412.8904296875,27.05,27.53550048828125,51.41250991821289
2024-12-05 10:00:00+00:00,112.8000030517578,87.8524609375,506.793984375,412.6669921875,27.05,27.53,51.48500061035156
2024-12-05 11:00:00+00:00,112.6999969482422,87.8,506.55,412.57,27.04,27.51,51.53499984741211
2024-12-05 12:00:00+00:00,112.83999633789062,87.86,506.9418359375,413.19,27.05,27.53,51.5724983215332
2024-12-05 13:00:00+00:00,112.66000366210938,87.72,505.900546875,412.03,26.99,27.513959960937505,51.47750854492188
2024-12-05 14:00:00+00:00,112.63999938964844,87.7,505.4,411.36,26.93,27.54,51.31499862670898
2024-12-05 15:00:00+00:00,112.58000183105467,87.65,505.073671875,411.664296875,26.94,27.54220947265625,51.352500915527344
2024-12-05 16:00:00+00:00,112.63999938964844,87.67,505.82,411.59,26.99,27.56,51.290000915527344
2024-12-06 08:00:00+00:00,112.5199966430664,87.57000000000001,504.88,411.32,26.96,27.6,51.36751174926758
2024-12-06 09:00:00+00:00,112.87999725341795,87.54,504.71,410.8508984375,26.9272998046875,27.6,51.32500076293945
2024-12-06 10:00:00+00:00,112.4800033569336,87.48,504.306796875,410.6,26.88,27.58989990234375,51.20500183105469
2024-12-06 11:00:00+00:00,112.4000015258789,87.45,503.97,410.39,26.89,27.58,51.29249954223633
2024-12-06 12:00:00+00:00,112.4000015258789,87.49,504.13,410.61,26.9,27.59,51.28749847412109
2024-12-06 13:00:00+00:00,112.4000015258789,87.5,504.02,410.19,26.86,27.58,51.220001220703125
2024-12-06 14:00:00+00:00,112.76194763183594,87.809404296875,506.63625,413.32,27.08,27.56,51.227500915527344
2024-12-06 15:00:00+00:00,112.9000015258789,87.8,507.091953125,414.2,27.1,27.56840087890625,51.23749923706055
2024-12-06 16:00:00+00:00,112.76000213623048,87.94,506.33,414.13,27.05,27.53,51.3025016784668
2024-12-09 08:00:00+00:00,112.9000015258789,87.75,505.7,415.05,27.03,27.81215087890625,51.48500061035156
2024-12-09 09:00:00+00:00,112.77999877929688,87.67,505.1875390625,413.83,26.9,27.87,51.61000061035156
2024-12-09 10:00:00+00:00,112.76000213623048,87.62,504.9051171875,413.29,26.88,27.89,51.66250991821289
2024-12-09 11:00:00+00:00,112.81999969482422,87.68,505.19,413.5,26.86,27.9,51.61000061035156
2024-12-09 12:00:00+00:00,112.9000015258789,87.74,505.77,413.91,26.91,27.9059912109375,51.619998931884766
2024-12-09 13:00:00+00:00,112.77999877929688,87.63109375,504.74,413.2691015625,26.86,27.94,51.80500030517578
2024-12-09 14:00:00+00:00,112.86000061035156,87.68,504.55,413.34,26.9,28.1,51.977500915527344
2024-12-09 15:00:00+00:00,112.37999725341795,87.67,502.1851953125,410.59171875,26.8,28.04,51.8650016784668
2024-12-09 16:00:00+00:00,112.45999908447266,87.67,503.0,410.73,26.85,28.0,51.875
2024-12-10 08:00:00+00:00,112.22000122070312,87.24,503.424609375,411.4202734375,26.82488037109375,27.66,51.75999069213867
2024-12-10 09:00:00+00:00,112.11344909667967,87.16349609375,502.9239453125,411.21,26.74,27.6175390625,51.77999877929688
2024-12-10 10:00:00+00:00,112.13999938964844,87.21000000000001,503.22,411.4490234375,26.8,27.61,52.01250076293945
2024-12-10 11:00:00+00:00,112.23999786376952,87.27,503.518984375,411.83,26.79,27.68,51.970001220703125
2024-12-10 12:00:00+00:00,112.3000030517578,87.3,503.690859375,412.22,26.87,27.69320068359375,52.032501220703125
2024-12-10 13:00:00+00:00,112.26000213623048,87.27,503.44,411.93,26.83,27.696708984375,52.09000015258789
2024-12-10 14:00:00+00:00,112.22000122070312,87.245859375,503.44859375,412.8405078125,26.89,27.65,52.26250076293945
2024-12-10 15:00:00+00:00,112.23999786376952,87.29,504.409296875,412.41890625,26.81,27.6397998046875,52.26499938964844
2024-12-10 16:00:00+00:00,112.08000183105467,87.33,503.69,411.44,26.7,27.59,52.23249816894531
2024-12-11 08:00:00+00:00,111.83999633789062,86.93,502.23515625,410.57,26.622919921875,27.57,52.29750061035156
2024-12-11 09:00:00+00:00,112.0199966430664,87.12,503.3,411.61,26.67,27.62449951171875,52.33000183105469
2024-12-11 10:00:00+00:00,112.08000183105467,87.16,503.26125,411.71,26.68,27.6735693359375,52.3650016784668
2024-12-11 11:00:00+00:00,112.03694915771484,87.10000000000001,503.0432421875,411.3,26.65,27.664499511718752,52.432498931884766
2024-12-11 12:00:00+00:00,111.9994125366211,87.10000000000001,502.79,411.08,26.63,27.65840087890625,52.38623046875
2024-12-11 13:00:00+00:00,112.0999984741211,87.17,503.15,411.6805859375,26.696669921875,27.65,52.51499938964844
2024-12-11 14:00:00+00:00,112.33999633789062,87.3,504.71375,415.47,26.88,27.63,52.619998931884766
2024-12-11 15:00:00+00:00,112.4000015258789,87.46000000000001,505.41,415.86,26.82,27.64,52.72499847412109
2024-12-11 16:00:00+00:00,112.54000091552734,87.55,505.82,416.9352734375,27.0,27.66,52.76499938964844
2024-12-12 08:00:00+00:00,112.41999816894533,87.41,504.82,416.31,26.82,27.86,52.852500915527344
2024-12-12 09:00:00+00:00,112.41999816894533,87.4,504.7848828125,416.0,26.83,27.84010009765625,52.76250076293945
2024-12-12 10:00:00+00:00,112.5131607055664,87.49,505.4742578125,416.5380078125,26.89,27.84,52.712501525878906
2024-12-12 11:00:00+00:00,112.41999816894533,87.47,505.431953125,416.41,26.873369140625,27.7597998046875,52.692501068115234
2024-12-12 12:00:00+00:00,112.45999908447266,87.49,505.8,416.37,26.88,27.68,52.59999847412109
2024-12-12 13:00:00+00:00,112.4800033569336,87.47,505.29,415.88828125,26.85,27.68,52.435001373291016
2024-12-12 14:00:00+00:00,112.5,87.497939453125,505.2026171875,415.7,26.86,27.7,52.2400016784668
2024-12-12 15:00:00+00:00,112.83799743652344,87.80333984375,507.852265625,418.02,27.01,27.75,52.0625
2024-12-12 16:00:00+00:00,112.8000030517578,87.84,507.26,417.55,26.98,27.755,52.06499862670898
2024-12-13 08:00:00+00:00,113.13999938964844,88.07000000000001,509.80703125,420.92,27.29,27.86263916015625,51.98749923706055
2024-12-13 09:00:00+00:00,113.0999984741211,88.016337890625,509.5,420.85,27.3,27.86,51.85499954223633
2024-12-13 10:00:00+00:00,113.18000030517578,88.03,509.41,420.97,27.34,27.8498193359375,51.79999923706055
2024-12-13 11:00:00+00:00,113.12000274658205,88.0,509.241484375,420.8208203125,27.34,27.84320068359375,51.79499816894531
2024-12-13 12:00:00+00:00,113.04000091552734,87.92,508.8823828125,421.1,27.4,27.845869140625,51.9375
2024-12-13 13:00:00+00:00,113.0,87.907255859375,508.704609375,420.8,27.41,27.86,51.75249862670898
2024-12-13 14:00:00+00:00,113.0,87.92,509.216796875,423.62,27.48,27.84279052734375,51.692501068115234
2024-12-13 15:00:00+00:00,112.8000030517578,87.72,508.1433984375,419.99,27.21,27.83,51.69499969482422
2024-12-13 16:00:00+00:00,112.77999877929688,87.95,507.675,419.925,27.13,27.81535888671875,51.6775016784668
2024-12-16 08:00:00+00:00,112.72000122070312,87.71000000000001,507.85,421.64,27.3,27.75,51.66249847412109
2024-12-16 09:00:00+00:00,112.68000030517578,87.62,507.67,421.71,27.28,27.70864013671875,51.665000915527344
2024-12-16 10:00:00+00:00,112.73899841308594,87.7,508.22,422.3693359375,27.3,27.74,51.66249847412109
2024-12-16 11:00:00+00:00,112.68000030517578,87.653701171875,508.11,422.27,27.29,27.73,51.76250076293945
2024-12-16 12:00:00+00:00,112.68000030517578,87.656865234375,507.96,422.35,27.31,27.71735107421875,51.70000076293945
2024-12-16 13:00:00+00:00,112.71800231933594,87.71000000000001,508.35,422.83,27.3402294921875,27.7,51.76250076293945
2024-12-16 14:00:00+00:00,112.83999633789062,87.765322265625,508.79,424.32,27.41,27.76,51.602500915527344
2024-12-16 15:00:00+00:00,112.5999984741211,87.61,507.55,423.5,27.22,27.6,51.584999084472656
2024-12-16 16:00:00+00:00,112.54000091552734,87.562197265625,507.72,424.37,27.26,27.6,51.50749969482422
2024-12-17 08:00:00+00:00,112.04000091552734,87.23,505.89,424.27,27.35,27.42,51.38750076293945
2024-12-17 09:00:00+00:00,112.1780014038086,87.35000000000001,506.5903515625,425.34,27.36,27.41,51.3025016784668
2024-12-17 10:00:00+00:00,112.12000274658205,87.32000000000001,506.26,425.45,27.36,27.41,51.275001525878906
2024-12-17 11:00:00+00:00,112.0,87.24,505.61,424.8846875,27.34,27.41589111328125,51.36000061035156
2024-12-17 12:00:00+00:00,111.9000015258789,87.13,505.31,424.06,27.287790527343752,27.41,51.36750030517578
2024-12-17 13:00:00+00:00,111.91999816894533,87.18,505.2012890625,424.09,27.29,27.37840087890625,51.26250076293945
2024-12-17 14:00:00+00:00,112.0,87.19,505.96,423.55,27.19,27.34,51.227500915527344
2024-12-17 15:00:00+00:00,111.83999633789062,87.017158203125,504.253046875,423.07,27.21343994140625,27.4,51.32500076293945
2024-12-17 16:00:00+00:00,111.91999816894533,87.17,504.86,423.71,27.29,27.4,51.282501220703125
2024-12-18 08:00:00+00:00,112.18000030517578,87.29,506.28,424.34,27.4,27.52,51.47999954223633
2024-12-18 09:00:00+00:00,112.04000091552734,87.35000000000001,506.540390625,424.5987109375,27.52,27.52679931640625,51.4275016784668
2024-12-18 10:00:00+00:00,112.0999984741211,87.2,506.1547265625,423.87,27.47,27.5,51.477500915527344
2024-12-18 11:00:00+00:00,112.0999984741211,87.25,506.085625,424.28,27.47,27.51,51.43001174926758
2024-12-18 12:00:00+00:00,112.12000274658205,87.28,506.1681640625,424.49,27.5,27.49,51.39250183105469
2024-12-18 13:00:00+00:00,112.12000274658205,87.22,505.89,423.6,27.37,27.49,51.400001525878906
2024-12-18 14:00:00+00:00,111.91999816894533,87.12,505.117578125,423.20859375,27.36,27.45,51.27000045776367
2024-12-18 15:00:00+00:00,112.23999786376952,87.12,506.84,424.27890625,27.48,27.5,51.27999877929688
2024-12-18 16:00:00+00:00,112.0199966430664,87.22,506.39,423.78,27.47,27.45,51.26750183105469
2024-12-19 08:00:00+00:00,109.9000015258789,85.37,494.4359765625,411.97,26.76,27.22,50.880001068115234
2024-12-19 09:00:00+00:00,109.6999969482422,85.23,493.82,411.13,26.74,27.19,50.932498931884766
2024-12-19 10:00:00+00:00,109.76000213623048,85.29240234375,494.483671875,411.88,26.72909912109375,27.19,50.90999984741211
2024-12-19 11:00:00+00:00,109.95999908447266,85.42,495.3212890625,412.38,26.79,27.22,50.8849983215332
2024-12-19 12:00:00+00:00,110.36000061035156,85.82000000000001,497.86,414.77,26.9,27.32,50.65999984741211
2024-12-19 13:00:00+00:00,110.45999908447266,85.84,497.6639453125,414.51,26.9,27.355200195312506,50.45000076293945
2024-12-19 14:00:00+00:00,110.44487762451172,85.88,495.47,414.1,26.92,27.38,50.39250183105469
2024-12-19 15:00:00+00:00,110.62000274658205,85.95,498.99,414.6038671875,27.05,27.4,50.32749938964844
2024-12-19 16:00:00+00:00,110.68000030517578,85.99,499.41,415.24,27.12,27.39,50.37749862670898
2024-12-20 08:00:00+00:00,109.81999969482422,85.28,494.91,409.14,26.72799072265625,27.25,50.65499877929688
2024-12-20 09:00:00+00:00,109.56986236572266,85.1028515625,493.61,408.14,26.67,27.22,50.63750076293945
2024-12-20 10:00:00+00:00,109.45999908447266,84.97,493.6869140625,407.4,26.6,27.18,50.6150016784668
2024-12-20 11:00:00+00:00,109.4000015258789,84.97,493.3533984375,407.3880078125,26.61,27.19,50.619998931884766
2024-12-20 12:00:00+00:00,109.44164276123048,84.96000000000001,493.23,407.35,26.6,27.229560546875,50.60499954223633
2024-12-20 13:00:00+00:00,109.33999633789062,84.86,493.12,408.2383984375,26.67,27.16,50.727500915527344
2024-12-20 14:00:00+00:00,109.54000091552734,85.14,494.3868359375,408.6,26.67,27.22,50.86750030517578
2024-12-20 15:00:00+00:00,110.59706115722656,85.10000000000001,499.42,414.56,27.09,27.38,51.125
2024-12-20 16:00:00+00:00,110.91000366210938,86.25,501.18,416.33,27.183798828125,27.34,50.98500061035156
2024-12-23 08:00:00+00:00,111.0199966430664,86.38,502.51,416.5,27.34782958984375,27.41,51.11750030517578
2024-12-23 09:00:00+00:00,111.05999755859376,86.37,502.34,416.46,27.3464599609375,27.394418945312506,51.04999923706055
2024-12-23 10:00:00+00:00,111.0199966430664,86.4,502.3956640625,416.48,27.35,27.41,50.91749954223633
2024-12-23 11:00:00+00:00,111.02507781982422,86.35000000000001,501.76,416.298203125,27.35,27.418740234375,50.84999847412109
2024-12-23 12:00:00+00:00,111.31999969482422,86.54,503.37,417.83,27.49,27.47,50.82751083374024
2024-12-23 13:00:00+00:00,110.94000244140624,86.26,501.661171875,415.91,27.36,27.3993701171875,50.869998931884766
2024-12-23 14:00:00+00:00,111.0999984741211,86.36556640625,502.06,417.25,27.52,27.41,50.84749984741211
2024-12-23 15:00:00+00:00,110.76000213623048,86.18,501.2126953125,416.05,27.36635009765625,27.38030029296875,50.7400016784668
2024-12-23 16:00:00+00:00,111.18000030517578,86.400224609375,501.32,417.635,27.49,27.47632080078125,50.77000045776367
2024-12-24 08:00:00+00:00,111.73999786376952,86.84,505.6,419.5,27.65,27.548291015625,50.86500930786133
2024-12-24 09:00:00+00:00,111.86000061035156,87.0,506.311640625,420.22,27.63,27.56,50.79499816894531
2024-12-24 10:00:00+00:00,111.73999786376952,86.95177734375,506.0,420.2,27.71,27.59,50.837501525878906
2024-12-24 11:00:00+00:00,111.80760192871094,86.96000000000001,506.173984375,420.2,27.69,27.5572802734375,50.82500076293945
2024-12-27 08:00:00+00:00,112.41999816894533,87.4676953125,509.48,423.31,27.88,27.390400390625,51.04499816894531
2024-12-27 09:00:00+00:00,112.58000183105467,87.66,510.08,423.75,27.92,27.469599609375,51.01499938964844
2024-12-27 10:00:00+00:00,112.33999633789062,87.5,509.37,423.3587890625,27.8885498046875,27.44,51.05500030517578
2024-12-27 11:00:00+00:00,112.3000030517578,87.43,508.787265625,422.7,27.85,27.42,51.09000015258789
2024-12-27 12:00:00+00:00,112.27999877929688,87.38,508.5169921875,422.938515625,27.85,27.42,51.04249954223633
2024-12-27 13:00:00+00:00,111.89559936523438,87.2,507.25,421.56,27.79,27.33,50.95500183105469
2024-12-27 14:00:00+00:00,111.73999786376952,86.99,505.7,418.03,27.47,27.29,50.84000015258789
2024-12-27 15:00:00+00:00,111.3000030517578,86.66,502.9079296875,415.73,27.32,27.309599609375,50.89250183105469
2024-12-27 16:00:00+00:00,111.23999786376952,86.46000000000001,502.46,416.185,27.33,27.26,50.91749954223633
2024-12-30 08:00:00+00:00,111.26000213623048,86.553740234375,503.22,417.09,27.39,27.18,50.76750183105469
2024-12-30 09:00:00+00:00,111.22000122070312,86.52,502.58,416.49,27.34,27.22,50.80500030517578
2024-12-30 10:00:00+00:00,111.08000183105467,86.47,502.090859375,416.07,27.34,27.2,50.747501373291016
2024-12-30 11:00:00+00:00,111.08000183105467,86.43,501.85,415.92,27.37,27.20783935546875,50.84999847412109
2024-12-30 12:00:00+00:00,110.54000091552734,85.96000000000001,498.39,412.82,27.13,27.16,50.95500183105469
2024-12-30 13:00:00+00:00,110.44000244140624,85.86,498.19,412.34,27.05,27.17,50.66749954223633
2024-12-30 14:00:00+00:00,110.12000274658205,85.68,496.689609375,410.514375,27.03,27.08552978515625,50.76750183105469
2024-12-30 15:00:00+00:00,110.6999969482422,85.73,497.61,413.5180078125,27.248640136718752,27.21,50.567501068115234
2024-12-30 16:00:00+00:00,110.81999969482422,86.23,500.3191015625,414.015,27.25,27.2,50.46749877929688
2024-12-31 08:00:00+00:00,110.62000274658205,86.0,498.9,412.54,27.17,27.15,50.85749816894531
2024-12-31 09:00:00+00:00,110.9000015258789,86.23865234375,500.51,414.3791015625,27.3,27.18,50.83250045776367
2024-12-31 10:00:00+00:00,110.95999908447266,86.3,500.92,414.72921875,27.34,27.21,50.755001068115234
2024-12-31 11:00:00+00:00,111.0199966430664,86.4,501.46,415.1,27.34,27.25,50.75749969482422
2025-01-02 08:00:00+00:00,111.23999786376952,86.53,502.13,414.33,27.29,27.24,51.25249862670898
2025-01-02 09:00:00+00:00,111.45999908447266,86.6896484375,503.332578125,415.26,27.31,27.3,51.247501373291016
2025-01-02 10:00:00+00:00,111.66000366210938,86.847734375,504.84,416.4688671875,27.3875390625,27.320200195312506,51.35499954223633
2025-01-02 11:00:00+00:00,111.9000015258789,87.09,505.76,417.54,27.49,27.38,51.352500915527344
2025-01-02 12:00:00+00:00,112.16000366210938,87.25,506.91671875,418.28,27.48,27.46,51.37749862670898
2025-01-02 13:00:00+00:00,112.18000030517578,87.4,507.05,418.1833203125,27.49,27.47,51.36750030517578
2025-01-02 14:00:00+00:00,112.27999877929688,87.33,506.87046875,418.0855078125,27.45,27.53,51.48500061035156
2025-01-02 15:00:00+00:00,112.1999969482422,87.2360546875,505.6741796875,416.5858984375,27.35,27.55,51.5724983215332
2025-01-02 16:00:00+00:00,112.1500015258789,87.2175390625,515.9,416.8387109375,27.38,27.54,51.66249847412109
2025-01-03 08:00:00+00:00,111.63999938964844,89.16,503.55,415.22,27.25467041015625,27.54,51.56499862670898
2025-01-03 09:00:00+00:00,111.8000030517578,86.91,503.92,415.7458984375,27.29,27.55,51.58000183105469
2025-01-03 10:00:00+00:00,111.6999969482422,89.16,503.7,415.4,27.29,27.54528076171875,51.622501373291016
2025-01-03 11:00:00+00:00,111.5999984741211,86.79,502.931953125,414.9880078125,27.29,27.56,51.65999984741211
2025-01-03 12:00:00+00:00,111.68000030517578,86.82000000000001,503.32,414.99,27.23,27.54,51.61751174926758
2025-01-03 13:00:00+00:00,111.68328094482422,89.16,503.343359375,414.8887890625,27.25,27.57,51.505001068115234
2025-01-03 14:00:00+00:00,111.87999725341795,86.95,504.42578125,417.298671875,27.59,27.58,51.48749923706055
2025-01-03 15:00:00+00:00,112.0999984741211,87.15,505.97,417.53,27.45,27.6,51.38999938964844
2025-01-03 16:00:00+00:00,112.08999633789062,86.92,505.35,418.0,27.46,27.59,51.34000015258789
2025-01-06 08:00:00+00:00,112.18000030517578,87.25,506.6,419.83,27.55,27.4848291015625,51.150001525878906
2025-01-06 09:00:00+00:00,112.33999633789062,87.43,507.612109375,420.96,27.72,27.542529296875,51.17250061035156
2025-01-06 10:00:00+00:00,112.4000015258789,87.43753906250001,507.8494921875,421.26,27.72,27.53555908203125,51.1974983215332
2025-01-06 11:00:00+00:00,112.36000061035156,87.38,506.17,419.78,27.6,27.65,51.41250991821289
2025-01-06 12:00:00+00:00,112.44000244140624,87.52,506.74328125,420.17,27.61,27.714819335937506,51.41249847412109
2025-01-06 13:00:00+00:00,112.59429931640624,87.53,507.3719140625,420.4784765625,27.6,27.74,50.98500061035156
2025-01-06 14:00:00+00:00,112.63999938964844,87.66,508.6230078125,422.49,27.89,27.67759033203125,51.14250183105469
2025-01-06 15:00:00+00:00,112.8396224975586,87.83,509.8228125,423.7298046875,27.95,27.59,51.20000076293945
2025-01-06 16:00:00+00:00,112.8499984741211,87.83,509.715,423.545,27.93,27.57,51.272499084472656
2025-01-07 08:00:00+00:00,112.0,87.2,504.9392578125,419.9941796875,27.66,27.44,51.34000015258789
2025-01-07 09:00:00+00:00,111.9000015258789,87.13,504.46,419.29,27.64,27.415029296875,51.34249877929688
2025-01-07 10:00:00+00:00,112.0999984741211,87.26,505.37078125,420.08,27.72445068359375,27.44840087890625,51.39500045776367
2025-01-07 11:00:00+00:00,112.197998046875,87.3,505.5,420.0387890625,27.71,27.44,51.47249984741211
2025-01-07 12:00:00+00:00,112.36000061035156,87.46000000000001,506.433203125,420.81,27.72,27.5097998046875,51.54249954223633
2025-01-07 13:00:00+00:00,112.37239074707033,87.5,506.601015625,420.8,27.77,27.491979980468752,51.75
2025-01-07 14:00:00+00:00,112.33999633789062,87.53,506.8990234375,420.2230078125,27.613759765625,27.5097998046875,51.650001525878906
2025-01-07 15:00:00+00:00,112.17159271240234,87.54,507.18,417.958515625,27.45,27.46367919921875,51.48500061035156
2025-01-07 16:00:00+00:00,112.19000244140624,87.32000000000001,505.3084765625,418.44,27.45,27.47,51.52750015258789
2025-01-08 08:00:00+00:00,112.12000274658205,87.22,504.9065234375,417.3,27.38,27.35528076171875,51.53749847412109
2025-01-08 09:00:00+00:00,112.18000030517578,87.247197265625,505.0008203125,417.46,27.4,27.4,51.58250045776367
2025-01-08 10:00:00+00:00,112.23999786376952,87.4,505.47,417.80921875,27.41,27.41,51.5724983215332
2025-01-08 11:00:00+00:00,112.4468994140625,87.55,506.91,418.76,27.48,27.43,51.522499084472656
2025-01-08 12:00:00+00:00,112.33999633789062,87.41,506.2175,417.8287109375,27.42,27.44,51.52999877929688
2025-01-08 13:00:00+00:00,112.5999984741211,87.64,507.605625,419.6387109375,27.55,27.46,51.685001373291016
2025-01-08 14:00:00+00:00,112.4800033569336,87.57000000000001,507.35,419.7569921875,27.54,27.4862109375,51.73749923706055
2025-01-08 15:00:00+00:00,112.5999984741211,87.60000000000001,507.67,419.67828125,27.51,27.515200195312502,51.80500030517578
2025-01-08 16:00:00+00:00,112.54000091552734,87.53,507.095,418.825,27.45,27.47302978515625,51.81499862670898
2025-01-09 08:00:00+00:00,113.16000366210938,88.09,509.92,420.33,27.49,27.60470947265625,51.782501220703125
2025-01-09 09:00:00+00:00,113.22000122070312,88.17,510.43,420.76,27.5393310546875,27.6,51.79499816894531
2025-01-09 10:00:00+00:00,113.27999877929688,88.16,510.553828125,421.17,27.572729492187506,27.62556884765625,51.84249877929688
2025-01-09 11:00:00+00:00,113.13999938964844,88.08,509.84,420.468984375,27.53,27.60320068359375,51.89500045776367
2025-01-09 12:00:00+00:00,113.13999938964844,88.09,509.83,420.5,27.52,27.62,51.970001220703125
2025-01-09 13:00:00+00:00,113.08000183105467,88.01,510.0,420.1087890625,27.45,27.6044091796875,51.942169189453125
2025-01-09 14:00:00+00:00,112.91999816894533,87.95,508.77,419.6291015625,27.55,27.56,51.95249938964844
2025-01-09 15:00:00+00:00,113.05999755859376,87.92,509.67,420.56,27.55,27.6,51.8650016784668
2025-01-09 16:00:00+00:00,113.0199966430664,88.0,508.82,419.785,27.42,27.58,51.869998931884766
2025-01-10 08:00:00+00:00,112.9800033569336,88.01,509.66,420.121015625,27.45,27.43,52.06999969482422
2025-01-10 09:00:00+00:00,112.73999786376952,87.83,508.7030078125,419.56,27.43,27.39,52.05500030517578
2025-01-10 10:00:00+00:00,112.94000244140624,87.97,509.5,420.6387890625,27.48,27.4197998046875,52.11249923706055
2025-01-10 11:00:00+00:00,112.83999633789062,87.94,509.373984375,420.36,27.48,27.36,52.10499954223633
2025-01-10 12:00:00+00:00,112.8000030517578,87.9,508.623984375,419.76,27.38,27.34,52.040000915527344
2025-01-10 13:00:00+00:00,112.73999786376952,87.91,509.01,419.083515625,27.35,27.35,52.14250183105469
2025-01-10 14:00:00+00:00,112.58000183105467,87.57000000000001,506.7973828125,417.071953125,27.17,27.24,52.26499938964844
2025-01-10 15:00:00+00:00,112.26000213623048,87.39,505.8176953125,416.92,27.0819091796875,27.26,52.32500076293945
2025-01-10 16:00:00+00:00,112.22000122070312,87.4,505.9259375,416.57,27.067880859375,27.3,52.255001068115234
2025-01-13 08:00:00+00:00,112.12000274658205,87.32000000000001,505.7908984375,415.85,27.05,27.17,52.22999954223633
2025-01-13 09:00:00+00:00,112.04000091552734,87.32000000000001,505.75078125,415.2680078125,26.97,27.16,52.19499969482422
2025-01-13 10:00:00+00:00,111.9800033569336,87.21000000000001,505.3,414.8028125,26.91,27.1651904296875,52.084999084472656
2025-01-13 11:00:00+00:00,112.16000366210938,87.37,506.4265625,415.94,26.99,27.15,51.98500061035156
2025-01-13 12:00:00+00:00,112.23999786376952,87.45,506.7230078125,416.6880078125,27.04114990234375,27.2,51.90499877929688
2025-01-13 13:00:00+00:00,112.05999755859376,87.31,505.863984375,415.72,26.98,27.126689453125,51.87553024291992
2025-01-13 14:00:00+00:00,112.22000122070312,87.41,506.335390625,414.66,26.89,27.19,51.90999984741211
2025-01-13 15:00:00+00:00,112.16000366210938,87.4,506.37,415.22,26.85,27.14,51.71250915527344
2025-01-13 16:00:00+00:00,112.01000213623048,87.29,505.305,414.335,26.8,27.13,51.83000183105469
2025-01-14 08:00:00+00:00,112.9000015258789,87.93,510.0415625,419.64,27.2,27.41555908203125,51.90999984741211
2025-01-14 09:00:00+00:00,113.16000366210938,88.14,510.834765625,420.55,27.25,27.46780029296875,51.8224983215332
2025-01-14 10:00:00+00:00,113.12000274658205,88.080595703125,510.94,420.03,27.23,27.4510009765625,51.82500076293945
2025-01-14 11:00:00+00:00,113.0199966430664,88.028427734375,510.4155078125,419.35,27.16,27.48,51.880001068115234
2025-01-14 12:00:00+00:00,113.04000091552734,88.01,510.3,419.08,27.15,27.48708984375,51.85749816894531
2025-01-14 13:00:00+00:00,113.23999786376952,88.19,511.5,420.471171875,27.23,27.5426708984375,51.75749969482422
2025-01-14 14:00:00+00:00,112.94000244140624,87.98,510.32,418.7494921875,27.12,27.47,51.79249954223633
2025-01-14 15:00:00+00:00,112.5999984741211,87.69,509.95,416.47,26.97,27.41,51.932498931884766
2025-01-14 16:00:00+00:00,112.47000122070312,87.59,507.13,416.2,26.92,27.37,51.935001373291016
2025-01-15 08:00:00+00:00,112.6999969482422,87.76,508.13,416.42,26.97,27.34,52.157501220703125
2025-01-15 09:00:00+00:00,112.6999969482422,87.73,507.94,416.2680078125,26.97,27.39,52.20750045776367
2025-01-15 10:00:00+00:00,112.72000122070312,87.76186523437501,507.937109375,416.18,26.96,27.360300292968752,52.25
2025-01-15 11:00:00+00:00,112.94000244140624,87.95,508.9030859375,416.9594921875,27.02,27.42,52.227500915527344
2025-01-15 12:00:00+00:00,112.9800033569336,87.96000000000001,509.16,417.12,27.03,27.41030029296875,52.17499923706055
2025-01-15 13:00:00+00:00,113.4000015258789,88.35000000000001,511.5100390625,419.78,27.18,27.51,52.34999847412109
2025-01-15 14:00:00+00:00,113.81999969482422,88.6398046875,513.691953125,421.77,27.28,27.49,52.13249969482422
2025-01-15 15:00:00+00:00,113.73999786376952,88.61,513.58,422.080703125,27.35,27.54,52.06499862670898
2025-01-15 16:00:00+00:00,113.87999725341795,88.69242187500001,514.23,422.84,27.365,27.585,52.13999938964844
2025-01-16 08:00:00+00:00,114.83999633789062,89.44,519.12,428.4496484375,27.88801025390625,27.9,52.445011138916016
2025-01-16 09:00:00+00:00,114.81999969482422,89.44,518.8382031250001,427.49,27.77,27.82589111328125,52.560001373291016
2025-01-16 10:00:00+00:00,114.86000061035156,89.49,519.21,427.71,27.79,27.87,52.61249923706055
2025-01-16 11:00:00+00:00,114.76000213623048,89.43,518.73,427.66,27.79883056640625,27.83,52.61000061035156
2025-01-16 12:00:00+00:00,114.62000274658205,89.27,517.9,426.617890625,27.7147998046875,27.81989990234375,52.58250045776367
2025-01-16 13:00:00+00:00,114.76000213623048,89.36,518.3676953125,427.47,27.77,27.85,52.73749923706055
2025-01-16 14:00:00+00:00,114.41999816894533,89.19,517.0,424.99,27.55,27.76,52.837501525878906
2025-01-16 15:00:00+00:00,114.4000015258789,89.25,516.1,424.9,27.49,27.67,52.79249954223633
2025-01-16 16:00:00+00:00,114.44000244140624,89.17,516.5,424.84,27.427470703125,27.69,52.84000015258789
2025-01-17 08:00:00+00:00,115.0,89.55,518.42,424.6,27.36,27.81,52.70750045776367
2025-01-17 09:00:00+00:00,114.95999908447266,89.55,518.47,425.06,27.37,27.81,52.57749938964844
2025-01-17 10:00:00+00:00,114.94000244140624,89.52,518.1,424.4,27.3410009765625,27.8,52.55500030517578
2025-01-17 11:00:00+00:00,114.95999908447266,89.57000000000001,518.11,424.62,27.4,27.77320068359375,52.63249969482422
2025-01-17 12:00:00+00:00,115.08000183105467,89.63,518.92,425.36,27.43,27.78,52.70249938964844
2025-01-17 13:00:00+00:00,115.41999816894533,89.94,521.1,429.33,27.648500976562502,27.84,52.584999084472656
2025-01-17 14:00:00+00:00,115.45999908447266,89.88,521.13,428.135,27.58,28.0,52.69749069213867
2025-01-17 15:00:00+00:00,115.68000030517578,89.9,521.97,429.78,27.68,27.98,52.75249862670898
2025-01-17 16:00:00+00:00,115.77999877929688,90.18,522.87,430.68,27.72,28.0,52.76499938964844
2025-01-20 08:00:00+00:00,115.77999877929688,90.14,522.26,430.39,27.69,28.1,52.6150016784668
2025-01-20 09:00:00+00:00,115.87999725341795,90.23,522.64,430.9,27.74,28.09,52.59249877929688
2025-01-20 10:00:00+00:00,115.76000213623048,90.16,522.48,430.738984375,27.72,28.02,52.65499877929688
2025-01-20 11:00:00+00:00,115.5999984741211,90.04,521.7580078125,430.191015625,27.6866796875,27.99,52.657501220703125
2025-01-20 12:00:00+00:00,115.53050231933594,89.98,521.2848046875,429.655,27.64,27.97,52.64500045776367
2025-01-20 13:00:00+00:00,115.37999725341795,89.83,519.361328125,428.26,27.53654052734375,28.01,52.58250045776367
2025-01-20 14:00:00+00:00,115.58000183105467,89.93,520.0473828125,429.07640625,27.60826904296875,28.12,52.69499969482422
2025-01-20 15:00:00+00:00,115.37039947509766,89.77,519.33,428.19,27.58,28.07,52.60499954223633
2025-01-20 16:00:00+00:00,115.4000015258789,89.81,519.6,428.64,27.56,28.0502001953125,52.622501373291016
2025-01-21 08:00:00+00:00,115.5199966430664,89.9,520.69,428.7912890625,27.54196044921875,27.98,52.90499877929688
2025-01-21 09:00:00+00:00,115.68000030517578,90.08,521.33,430.14890625,27.65,27.96,52.90250015258789
2025-01-21 10:00:00+00:00,115.5999984741211,90.03,521.5880078125,429.96,27.59,27.95426025390625,52.852500915527344
2025-01-21 11:00:00+00:00,115.62000274658205,90.06,521.8230078125,430.06,27.59,27.9560400390625,52.935001373291016
2025-01-21 12:00:00+00:00,115.63999938964844,90.05,521.94,430.36,27.6,27.89615966796875,53.00249862670898
2025-01-21 13:00:00+00:00,115.5,89.95,520.9769921875001,429.61,27.53,27.84,52.97249984741211
2025-01-21 14:00:00+00:00,115.4000015258789,89.96000000000001,520.411484375,427.52,27.39,27.79,53.18999862670898
2025-01-21 15:00:00+00:00,115.36000061035156,89.82208984375,519.35,426.6,27.36,27.8,53.23249816894531
2025-01-21 16:00:00+00:00,115.27999877929688,89.82000000000001,519.4519921875,426.34,27.27,27.8,53.27000045776367
2025-01-22 08:00:00+00:00,115.81999969482422,90.3036328125,522.36,431.06,27.74,27.75,53.50749969482422
2025-01-22 09:00:00+00:00,115.69100189208984,90.17,521.38,429.8715625,27.68,27.8,53.61000061035156
2025-01-22 10:00:00+00:00,115.72000122070312,90.15,521.39140625,429.92,27.7,27.79,53.65250015258789
2025-01-22 11:00:00+00:00,115.76000213623048,90.2001953125,521.64,430.23,27.74,27.75698974609375,53.58000183105469
2025-01-22 12:00:00+00:00,115.81999969482422,90.25,521.98,430.715234375,27.75,27.7768701171875,53.61000061035156
2025-01-22 13:00:00+00:00,115.94000244140624,90.32,522.76,431.23,27.82,27.77,53.59965133666992
2025-01-22 14:00:00+00:00,115.9800033569336,90.38,523.41234375,433.43,28.02,27.7589990234375,53.51250076293945
2025-01-22 15:00:00+00:00,116.11699676513672,90.51,524.48390625,433.68,28.03,27.81,53.6150016784668
2025-01-22 16:00:00+00:00,116.1999969482422,90.3,524.64859375,434.835,28.09,27.8,53.58250045776367
2025-01-23 08:00:00+00:00,116.04000091552734,90.44,523.9278125,432.28,27.98,27.7823193359375,53.5
2025-01-23 09:00:00+00:00,115.9000015258789,90.36,523.48,431.84,27.9,27.76,53.3650016784668
2025-01-23 10:00:00+00:00,115.9000015258789,90.327001953125,523.1,431.32,27.9,27.76,53.48500061035156
2025-01-23 11:00:00+00:00,116.08000183105467,90.49,524.1427734375,432.15,27.97,27.77,53.497501373291016
2025-01-23 12:00:00+00:00,116.0,90.48,524.0,432.04,27.95,27.79,53.32749938964844
2025-01-23 13:00:00+00:00,116.0199966430664,90.44,523.7583203125,431.86,27.95,27.81,53.28499984741211
2025-01-23 14:00:00+00:00,115.9800033569336,90.38,523.63,431.7087109375,27.98241943359375,27.7685009765625,53.36750030517578
2025-01-23 15:00:00+00:00,116.13999938964844,90.57,524.54,432.4158203125,28.03,27.82,53.38249969482422
2025-01-23 16:00:00+00:00,116.12999725341795,90.59,524.38,432.19,27.995,27.81,53.45500183105469
2025-01-24 08:00:00+00:00,116.0999984741211,90.46,522.8346484375,430.76515625,27.87,27.88,53.91749954223633
2025-01-24 09:00:00+00:00,115.82328033447266,90.3,522.0,430.33,27.87,27.8,53.88999938964844
2025-01-24 10:00:00+00:00,115.81999969482422,90.28,521.5930078125,430.2887890625,27.89,27.77,53.95000076293945
2025-01-24 11:00:00+00:00,115.91999816894533,90.36,522.47,430.69,27.93,27.78676025390625,53.95750045776367
2025-01-24 12:00:00+00:00,115.91999816894533,90.39,522.76,431.38,27.98,27.82,54.0
2025-01-24 13:00:00+00:00,115.83999633789062,90.34,522.3655859375,430.95890625,27.94,27.82679931640625,54.0724983215332
2025-01-24 14:00:00+00:00,115.8000030517578,90.31,522.4001953125,430.96,27.97,27.68,54.0
2025-01-24 15:00:00+00:00,115.3000030517578,89.89,519.5838671875,428.0,27.69,27.6560595703125,53.95249938964844
2025-01-24 16:00:00+00:00,115.4000015258789,90.16,519.965,428.315,27.705,27.7,53.9375
2025-01-27 08:00:00+00:00,113.5199966430664,88.4,509.8,414.52,26.58,27.13,53.58501052856445
2025-01-27 09:00:00+00:00,113.23999786376952,88.22,508.27,412.04,26.26,27.1,53.685001373291016
2025-01-27 10:00:00+00:00,112.5999984741211,87.7599609375,504.7495703125,406.6,25.85,27.06,53.80501174926758
2025-01-27 11:00:00+00:00,112.81999969482422,87.86,505.66,408.5634375,25.99,27.07,53.84749984741211
2025-01-27 12:00:00+00:00,112.94000244140624,87.99,506.358203125,409.5,26.1,27.13,53.65999984741211
2025-01-27 13:00:00+00:00,113.1999969482422,88.14,507.34,411.34,26.25,27.2,53.5724983215332
2025-01-27 14:00:00+00:00,114.37999725341795,88.52,509.880234375,414.7866015625,26.55,27.17,53.46500015258789
2025-01-27 15:00:00+00:00,113.81999969482422,88.31,510.651015625,415.35,26.27,27.2,53.28287887573242
2025-01-27 16:00:00+00:00,113.5,88.38,508.77,413.11,26.03,27.13,53.26250076293945
2025-01-28 08:00:00+00:00,114.5,89.23,514.8430859375001,418.33,26.51,27.27,53.27000045776367
2025-01-28 09:00:00+00:00,114.4800033569336,89.25,514.7372265625,417.84,26.49,27.21,53.32749938964844
2025-01-28 10:00:00+00:00,114.5199966430664,89.31,515.04,418.095078125,26.52,27.27,53.30500030517578
2025-01-28 11:00:00+00:00,114.5,89.28,515.02578125,417.5058203125,26.47,27.274450683593752,53.29499816894531
2025-01-28 12:00:00+00:00,114.54000091552734,89.25,514.82,416.79,26.38,27.2343798828125,53.34249877929688
2025-01-28 13:00:00+00:00,114.5,89.28,514.6098046875001,416.7353125,26.37,27.27,53.42499923706055
2025-01-28 14:00:00+00:00,114.2770004272461,89.08,513.07,416.42,26.38,27.21,53.52750015258789
2025-01-28 15:00:00+00:00,114.77030181884766,89.53,516.244609375,416.1951171875,26.62,27.21,53.55500030517578
2025-01-28 16:00:00+00:00,114.4800033569336,89.27,514.9080078125,418.16,26.62,27.19,53.59999847412109
2025-01-29 08:00:00+00:00,115.1953582763672,89.758251953125,518.196796875,423.4329296875,27.17,27.63320068359375,53.72249984741211
2025-01-29 09:00:00+00:00,115.33999633789062,89.89,518.7925,424.2,27.1989990234375,27.65,53.69499969482422
2025-01-29 10:00:00+00:00,115.44000244140624,89.95,519.0020703125,424.09,27.19,27.653200683593752,53.59999847412109
2025-01-29 11:00:00+00:00,115.44000244140624,89.95,519.36,424.47,27.18,27.68,53.61500930786133
2025-01-29 12:00:00+00:00,115.26000213623048,89.79,518.098046875,423.61,27.05,27.66,53.567501068115234
2025-01-29 13:00:00+00:00,115.25299835205078,89.79,517.9444140625,423.53,27.0,27.63679931640625,53.6150016784668
2025-01-29 14:00:00+00:00,115.22000122070312,89.77,517.704765625,420.9648046875,26.84,27.65,53.619998931884766
2025-01-29 15:00:00+00:00,114.94000244140624,89.71000000000001,516.313671875,420.27,26.69,27.62,53.53749847412109
2025-01-29 16:00:00+00:00,114.88890075683594,89.47,517.42,420.19,26.66617919921875,27.6,53.5
2025-01-30 08:00:00+00:00,115.27999877929688,89.83,517.52,423.7702734375,26.8,27.5685009765625,53.94499969482422
2025-01-30 09:00:00+00:00,115.14900207519533,89.738583984375,516.99,422.79,26.69,27.57,53.91999816894531
2025-01-30 10:00:00+00:00,115.27999877929688,89.82000000000001,517.308515625,423.03,26.7,27.6,53.994998931884766
2025-01-30 11:00:00+00:00,115.27999877929688,89.82000000000001,517.264375,423.27,26.75,27.6,53.9900016784668
2025-01-30 12:00:00+00:00,115.18000030517578,89.7,516.77,422.8,26.72,27.59,54.02750015258789
2025-01-30 13:00:00+00:00,115.13999938964844,89.64,515.82,422.49,26.65,27.61,54.1349983215332
2025-01-30 14:00:00+00:00,115.4800033569336,89.49,516.38,422.92,26.65,27.6964404296875,54.182498931884766
2025-01-30 15:00:00+00:00,114.91999816894533,89.91,514.017734375,418.8935546875,26.37,27.79,54.32749938964844
2025-01-30 16:00:00+00:00,115.13999938964844,89.59716796875,514.8219921875,420.187265625,26.44,27.772880859375,54.25
2025-01-31 08:00:00+00:00,116.08000183105467,90.4,520.7191015625,426.12,26.95,27.97,54.26250076293945
2025-01-31 09:00:00+00:00,116.08000183105467,90.41,521.07,426.58,27.0,27.94,54.29750061035156
2025-01-31 10:00:00+00:00,116.12000274658205,90.45,521.14,426.77,27.0,27.94,54.29249954223633
2025-01-31 11:00:00+00:00,116.26000213623048,90.56,521.7619921875,427.47,27.05,27.99,54.41749954223633
2025-01-31 12:00:00+00:00,116.12000274658205,90.45,521.12,426.55578125,27.02,27.97,54.51499938964844
2025-01-31 13:00:00+00:00,116.1999969482422,90.5,521.44,426.96,27.08,27.97,54.54750061035156
2025-01-31 14:00:00+00:00,116.3000030517578,90.51,522.29,428.9,27.0,27.96,54.619998931884766
2025-01-31 15:00:00+00:00,116.23999786376952,90.48,522.1823828125,429.38,27.08,27.92,54.58000183105469
2025-01-31 16:00:00+00:00,116.16000366210938,90.66,521.89734375,428.87140625,27.025,27.92,54.532501220703125
2025-02-03 08:00:00+00:00,114.3000030517578,88.94,513.6,419.42,26.28,27.4435888671875,54.35499954223633
2025-02-03 09:00:00+00:00,114.16000366210938,88.89,512.886328125,419.06,26.25,27.430048828125,54.36500930786133
2025-02-03 10:00:00+00:00,114.18199920654295,88.95,513.13,419.47,26.3,27.45426025390625,54.37749862670898
2025-02-03 11:00:00+00:00,114.1521987915039,88.9,512.38,419.0500390625,26.28,27.45,54.45249938964844
2025-02-03 12:00:00+00:00,113.73999786376952,88.55,510.4328125,417.4299609375,26.07,27.3752001953125,54.630001068115234
2025-02-03 13:00:00+00:00,113.66000366210938,88.53,510.1775,417.22,26.07,27.35,54.61750030517578
2025-02-03 14:00:00+00:00,113.77999877929688,88.51,510.283046875,420.03,26.07,27.43,54.99250030517578
2025-02-03 15:00:00+00:00,114.41999816894533,89.06,513.0233203125,420.48,26.17,27.58,54.755001068115234
2025-02-03 16:00:00+00:00,114.27999877929688,88.94,512.5494921875,419.83,26.04,27.59,54.79999923706055
2025-02-04 08:00:00+00:00,114.0,88.64,510.79734375,418.47,26.05,27.72,54.72249984741211
2025-02-04 09:00:00+00:00,114.08000183105467,88.69,510.75,418.46,26.07,27.73,54.81999969482422
2025-02-04 10:00:00+00:00,114.18000030517578,88.76,511.32,418.81640625,26.09,27.78,54.70500183105469
2025-02-04 11:00:00+00:00,114.33999633789062,88.9,512.038984375,419.87,26.0806591796875,27.7751806640625,54.72249984741211
2025-02-04 12:00:00+00:00,114.5,89.03,512.94,420.4819921875,26.14,27.81,54.85749816894531
2025-02-04 13:00:00+00:00,114.27999877929688,88.85540039062501,511.98875,419.5,26.12,27.75,55.02999877929688
2025-02-04 14:00:00+00:00,115.0,88.97,512.35,421.746953125,26.18,27.77,55.16749954223633
2025-02-04 15:00:00+00:00,114.45570373535156,88.99,512.39,421.6851171875,26.27,27.8531689453125,55.147499084472656
2025-02-04 16:00:00+00:00,114.5999984741211,88.96000000000001,513.38,422.595,26.33,27.86,55.23249816894531
2025-02-05 08:00:00+00:00,113.91999816894533,88.62,509.4323828125,417.82,26.1,27.64,55.71500015258789
2025-02-05 09:00:00+00:00,113.72000122070312,88.483564453125,508.644921875,416.69765625,26.07,27.56679931640625,55.77999877929688
2025-02-05 10:00:00+00:00,113.697998046875,88.451904296875,508.0919921875,416.71,26.01,27.56,55.71500015258789
2025-02-05 11:00:00+00:00,113.83999633789062,88.57000000000001,508.9779296875,417.285703125,26.08,27.59,55.73749923706055
2025-02-05 12:00:00+00:00,113.81999969482422,88.58,509.13,417.447421875,26.126259765625,27.57,55.775001525878906
2025-02-05 13:00:00+00:00,114.0999984741211,88.78,510.460546875,418.57,26.22,27.61,55.619998931884766
2025-02-05 14:00:00+00:00,114.95999908447266,88.83,509.92,418.78,26.44,27.62,55.817501068115234
2025-02-05 15:00:00+00:00,114.27999877929688,88.93,511.180390625,419.7,26.36,27.666708984375,55.95500183105469
2025-02-05 16:00:00+00:00,114.30999755859376,88.94,511.18,420.27,26.44,27.675,55.775001525878906
2025-02-06 08:00:00+00:00,115.63999938964844,90.07000000000001,518.3766015625,426.43,26.85,27.8726708984375,55.50749969482422
2025-02-06 09:00:00+00:00,115.83999633789062,90.21,519.1,427.15,26.89,27.93840087890625,55.54249954223633
2025-02-06 10:00:00+00:00,115.77999877929688,90.21,519.44,426.89,26.86,27.92,55.560001373291016
2025-02-06 11:00:00+00:00,115.76000213623048,90.07000000000001,518.1,426.96,26.82739990234375,27.91,55.692501068115234
2025-02-06 12:00:00+00:00,116.3000030517578,90.58,521.0249609375,428.32,26.99,28.04,55.650001525878906
2025-02-06 13:00:00+00:00,116.18000030517578,90.53,520.863046875,428.0108984375,26.9764697265625,28.0,55.50749969482422
2025-02-06 14:00:00+00:00,116.13999938964844,90.4,519.98421875,427.9111328125,26.99,27.98320068359375,55.20750045776367
2025-02-06 15:00:00+00:00,115.91999816894533,90.23400390625,518.67,426.71,26.89,27.9747998046875,55.38999938964844
2025-02-06 16:00:00+00:00,115.80999755859376,90.18400390625,518.3342578125,426.7,26.85,27.935,55.415000915527344
2025-02-07 08:00:00+00:00,115.6999969482422,90.04,517.5,426.6,26.96,28.07,55.6875
2025-02-07 09:00:00+00:00,115.83999633789062,90.116591796875,518.16,427.13,26.94,28.12,55.7400016784668
2025-02-07 10:00:00+00:00,115.9000015258789,90.13,518.52,427.28,26.97,28.1730908203125,55.72999954223633
2025-02-07 11:00:00+00:00,115.90897369384766,90.19,518.7,427.61,26.9651806640625,28.134008789062506,55.72249984741211
2025-02-07 12:00:00+00:00,115.87999725341795,90.19849609375,518.7,427.65,27.0,28.13,55.65499877929688
2025-02-07 13:00:00+00:00,116.0999984741211,90.34,519.8100000000001,428.52,27.02,28.15,55.625
2025-02-07 14:00:00+00:00,116.04000091552734,90.2536328125,519.3,428.71,27.0,28.13,55.900001525878906
2025-02-07 15:00:00+00:00,115.8000030517578,90.28,517.23,425.4433984375,26.85,28.05,55.97999954223633
2025-02-07 16:00:00+00:00,115.5,89.89,516.78,425.315,26.81,28.04,55.77750015258789
2025-02-10 08:00:00+00:00,115.77999877929688,90.04,517.78,426.04,26.89,28.13509033203125,56.28750991821289
2025-02-10 09:00:00+00:00,115.73999786376952,89.99,517.5109375,426.03,26.9,28.16,56.41749954223633
2025-02-10 10:00:00+00:00,115.8000030517578,90.06,517.6,426.23,26.9,28.18,56.38750076293945
2025-02-10 11:00:00+00:00,115.9020004272461,90.16,518.26,426.91,26.92,28.22050048828125,56.45750045776367
2025-02-10 12:00:00+00:00,116.08000183105467,90.27,518.908359375,427.24,26.98,28.27,56.41749954223633
2025-02-10 13:00:00+00:00,116.19609832763672,90.32,519.4124218750001,427.9,27.03758056640625,28.28,56.375
2025-02-10 14:00:00+00:00,116.12000274658205,90.39,519.01,428.49,27.16,28.23,56.51250076293945
2025-02-10 15:00:00+00:00,116.27999877929688,90.43,520.0195703125,429.613828125,27.22,28.3,56.53499984741211
2025-02-10 16:00:00+00:00,116.16000366210938,90.357998046875,519.48,429.505,27.19,28.28,56.47249984741211
2025-02-11 08:00:00+00:00,116.16000366210938,90.44,519.78,428.86,27.15,28.14,56.494998931884766
2025-02-11 09:00:00+00:00,116.03630065917967,90.31,519.15,428.24,27.09,28.071708984375,56.41999816894531
2025-02-11 10:00:00+00:00,116.0199966430664,90.306337890625,518.94203125,428.09,27.05739990234375,28.12,56.407501220703125
2025-02-11 11:00:00+00:00,116.12000274658205,90.36,519.42,428.46,27.1,28.13,56.435001373291016
2025-02-11 12:00:00+00:00,116.0,90.26,519.01,427.75,27.08,28.09,56.1349983215332
2025-02-11 13:00:00+00:00,115.63999938964844,89.99,516.93484375,425.2,26.9,27.99,56.29999923706055
2025-02-11 14:00:00+00:00,115.77999877929688,90.09,517.575390625,427.66,27.11,28.11,56.34249877929688
2025-02-11 15:00:00+00:00,116.08000183105467,90.05,518.61,428.7,27.27,28.183630371093752,56.45500183105469
2025-02-11 16:00:00+00:00,115.91999816894533,90.2,518.225,428.12,27.235,28.18,56.49250030517578
2025-02-12 08:00:00+00:00,115.83999633789062,90.12,517.76,426.734765625,27.15,28.18,56.18999862670898
2025-02-12 09:00:00+00:00,115.6999969482422,90.02,517.08,425.967890625,27.0735009765625,28.18,56.09749984741211
2025-02-12 10:00:00+00:00,115.8000030517578,90.087998046875,517.5,426.496015625,27.1,28.22,56.02750015258789
2025-02-12 11:00:00+00:00,115.66000366210938,89.97,516.7667578125,426.02,27.05,28.156049804687505,55.970001220703125
2025-02-12 12:00:00+00:00,115.77999877929688,90.07000000000001,517.41,426.8569921875,27.1,28.15,56.06999969482422
2025-02-12 13:00:00+00:00,115.23300170898438,89.64798828125001,515.1581640625,423.4848046875,26.92,28.1148388671875,56.0625
2025-02-12 14:00:00+00:00,115.5,89.88,516.2075,425.58,27.01,28.13,56.25749969482422
2025-02-12 15:00:00+00:00,115.5,89.68,515.9244921875,425.6581640625,27.0,28.16534912109375,56.25
2025-02-12 16:00:00+00:00,115.41000366210938,89.77,515.235,425.115,26.98,28.16,56.2400016784668
2025-02-13 08:00:00+00:00,115.3000030517578,89.691494140625,514.04,425.44,26.93,28.06,56.5724983215332
2025-02-13 09:00:00+00:00,115.37999725341795,89.77762695312501,514.15,425.7021875,26.96,28.0068408203125,56.65250015258789
2025-02-13 10:00:00+00:00,115.41761779785156,89.814423828125,514.49,425.71,26.96655029296875,28.03,56.71500015258789
2025-02-13 11:00:00+00:00,115.54000091552734,89.82000000000001,514.781875,426.13,26.97,28.05,56.70000076293945
2025-02-13 12:00:00+00:00,115.55291748046876,89.93,515.29,426.36,27.03,28.04,56.6974983215332
2025-02-13 13:00:00+00:00,115.72000122070312,90.06,516.1647265625,427.35,27.1,28.05,56.51250076293945
2025-02-13 14:00:00+00:00,115.6999969482422,90.07000000000001,516.0600000000001,428.068984375,27.12,28.02,56.647499084472656
2025-02-13 15:00:00+00:00,115.73999786376952,90.07000000000001,516.1175000000001,428.728515625,27.2,28.09679931640625,56.75
2025-02-13 16:00:00+00:00,115.62000274658205,89.98,515.28,427.6,27.18,28.1029296875,56.69499969482422
2025-02-14 08:00:00+00:00,115.68000030517578,90.05,516.01,428.16,27.15,28.12320068359375,57.060001373291016
2025-02-14 09:00:00+00:00,115.76000213623048,90.04849609375,515.79,428.33,27.19,28.15,57.04499816894531
2025-02-14 10:00:00+00:00,115.68000030517578,90.03,515.83,428.2,27.18,28.14,57.06499862670898
2025-02-14 11:00:00+00:00,115.66000366210938,89.94,514.9623828125,427.19,27.07,28.13,56.97499847412109
2025-02-14 12:00:00+00:00,115.62000274658205,89.96000000000001,515.32,427.52,27.09,28.15,56.94499969482422
2025-02-14 13:00:00+00:00,115.5999984741211,89.93,514.92,427.199609375,27.08,28.13,56.744998931884766
2025-02-14 14:00:00+00:00,115.5199966430664,89.87,514.82,427.22,27.1099609375,28.13,56.744998931884766
2025-02-14 15:00:00+00:00,115.5,89.84,515.13,427.9673046875,27.22,28.09,56.41250991821289
2025-02-14 16:00:00+00:00,115.4800033569336,89.81,514.71,427.88,27.13,28.095,56.23500061035156
2025-02-17 08:00:00+00:00,115.83999633789062,90.06,516.17,430.31,27.3939111328125,28.23,56.36000061035156
2025-02-17 09:00:00+00:00,115.95999908447266,90.16,516.54,430.59,27.405791015625,28.265419921875,56.407501220703125
2025-02-17 10:00:00+00:00,115.87999725341795,90.12724609375,516.25,430.38,27.41,28.25,56.3224983215332
2025-02-17 11:00:00+00:00,115.83999633789062,90.09,516.0,430.00109375,27.34,28.25,56.375
2025-02-17 12:00:00+00:00,115.94000244140624,90.16,516.53,430.52,27.42,28.26,56.320011138916016
2025-02-17 13:00:00+00:00,115.96630096435548,90.18,516.67,430.7,27.4047509765625,28.29,56.28499984741211
2025-02-17 14:00:00+00:00,115.9000015258789,90.12,515.918125,429.77,27.3489794921875,28.3,56.41999816894531
2025-02-17 15:00:00+00:00,115.83999633789062,90.08,515.61,429.94,27.369140625,28.3,56.34249877929688
2025-02-17 16:00:00+00:00,115.83999633789062,90.1,515.8100000000001,429.75,27.32576904296875,28.31,56.32749938964844
2025-02-18 08:00:00+00:00,115.94000244140624,90.105498046875,516.19,430.828984375,27.43,28.42,56.584999084472656
2025-02-18 09:00:00+00:00,115.5,90.08,516.17,430.35,27.39,28.4,56.59999847412109
2025-02-18 10:00:00+00:00,116.0999984741211,90.25,517.146875,431.1383203125,27.44125,28.415009765625,56.567501068115234
2025-02-18 11:00:00+00:00,116.05999755859376,90.21,516.9300000000001,430.870703125,27.4,28.41679931640625,56.63249969482422
2025-02-18 12:00:00+00:00,116.22000122070312,90.33,517.5091015625001,431.5269921875,27.53,28.41,56.70500183105469
2025-02-18 13:00:00+00:00,116.22000122070312,90.34,517.45,431.7580078125,27.5060498046875,28.42550048828125,56.72499847412109
2025-02-18 14:00:00+00:00,115.72000122070312,90.02,515.5,429.5530078125,27.42,28.34,56.91249847412109
2025-02-18 15:00:00+00:00,115.8000030517578,90.03,515.31625,428.65,27.33,28.30301025390625,56.872501373291016
2025-02-18 16:00:00+00:00,115.76000213623048,89.97,515.08,428.57,27.41,28.385,56.90999984741211
2025-02-19 08:00:00+00:00,115.95999908447266,90.09,516.226796875,430.3,27.44,28.46,57.08250045776367
2025-02-19 09:00:00+00:00,115.9800033569336,90.12099609375,516.446015625,430.21,27.49,28.49,57.25249862670898
2025-02-19 10:00:00+00:00,115.87999725341795,90.08,516.36,430.029609375,27.48,28.49,57.21749877929688
2025-02-19 11:00:00+00:00,115.83999633789062,90.01,516.5,430.1998828125,27.48,28.44,57.02750015258789
2025-02-19 12:00:00+00:00,115.83999633789062,90.03900390625,516.67,430.71890625,27.51,28.43,57.0
2025-02-19 13:00:00+00:00,115.68000030517578,89.92,515.92,429.93,27.46,28.41,57.07500076293945
2025-02-19 14:00:00+00:00,115.58000183105467,89.83,515.72,430.05,27.35,28.35320068359375,57.102500915527344
2025-02-19 15:00:00+00:00,115.55999755859376,89.85000000000001,516.020390625,428.73,27.3710009765625,28.38,56.852500915527344
2025-02-19 16:00:00+00:00,115.86000061035156,90.08,517.525,430.81,27.48,28.39,56.87749862670898
2025-02-20 08:00:00+00:00,115.66000366210938,89.94,516.48,428.98,27.4001611328125,28.3,57.38750076293945
2025-02-20 09:00:00+00:00,115.76000213623048,90.01,516.6091015625,429.240078125,27.47,28.31320068359375,57.36249923706055
2025-02-20 10:00:00+00:00,115.8000030517578,89.97900390625,516.4416015625,429.19671875,27.4425,28.4489990234375,57.375
2025-02-20 11:00:00+00:00,115.72303009033205,89.95,516.3705859375,429.06578125,27.4,28.51,57.29999923706055
2025-02-20 12:00:00+00:00,115.9000015258789,90.01,516.69,429.6,27.4539990234375,28.6,57.22499847412109
2025-02-20 13:00:00+00:00,115.76000213623048,89.93,515.94,429.2651953125,27.45,28.55,57.02999877929688
2025-02-20 14:00:00+00:00,115.3000030517578,89.55,514.28,425.81,27.2,28.6,57.067501068115234
2025-02-20 15:00:00+00:00,114.87999725341795,89.2,511.45,424.63,27.15,28.47,57.10749816894531
2025-02-20 16:00:00+00:00,115.08000183105467,89.78,512.6800000000001,425.72,27.27,28.48,57.192501068115234
2025-02-21 08:00:00+00:00,115.3000030517578,89.48,513.18359375,426.72,27.32,28.57,56.8125
2025-02-21 09:00:00+00:00,115.4000015258789,89.56,514.006484375,427.3580078125,27.38,28.6010009765625,56.93000030517578
2025-02-21 10:00:00+00:00,115.44000244140624,89.64,513.9608984375,427.3437109375,27.38,28.63,56.95500183105469
2025-02-21 11:00:00+00:00,115.45999908447266,89.63,514.08828125,427.59,27.34,28.65,56.88999938964844
2025-02-21 12:00:00+00:00,115.55999755859376,89.69,514.594453125,428.74,27.43,28.65,56.9375
2025-02-21 13:00:00+00:00,115.5,89.634501953125,514.316171875,428.85,27.46,28.63,56.98249816894531
2025-02-21 14:00:00+00:00,115.04000091552734,89.235361328125,511.7,425.64,27.25,28.62,57.0099983215332
2025-02-21 15:00:00+00:00,114.91999816894533,89.14,511.06,424.401484375,27.18,28.57,56.91749954223633
2025-02-21 16:00:00+00:00,114.93000030517578,89.15,511.24,424.4625,27.17,28.6,57.01250076293945
2025-02-24 08:00:00+00:00,114.1999969482422,88.62900390625,507.31,419.97,26.81,28.37,57.25
2025-02-24 09:00:00+00:00,114.44000244140624,88.8,508.213046875,420.28,26.86,28.38,57.20249938964844
2025-02-24 10:00:00+00:00,114.31999969482422,88.71000000000001,507.81,419.8005078125,26.81,28.36,57.084999084472656
2025-02-24 11:00:00+00:00,114.33999633789062,88.75,508.13,419.97,26.81,28.35,57.27999877929688
2025-02-24 12:00:00+00:00,114.33999633789062,88.71000000000001,507.97,419.921484375,26.83,28.33,57.25249862670898
2025-02-24 13:00:00+00:00,114.27999877929688,88.71000000000001,507.856015625,420.48,26.84,28.2889990234375,57.400001525878906
2025-02-24 14:00:00+00:00,113.66000366210938,88.25,505.193515625,416.58,26.6,28.16,57.130001068115234
2025-02-24 15:00:00+00:00,113.54000091552734,88.04,503.85,415.3880078125,26.4555810546875,28.08,57.06499862670898
2025-02-24 16:00:00+00:00,113.76000213623048,88.34900390625,505.82,417.12,26.585,28.085,57.14751052856445
2025-02-25 08:00:00+00:00,113.37999725341795,88.02,502.7096484375,412.22,26.22,27.98,57.15499877929688
2025-02-25 09:00:00+00:00,113.3000030517578,87.92099609375,501.99,411.5539453125,26.2,27.9789990234375,57.11750030517578
2025-02-25 10:00:00+00:00,113.27999877929688,87.91,501.83,411.2,26.16,27.97,57.08000183105469
2025-02-25 11:00:00+00:00,113.37999725341795,87.98,502.1161328125,411.825,26.22,28.0,57.10499954223633
2025-02-25 12:00:00+00:00,113.4800033569336,88.07000000000001,502.8036328125,412.95,26.34,27.98,56.900001525878906
2025-02-25 13:00:00+00:00,113.37999725341795,88.01,501.8,412.22,26.27,27.99,57.06679153442383
2025-02-25 14:00:00+00:00,113.72000122070312,87.75,500.66,409.305078125,26.05,27.96,56.9900016784668
2025-02-25 15:00:00+00:00,112.63999938964844,87.38900390625,498.9930078125,407.05,25.95,27.99449951171875,56.4474983215332
2025-02-25 16:00:00+00:00,112.45800018310548,87.19,497.12,405.5,25.88,27.94,56.25
2025-02-26 08:00:00+00:00,113.63999938964844,88.06,502.20671875,410.4694921875,26.1935009765625,28.37,56.70000076293945
2025-02-26 09:00:00+00:00,113.5999984741211,88.07000000000001,502.17,410.72,26.18,28.3210009765625,56.587501525878906
2025-02-26 10:00:00+00:00,113.6999969482422,88.13900390625,502.86,411.24,26.24,28.3489990234375,56.595001220703125
2025-02-26 11:00:00+00:00,113.62000274658205,88.07000000000001,502.275,410.5208984375,26.19,28.36,56.60499954223633
2025-02-26 12:00:00+00:00,113.66000366210938,88.12,502.5021875,410.28,26.18,28.37,56.619998931884766
2025-02-26 13:00:00+00:00,113.5,87.99,501.79,410.37,26.2,28.3,56.470001220703125
2025-02-26 14:00:00+00:00,113.4000015258789,87.99,500.79,410.145,26.3,28.2610009765625,56.38750076293945
2025-02-26 15:00:00+00:00,113.5999984741211,88.05,502.168515625,410.23,26.24,28.3,56.59999847412109
2025-02-26 16:00:00+00:00,113.5999984741211,88.11,502.193984375,410.4994921875,26.27,28.3,56.5525016784668
2025-02-27 08:00:00+00:00,113.41999816894533,87.98,502.18,410.66,26.29,27.98,55.98500061035156
2025-02-27 09:00:00+00:00,113.41999816894533,88.02,502.0,410.29,26.25,28.02,56.09999847412109
2025-02-27 10:00:00+00:00,113.4000015258789,87.99,502.12,410.29,26.24,28.0389990234375,56.20249938964844
2025-02-27 11:00:00+00:00,113.5999984741211,88.04,502.542734375,410.7330078125,26.29,28.08,56.04499816894531
2025-02-27 12:00:00+00:00,113.5999984741211,88.13,502.69,411.24,26.37,28.1089990234375,56.067501068115234
2025-02-27 13:00:00+00:00,113.33999633789062,87.95,502.55,411.84,26.39,28.04,56.15433120727539
2025-02-27 14:00:00+00:00,112.5,87.56,499.69,406.17,25.99,27.94,55.817501068115234
2025-02-27 15:00:00+00:00,113.04000091552734,87.69,500.748125,405.95,25.92,27.96,55.807498931884766
2025-02-27 16:00:00+00:00,113.19000244140624,87.54,499.99,407.245,25.97,28.0,55.84999847412109
2025-02-28 08:00:00+00:00,111.91999816894533,86.9,495.82,400.09,25.44,27.38,55.51250076293945
2025-02-28 09:00:00+00:00,112.0,86.98,495.963359375,400.261875,25.38,27.36,55.62749862670898
2025-02-28 10:00:00+00:00,112.05999755859376,87.03,496.35,400.317265625,25.39,27.3769189453125,55.625
2025-02-28 11:00:00+00:00,112.0999984741211,87.02,496.291328125,400.4078125,25.42,27.4110009765625,55.6150016784668
2025-02-28 12:00:00+00:00,111.87999725341795,86.89,495.53,399.51,25.31,27.35,55.5099983215332
2025-02-28 13:00:00+00:00,111.86000061035156,86.87,495.2744140625,398.93,25.24,27.34449951171875,55.34999847412109
2025-02-28 14:00:00+00:00,111.87484741210938,86.79,494.17,398.83,25.17,27.37,55.07500076293945
2025-02-28 15:00:00+00:00,112.4000015258789,87.32000000000001,497.4460546875,402.506015625,25.49,27.44,55.380001068115234
2025-02-28 16:00:00+00:00,112.0500030517578,86.67,496.5760546875,400.3,25.33,27.42,55.34749984741211
2025-03-03 08:00:00+00:00,113.2385025024414,88.05,502.359375,406.09,25.71,27.47,55.73749923706055
2025-03-03 09:00:00+00:00,113.26000213623048,88.070068359375,502.18,405.88,25.73,27.46,55.72249984741211
2025-03-03 10:00:00+00:00,113.13999938964844,87.97,501.56,405.31,25.66,27.43449951171875,55.810001373291016
2025-03-03 11:00:00+00:00,113.18000030517578,88.01,501.5771484375,405.65,25.68,27.44,55.86000061035156
2025-03-03 12:00:00+00:00,113.10679626464844,87.97,500.920390625,405.3538671875,25.66,27.4,55.88249969482422
2025-03-03 13:00:00+00:00,113.13999938964844,87.971708984375,500.6499609375,405.4611328125,25.63,27.42,55.81499862670898
2025-03-03 14:00:00+00:00,112.5,87.55825195312501,497.5720703125,401.115546875,25.24,27.32,55.92499923706055
2025-03-03 15:00:00+00:00,112.5,87.4,496.67734375,400.942265625,25.2180908203125,27.3589990234375,56.11750030517578
2025-03-03 16:00:00+00:00,112.4000015258789,87.35000000000001,496.67,401.76,25.25,27.32,56.119998931884766
2025-03-04 08:00:00+00:00,110.95999908447266,86.12,489.3,393.74,24.7,27.11,56.63249969482422
2025-03-04 09:00:00+00:00,110.81999969482422,86.03,488.67,393.22,24.655,27.1,56.712501525878906
2025-03-04 10:00:00+00:00,110.6999969482422,85.97,488.05,392.5676953125,24.59,27.07,56.64500045776367
2025-03-04 11:00:00+00:00,110.5999984741211,85.864951171875,487.58,392.35,24.585,27.09,56.747501373291016
2025-03-04 12:00:00+00:00,110.04000091552734,85.43,484.47,389.03,24.335,27.02,56.834999084472656
2025-03-04 13:00:00+00:00,110.12000274658205,85.46000000000001,485.23,389.87,24.34,27.0,56.8025016784668
2025-03-04 14:00:00+00:00,109.5999984741211,85.0,482.5,389.15,24.4,27.01,56.43000030517578
2025-03-04 15:00:00+00:00,109.23999786376952,84.7,480.68,387.8273828125,24.38,26.9410009765625,56.477500915527344
2025-03-04 16:00:00+00:00,108.9000015258789,84.52,479.875,387.1,24.325,26.915,56.505001068115234
2025-03-05 08:00:00+00:00,109.95999908447266,85.08,481.08,390.56,24.595,27.41,56.73500061035156
2025-03-05 09:00:00+00:00,110.4000015258789,85.49,482.61,391.9,24.665,27.46,56.72499847412109
2025-03-05 10:00:00+00:00,110.05999755859376,85.26,481.4322265625,390.83,24.59,27.39,56.602500915527344
2025-03-05 11:00:00+00:00,109.91999816894533,85.11,480.57,390.01,24.56,27.37,56.58750915527344
2025-03-05 12:00:00+00:00,109.94000244140624,85.13,480.11,390.29,24.55,27.37,56.68001174926758
2025-03-05 13:00:00+00:00,109.66000366210938,84.93,478.94,388.9,24.495,27.34,56.34999847412109
2025-03-05 14:00:00+00:00,109.66000366210938,84.61,476.69,385.99,24.185,27.3,56.60499954223633
2025-03-05 15:00:00+00:00,109.5199966430664,84.727060546875,477.35,387.0,24.305,27.42,56.720001220703125
2025-03-05 16:00:00+00:00,109.1500015258789,84.81,475.387890625,385.04,24.175,27.37,56.91249847412109
2025-03-06 08:00:00+00:00,109.58000183105467,84.74,477.85,387.52,24.315,27.55,56.45750045776367
2025-03-06 09:00:00+00:00,109.58000183105467,84.7,477.26,387.36,24.32,27.5989990234375,56.209999084472656
2025-03-06 10:00:00+00:00,109.31999969482422,84.55,476.58,386.61,24.3,27.55,56.34000015258789
2025-03-06 11:00:00+00:00,109.58000183105467,84.73,477.42,387.37,24.32,27.6,56.45750045776367
2025-03-06 12:00:00+00:00,109.36000061035156,84.56,476.47,386.16,24.21,27.58,56.41749954223633
2025-03-06 13:00:00+00:00,109.1999969482422,84.46000000000001,475.73,385.11,24.15,27.55,56.43999862670898
2025-03-06 14:00:00+00:00,109.22000122070312,84.28,473.9417578125,384.07,24.185,27.55,56.630001068115234
2025-03-06 15:00:00+00:00,109.77999877929688,84.85000000000001,477.65,386.84,24.395,27.53,56.62749862670898
2025-03-06 16:00:00+00:00,109.63999938964844,84.82000000000001,477.11,386.27,24.34,27.57,56.66249847412109
2025-03-07 08:00:00+00:00,108.73999786376952,83.99,473.35,381.41,24.115,27.53,56.77999877929688
2025-03-07 09:00:00+00:00,108.76500701904295,84.03,473.03,381.0,24.12,27.54,56.76750183105469
2025-03-07 10:00:00+00:00,108.81999969482422,84.04,473.37,381.39,24.12,27.54212890625,56.70000076293945
2025-03-07 11:00:00+00:00,108.83999633789062,84.08,473.47359375,381.53,24.13,27.55,56.72999954223633
2025-03-07 12:00:00+00:00,108.68000030517578,83.94,472.747734375,380.83,24.075,27.48,56.73249816894531
2025-03-07 13:00:00+00:00,108.5,83.78,471.72,380.18,24.015,27.48,56.63249969482422
2025-03-07 14:00:00+00:00,108.81999969482422,84.0,472.96,380.96,24.115,27.52949951171875,56.86249923706055
2025-03-07 15:00:00+00:00,108.33999633789062,83.662216796875,470.28,378.14,23.975,27.46,56.632511138916016
2025-03-07 16:00:00+00:00,107.81999969482422,83.28,467.88,375.88,23.825,27.35,56.6775016784668
2025-03-10 08:00:00+00:00,108.0199966430664,83.49,470.4,378.52,24.0,27.2,56.31499862670898
2025-03-10 09:00:00+00:00,108.04000091552734,83.51,470.2,378.63,23.98,27.18,56.59000015258789
2025-03-10 10:00:00+00:00,107.76000213623048,83.31,468.8726953125,377.64,23.92,27.15,56.42750930786133
2025-03-10 11:00:00+00:00,107.72000122070312,83.27,468.67,377.2809765625,23.885,27.13,56.4275016784668
2025-03-10 12:00:00+00:00,107.5,83.09,467.7,376.13,23.84,27.03,56.477500915527344
2025-03-10 13:00:00+00:00,107.37999725341795,82.97,467.91,374.56,23.655,27.05,56.435001373291016
2025-03-10 14:00:00+00:00,106.83999633789062,82.55,464.6803515625,369.09,23.265,26.91,56.505001068115234
2025-03-10 15:00:00+00:00,106.95999908447266,82.61394531250001,465.19,371.15,23.32,27.01,56.4474983215332
2025-03-10 16:00:00+00:00,106.98999786376952,82.62,464.95,371.0,23.355,27.02,56.415000915527344
2025-03-11 08:00:00+00:00,106.87999725341795,82.47,463.37,369.72,23.315,27.12,56.54499816894531
2025-03-11 09:00:00+00:00,106.76000213623048,82.37,462.96,369.24,23.29,27.12264892578125,56.58250045776367
2025-03-11 10:00:00+00:00,106.76000213623048,82.38,463.04,369.1708984375,23.285,27.12,56.58000183105469
2025-03-11 11:00:00+00:00,106.86000061035156,82.49,464.16,370.02,23.335,27.1,56.622501373291016
2025-03-11 12:00:00+00:00,106.3000030517578,82.0,460.85,367.24,23.16,27.02,56.58250045776367
2025-03-11 13:00:00+00:00,106.3000030517578,81.92,460.75,368.9831640625,23.28,27.07,56.70249938964844
2025-03-11 14:00:00+00:00,105.5,81.85000000000001,459.34,365.75,23.05,26.9,56.62749862670898
2025-03-11 15:00:00+00:00,105.62000274658205,81.46000000000001,458.22,366.85,23.135,26.99,56.68000030517578
2025-03-11 16:00:00+00:00,105.45999908447266,81.3,457.64,366.0,23.0525,26.915,56.66749954223633
2025-03-12 08:00:00+00:00,106.18000030517578,81.74,460.43,369.01,23.26,27.07320068359375,56.76750183105469
2025-03-12 09:00:00+00:00,106.33999633789062,82.01,460.98,369.59,23.265,27.09,56.63750076293945
2025-03-12 10:00:00+00:00,106.36000061035156,82.02,460.87,369.47,23.28,27.07261962890625,56.63999938964844
2025-03-12 11:00:00+00:00,106.4000015258789,82.05,461.16,369.74,23.325,27.08,56.63999938964844
2025-03-12 12:00:00+00:00,106.72000122070312,82.322177734375,463.0,372.378984375,23.53,27.13,56.68999862670898
2025-03-12 13:00:00+00:00,106.1999969482422,81.91,460.45,371.18,23.52,27.1,56.64500045776367
2025-03-12 14:00:00+00:00,105.62000274658205,81.4,456.99,367.92,23.25,26.96,56.74251174926758
2025-03-12 15:00:00+00:00,105.94000244140624,81.63,458.86,369.73,23.39,27.0,56.88750076293945
2025-03-12 16:00:00+00:00,106.16000366210938,81.85000000000001,459.5430078125,370.47,23.46260009765625,27.04,57.087501525878906
2025-03-13 08:00:00+00:00,105.8000030517578,81.61,457.81,367.7787109375,23.275,26.8764306640625,57.16749954223633
2025-03-13 09:00:00+00:00,106.12000274658205,81.88,459.27,369.58,23.41,26.93,57.29750061035156
2025-03-13 10:00:00+00:00,106.04000091552734,81.77,459.18,369.18890625,23.39,26.95,57.1974983215332
2025-03-13 11:00:00+00:00,105.9800033569336,81.72,458.859609375,368.8173828125,23.35,26.86,57.2599983215332
2025-03-13 12:00:00+00:00,105.95999908447266,81.74,459.34,369.36,23.4,26.86,57.1875
2025-03-13 13:00:00+00:00,105.5199966430664,81.34958984375,456.97,365.77,23.175,26.87679931640625,57.31999969482422
2025-03-13 14:00:00+00:00,105.63999938964844,81.3,456.6235546875,366.08,23.22,27.0,57.70249938964844
2025-03-13 15:00:00+00:00,105.24109649658205,81.07000000000001,454.36,364.26,23.07,26.97,57.84249877929688
2025-03-13 16:00:00+00:00,105.23999786376952,81.15,454.51,364.38,23.085,26.99,57.88999938964844
2025-03-14 08:00:00+00:00,105.95999908447266,81.55,457.31,366.98,23.27,27.32,58.16749954223633
2025-03-14 09:00:00+00:00,106.0,81.60000000000001,457.66,367.3,23.28,27.36,58.25749969482422
2025-03-14 10:00:00+00:00,106.05999755859376,81.66,457.4,367.21828125,23.265,27.34,58.16749954223633
2025-03-14 11:00:00+00:00,106.1999969482422,81.72,457.85,367.66,23.32,27.408999023437502,58.16749954223633
2025-03-14 12:00:00+00:00,106.26000213623048,81.79,458.02,368.13,23.335,27.4,58.185001373291016
2025-03-14 13:00:00+00:00,107.05999755859376,82.0,459.7,369.33,23.45,27.4252001953125,58.01499938964844
2025-03-14 14:00:00+00:00,106.86000061035156,82.2,460.959921875,372.49,23.535,27.4589990234375,58.022499084472656
2025-03-14 15:00:00+00:00,107.22000122070312,82.56,463.196484375,372.2,23.67,27.538349609375,57.98749923706055
2025-03-14 16:00:00+00:00,106.87999725341795,82.33,461.69859375,371.25,23.595,27.45,58.032501220703125
2025-03-17 08:00:00+00:00,106.83999633789062,82.3,460.88,370.44,23.585,27.48,58.057498931884766
2025-03-17 09:00:00+00:00,106.8000030517578,82.25,460.59,370.23,23.575,27.49,58.20249938964844
2025-03-17 10:00:00+00:00,106.9000015258789,82.31,460.95,370.71,23.585,27.5,58.27000045776367
2025-03-17 11:00:00+00:00,106.9000015258789,82.29,460.96,370.86,23.605,27.53,58.255001068115234
2025-03-17 12:00:00+00:00,107.0999984741211,82.49,462.07,371.95,23.665,27.52,58.03750991821289
2025-03-17 13:00:00+00:00,107.55999755859376,82.8,463.95,372.92,23.69,27.73,58.087501525878906
2025-03-17 14:00:00+00:00,107.3000030517578,82.77,462.3725390625,370.83,23.515,27.71,58.27750015258789
2025-03-17 15:00:00+00:00,107.36000061035156,82.82000000000001,462.23078125,370.16,23.5022705078125,27.76,58.23500061035156
2025-03-17 16:00:00+00:00,107.3499984741211,82.615751953125,462.085,370.1,23.45,27.765,58.21749877929688
2025-03-18 08:00:00+00:00,107.83999633789062,82.98,464.28,372.55,23.645,27.82,58.807498931884766
2025-03-18 09:00:00+00:00,107.73400115966795,82.90900390625,463.54,371.77,23.56,27.8210009765625,58.67499923706055
2025-03-18 10:00:00+00:00,107.72000122070312,82.91,463.58,371.9,23.615,27.8,58.75
2025-03-18 11:00:00+00:00,107.91999816894533,83.09,464.72,372.44,23.645,27.83882080078125,58.79999923706055
2025-03-18 12:00:00+00:00,107.62000274658205,82.87,463.29,371.2387890625,23.56,27.80840087890625,58.94499969482422
2025-03-18 13:00:00+00:00,107.12000274658205,82.85000000000001,460.36,367.31,23.35,27.7,58.9375
2025-03-18 14:00:00+00:00,107.12000274658205,82.37,460.2105078125,367.15,23.355,27.75,58.834999084472656
2025-03-18 15:00:00+00:00,106.70873260498048,82.0678125,458.31,365.64,23.245,27.7289990234375,58.897499084472656
2025-03-18 16:00:00+00:00,107.0500030517578,82.33,460.03,367.31,23.375,27.77,58.970001220703125
2025-03-19 08:00:00+00:00,107.1999969482422,82.43,460.58,367.7,23.37,27.78,58.79499816894531
2025-03-19 09:00:00+00:00,107.36000061035156,82.553349609375,461.3572265625,368.47,23.42,27.82,58.875
2025-03-19 10:00:00+00:00,107.41999816894533,82.58,461.4515625,368.53,23.4,27.86912109375,58.959999084472656
2025-03-19 11:00:00+00:00,107.37999725341795,82.57000000000001,461.33,368.39,23.425,27.88,59.04499816894531
2025-03-19 12:00:00+00:00,107.37999725341795,82.54,461.16,368.42,23.4,27.87,59.00749969482422
2025-03-19 13:00:00+00:00,107.55999755859376,82.758798828125,462.91,369.85890625,23.575,27.79,58.95000076293945
2025-03-19 14:00:00+00:00,107.5,82.74,462.66,369.5,23.5,27.76949951171875,58.837501525878906
2025-03-19 15:00:00+00:00,107.87999725341795,83.03,464.3540234375,371.5,23.66,27.84,58.90250015258789
2025-03-19 16:00:00+00:00,107.8000030517578,82.95,463.66,371.14,23.635,27.81,58.997501373291016
2025-03-20 08:00:00+00:00,108.18000030517578,83.40060546875,467.11,373.94,23.795,27.71422119140625,59.11000061035156
2025-03-20 09:00:00+00:00,107.83999633789062,83.12,465.84,372.65,23.7,27.66,59.10000991821289
2025-03-20 10:00:00+00:00,107.4800033569336,82.83,463.82,370.32,23.555,27.61,58.970001220703125
2025-03-20 11:00:00+00:00,107.62000274658205,82.9,464.33,370.58,23.57,27.59,58.97249984741211
2025-03-20 12:00:00+00:00,107.45999908447266,82.78,463.98,370.5,23.5352587890625,27.61,59.09249877929688
2025-03-20 13:00:00+00:00,107.83999633789062,83.05,465.6336328125,372.57,23.59,27.66,58.91500854492188
2025-03-20 14:00:00+00:00,108.05999755859376,83.32000000000001,467.84,374.19,23.695,27.68,59.07500076293945
2025-03-20 15:00:00+00:00,107.81999969482422,83.18,466.222890625,372.91,23.675,27.6289990234375,59.06999969482422
2025-03-20 16:00:00+00:00,107.62000274658205,83.0,464.85,370.865,23.5325,27.62,59.04499816894531
2025-03-21 08:00:00+00:00,107.37999725341795,82.76,463.6,370.231015625,23.48,27.55,58.95000076293945
2025-03-21 09:00:00+00:00,107.4000015258789,82.77,463.96,370.44,23.475,27.55,58.85499954223633
2025-03-21 10:00:00+00:00,107.4530029296875,82.81,463.77,370.26,23.43,27.56,58.915000915527344
2025-03-21 11:00:00+00:00,107.41999816894533,82.74,463.57,370.11,23.43,27.58,58.95500183105469
2025-03-21 12:00:00+00:00,107.04000091552734,82.45,461.56953125,368.24,23.31,27.56,58.95750045776367
2025-03-21 13:00:00+00:00,107.0,82.56416015625,461.93,368.98,23.345,27.53912109375,58.375
2025-03-21 14:00:00+00:00,107.31999969482422,82.641591796875,463.2,370.42,23.435,27.54,58.602500915527344
2025-03-21 15:00:00+00:00,107.33999633789062,82.71000000000001,463.19,370.11,23.385,27.61,58.525001525878906
2025-03-21 16:00:00+00:00,107.72000122070312,83.02,465.14,372.085,23.56,27.68,58.57749938964844
2025-03-24 08:00:00+00:00,108.5,83.68450195312501,470.001328125,377.75,23.985,27.79,58.834999084472656
2025-03-24 09:00:00+00:00,108.27799987792967,83.5,469.33,377.07,23.93,27.69449951171875,58.7400016784668
2025-03-24 10:00:00+00:00,108.41999816894533,83.62,469.86,377.42,23.950390625,27.72,58.84749984741211
2025-03-24 11:00:00+00:00,108.58000183105467,83.75,470.99,378.62,24.05,27.73,58.77000045776367
2025-03-24 12:00:00+00:00,108.5199966430664,83.72,471.1903125,379.1,24.08,27.7,58.76499938964844
2025-03-24 13:00:00+00:00,108.91999816894533,84.02,473.31,380.65,24.055,27.74,58.7400016784668
2025-03-24 14:00:00+00:00,109.0199966430664,84.15197265625,473.66,381.01,24.11,27.78,58.52000045776367
2025-03-24 15:00:00+00:00,109.16000366210938,84.23,474.50546875,381.59,24.135,27.80154052734375,58.557498931884766
2025-03-24 16:00:00+00:00,109.05999755859376,84.17,474.02,381.23,24.11,27.79,58.52000045776367
2025-03-25 08:00:00+00:00,109.0,84.2,473.97,380.67,24.055,27.602419433593752,58.712501525878906
2025-03-25 09:00:00+00:00,108.9800033569336,84.17,473.6586328125,380.86,24.07,27.6189990234375,58.73500061035156
2025-03-25 10:00:00+00:00,109.0199966430664,84.2,473.52,380.83,24.055,27.61,58.75249862670898
2025-03-25 11:00:00+00:00,109.26000213623048,84.41,474.71,381.75,24.105,27.65,58.6974983215332
2025-03-25 12:00:00+00:00,109.13999938964844,84.33,474.03515625,381.31,24.035,27.64,58.70249938964844
2025-03-25 13:00:00+00:00,109.1999969482422,84.29,473.84,381.88,24.075,27.69,58.86249923706055
2025-03-25 14:00:00+00:00,109.27999877929688,84.38,474.76,382.81,24.16,27.7010009765625,58.807498931884766
2025-03-25 15:00:00+00:00,109.04000091552734,84.197119140625,473.92,382.24,24.14,27.64,58.712501525878906
2025-03-25 16:00:00+00:00,108.98999786376952,84.175,473.51,381.775,24.135,27.65,58.72249984741211
2025-03-26 08:00:00+00:00,109.3000030517578,84.47,475.41,383.75,24.195,27.72,58.76250076293945
2025-03-26 09:00:00+00:00,109.18000030517578,84.33,474.88,383.27890625,24.14,27.67,58.657501220703125
2025-03-26 10:00:00+00:00,109.41999816894533,84.51,475.86,384.08,24.195,27.72,58.75
2025-03-26 11:00:00+00:00,109.5,84.59,476.52,384.45,24.2,27.74,58.83250045776367
2025-03-26 12:00:00+00:00,109.54000091552734,84.606357421875,476.7,384.57,24.22,27.75,58.807498931884766
2025-03-26 13:00:00+00:00,109.18000030517578,84.36,475.24,382.09453125,24.01,27.69,58.60499954223633
2025-03-26 14:00:00+00:00,109.1999969482422,84.333076171875,474.51,380.93,23.91,27.7,58.64250183105469
2025-03-26 15:00:00+00:00,108.83999633789062,84.0,472.67,379.48,23.795,27.68530029296875,58.61000061035156
2025-03-26 16:00:00+00:00,108.8000030517578,83.995,472.71,379.42,23.79,27.66,58.66999816894531
2025-03-27 08:00:00+00:00,108.31999969482422,83.57000000000001,470.397109375,376.94,23.605,27.63,58.994998931884766
2025-03-27 09:00:00+00:00,108.31999969482422,83.60000000000001,470.68,377.09,23.61,27.6418994140625,59.0625
2025-03-27 10:00:00+00:00,108.0999984741211,83.415888671875,469.31,375.99,23.525739746093752,27.62,59.28499984741211
2025-03-27 11:00:00+00:00,108.16000366210938,83.42766601562501,469.69,376.16,23.52,27.61205078125,59.352500915527344
2025-03-27 12:00:00+00:00,107.94000244140624,83.27,468.74,375.48,23.5,27.55,59.2400016784668
2025-03-27 13:00:00+00:00,108.13999938964844,83.38,469.35,376.17,23.44,27.65,59.0724983215332
2025-03-27 14:00:00+00:00,108.36000061035156,83.55,470.585,377.6,23.53,27.68368896484375,59.397499084472656
2025-03-27 15:00:00+00:00,107.8000030517578,83.13421875,467.99,374.63,23.375,27.61,59.310001373291016
2025-03-27 16:00:00+00:00,107.94000244140624,83.222958984375,466.91,375.25,23.435,27.64,59.334999084472656
2025-03-28 08:00:00+00:00,107.45999908447266,82.89,466.46421875,372.44,23.285,27.38,59.70750045776367
2025-03-28 09:00:00+00:00,107.26000213623048,82.75,466.23,372.198046875,23.275,27.3,59.709999084472656
2025-03-28 10:00:00+00:00,107.54000091552734,82.9569921875,467.65,373.44578125,23.355,27.37,59.72999954223633
2025-03-28 11:00:00+00:00,107.62000274658205,83.01603515625,467.5738671875,373.57,23.36,27.4,59.77999877929688
2025-03-28 12:00:00+00:00,107.1999969482422,82.71000000000001,465.45,371.75,23.225,27.301000976562506,59.790000915527344
2025-03-28 13:00:00+00:00,106.5199966430664,82.56,464.7398828125,371.26,23.25,27.31,59.915000915527344
2025-03-28 14:00:00+00:00,106.33999633789062,82.54,460.73625,366.8,22.95,27.17679931640625,59.657501220703125
2025-03-28 15:00:00+00:00,106.3000030517578,81.97,460.41,365.99,22.89,27.17,59.9375
2025-03-28 16:00:00+00:00,106.13999938964844,81.83,459.12,364.91,22.82,27.13,59.880001068115234
2025-03-31 07:00:00+00:00,105.0999984741211,81.02,454.99,360.09000000000003,22.535,26.87,60.72500991821289
2025-03-31 08:00:00+00:00,105.0199966430664,80.91,454.17,359.51,22.495,26.88,60.67750930786133
2025-03-31 09:00:00+00:00,104.95999908447266,80.88,454.3128515625,359.61,22.475,26.84,60.522499084472656
2025-03-31 10:00:00+00:00,104.85700225830078,80.801337890625,454.3408203125,359.85,22.495,26.82,60.61000061035156
2025-03-31 11:00:00+00:00,104.62000274658205,80.62,452.98,358.52,22.4,26.75876953125,60.61750030517578
2025-03-31 12:00:00+00:00,104.86000061035156,80.89,454.5840625,360.02,22.505,26.81,60.71250915527344
2025-03-31 13:00:00+00:00,104.83999633789062,80.8,454.4,357.61,22.375,26.85,60.4900016784668
2025-03-31 14:00:00+00:00,105.22000122070312,81.15,456.061171875,359.04,22.435,26.94,60.66749954223633
2025-03-31 15:00:00+00:00,105.33999633789062,81.28,456.49,359.77,22.475,26.97,60.65999984741211
2025-04-01 07:00:00+00:00,106.13999938964844,81.8589990234375,461.0,364.13,22.805,27.13,60.76750183105469
2025-04-01 08:00:00+00:00,106.33999633789062,81.95,461.63,365.05,22.845,27.15,60.83000183105469
2025-04-01 09:00:00+00:00,106.36000061035156,82.05,461.62,365.09,22.86,27.16,60.86751174926758
2025-04-01 10:00:00+00:00,106.13999938964844,81.8865185546875,460.74,364.18,22.79,27.1,60.872501373291016
2025-04-01 11:00:00+00:00,106.13999938964844,81.86,460.56,363.72,22.78,27.09,60.82749938964844
2025-04-01 12:00:00+00:00,106.27999877929688,81.96000000000001,461.47,364.43,22.835,27.113720703125,60.88750076293945
2025-04-01 13:00:00+00:00,106.41999816894533,81.98,462.45,365.73,22.90339111328125,27.14548095703125,60.88999938964844
2025-04-01 14:00:00+00:00,106.4000015258789,82.01,461.76171875,365.504140625,22.89,27.14,60.8025016784668
2025-04-01 15:00:00+00:00,106.62000274658205,82.34,463.35,366.877265625,22.98,27.235,60.747501373291016
2025-04-02 07:00:00+00:00,106.37999725341795,82.03,462.6,366.56,22.985,27.24,60.727500915527344
2025-04-02 08:00:00+00:00,106.27999877929688,81.967646484375,462.0,366.33,22.985,27.24,60.845001220703125
2025-04-02 09:00:00+00:00,106.05999755859376,81.782841796875,460.877421875,365.35,22.915,27.19,60.82500076293945
2025-04-02 10:00:00+00:00,105.83999633789062,81.66,460.25,364.6612109375,22.88,27.11534912109375,60.5
2025-04-02 11:00:00+00:00,105.6999969482422,81.5,459.37,363.6,22.825,27.13,60.64250183105469
2025-04-02 12:00:00+00:00,105.62000274658205,81.42,458.64,363.02,22.75,27.13,60.66999816894531
2025-04-02 13:00:00+00:00,106.08000183105467,81.78,461.16,366.2637109375,22.96,27.12,60.685001373291016
2025-04-02 14:00:00+00:00,106.37999725341795,82.05,462.83,367.14,23.025,27.12,60.72999954223633
2025-04-02 15:00:00+00:00,106.55999755859376,82.24,463.725,368.05,23.1,27.1489990234375,60.72249984741211
2025-04-03 07:00:00+00:00,103.0999984741211,79.47,445.57,352.52,21.995,26.44,60.807498931884766
2025-04-03 08:00:00+00:00,103.05999755859376,79.49,445.39,352.84000000000003,21.935,26.41,60.78499984741211
2025-04-03 09:00:00+00:00,102.58000183105467,79.07180175781251,442.96,350.34000000000003,21.82,26.32,60.64751052856445
2025-04-03 10:00:00+00:00,102.4869613647461,79.02,443.0,350.07,21.79,26.3,60.11750030517578
2025-04-03 11:00:00+00:00,102.41999816894533,78.96000000000001,442.49,349.39,21.715,26.24,60.084999084472656
2025-04-03 12:00:00+00:00,102.1999969482422,78.78,441.06,347.477109375,21.565,26.25,59.7599983215332
2025-04-03 13:00:00+00:00,103.27999877929688,79.03990234375,441.0,350.99,21.585,26.42,59.932498931884766
2025-04-03 14:00:00+00:00,101.72000122070312,78.3172607421875,438.07,345.68,21.35,26.32,60.7599983215332
2025-04-03 15:00:00+00:00,102.18000030517578,78.68,440.6,347.7,21.4575,26.37,60.317501068115234
2025-04-04 07:00:00+00:00,101.5250015258789,78.1148193359375,438.41,346.47296875,21.39,26.3,60.09249877929688
2025-04-04 08:00:00+00:00,101.54000091552734,78.06,438.51,347.09000000000003,21.45,26.31241943359375,59.91749954223633
2025-04-04 09:00:00+00:00,101.3000030517578,77.89,438.15,346.79,21.415,26.28,60.02750015258789
2025-04-04 10:00:00+00:00,98.7300033569336,76.27,428.31,336.984375,20.53,25.3,60.4375
2025-04-04 11:00:00+00:00,99.11000061035156,76.24160156250001,428.65,337.92,20.66,25.41885009765625,60.41999816894531
2025-04-04 12:00:00+00:00,99.4800033569336,76.55,430.889765625,339.408984375,20.765,25.5552001953125,59.64751052856445
2025-04-04 13:00:00+00:00,99.2699966430664,76.443798828125,430.31109375,340.3,20.93,25.43,59.50249862670898
2025-04-04 14:00:00+00:00,97.91999816894533,75.415380859375,424.27,333.7791015625,20.42,25.140419921875,59.26750183105469
2025-04-04 15:00:00+00:00,98.63999938964844,75.87,426.25,336.80820312500003,20.66,25.35,58.807498931884766
2025-04-07 07:00:00+00:00,92.61622619628906,71.38259765625,399.8646484375,314.21,19.22,23.810380859375,58.647499084472656
2025-04-07 08:00:00+00:00,93.51000213623048,71.24,404.71,317.66,19.42125,23.945,58.89250183105469
2025-04-07 09:00:00+00:00,93.88999938964844,72.32000000000001,406.62,319.06,19.565,24.14,58.79249954223633
2025-04-07 10:00:00+00:00,95.26000213623048,73.33,411.45,324.93,19.9,24.4,58.900001525878906
2025-04-07 11:00:00+00:00,94.9000015258789,73.12,410.88,322.67,19.73,24.38,58.8849983215332
2025-04-07 12:00:00+00:00,95.44000244140624,73.45,412.79,324.40000000000003,19.835,24.5,58.88999938964844
2025-04-07 13:00:00+00:00,95.8499984741211,73.79,413.81,327.3226171875,20.09,24.67,58.63750076293945
2025-04-07 14:00:00+00:00,98.16999816894533,72.47,422.83,336.87,20.61,25.00636962890625,58.34249877929688
2025-04-07 15:00:00+00:00,95.61090850830078,73.8589990234375,414.57,327.99,20.095,24.47,57.977500915527344
2025-04-08 07:00:00+00:00,98.69000244140624,76.2,429.99,340.347890625,21.0,24.905,58.36000061035156
2025-04-08 08:00:00+00:00,98.61000061035156,76.15,429.3029296875,339.21,20.94,24.875,58.4375
2025-04-08 09:00:00+00:00,98.2300033569336,75.83,427.7834765625,337.5766015625,20.8,24.73360107421875,58.40999984741211
2025-04-08 10:00:00+00:00,98.4499969482422,75.99,428.52,338.43,20.85,24.88,58.47249984741211
2025-04-08 11:00:00+00:00,99.41999816894533,76.76,432.61,342.0745703125,21.115,25.05,58.622501373291016
2025-04-08 12:00:00+00:00,99.38999938964844,76.76,432.15,341.647109375,21.11,25.06672119140625,58.345001220703125
2025-04-08 13:00:00+00:00,100.13999938964844,77.42,436.42,346.03000000000003,21.48,25.18,58.505001068115234
2025-04-08 14:00:00+00:00,99.41999816894533,77.21000000000001,433.8,344.8492578125,21.33,25.07,58.41249847412109
2025-04-08 15:00:00+00:00,98.84719848632812,77.12,430.125,342.5058984375,21.13,24.98,58.44499969482422
2025-04-09 07:00:00+00:00,96.3000030517578,74.11,415.33,328.6,20.255,24.69,59.09999847412109
2025-04-09 08:00:00+00:00,95.98999786376952,73.8747607421875,414.53,328.53000000000003,20.285,24.58,59.130001068115234
2025-04-09 09:00:00+00:00,95.56999969482422,73.55,412.79,326.88,20.195,24.47,59.17499923706055
2025-04-09 10:00:00+00:00,95.54000091552734,73.5,414.36,327.97,20.295,24.495,59.150001525878906
2025-04-09 11:00:00+00:00,94.45999908447266,72.7,407.95,322.24875000000003,19.86,24.13,59.58000183105469
2025-04-09 12:00:00+00:00,94.9800033569336,73.0847802734375,410.35,324.70775390625,20.05,24.215,59.20750045776367
2025-04-09 13:00:00+00:00,96.62999725341795,74.33,417.993984375,332.11,20.5,24.445,59.744998931884766
2025-04-09 14:00:00+00:00,95.37999725341795,73.4,412.856015625,328.11,20.34,24.1989990234375,59.66500854492188
2025-04-09 15:00:00+00:00,95.95999908447266,73.95,415.845,330.59000000000003,20.52,24.295,59.95500183105469
2025-04-10 07:00:00+00:00,101.62000274658205,78.72,443.14,356.02,22.19550048828125,25.61,60.42250061035156
2025-04-10 08:00:00+00:00,101.143798828125,78.11,441.06,354.43,22.05,25.51,60.337501525878906
2025-04-10 09:00:00+00:00,101.05999755859376,78.13,441.39,354.98,22.12,25.51623046875,60.5625
2025-04-10 10:00:00+00:00,101.1999969482422,78.2,441.58,354.8,22.11048095703125,25.5,60.625
2025-04-10 11:00:00+00:00,101.12000274658205,78.17,441.7801171875,355.37,22.12,25.44679931640625,60.6974983215332
2025-04-10 12:00:00+00:00,100.86000061035156,77.93,440.37,353.59000000000003,21.975,25.37,60.68001174926758
2025-04-10 13:00:00+00:00,100.36000061035156,77.48,437.55,350.69,21.75,25.25,60.56999969482422
2025-04-10 14:00:00+00:00,99.72000122070312,77.03,433.23,348.04,21.665,25.21,61.26250076293945
2025-04-10 15:00:00+00:00,99.29000091552734,77.79,431.76859375,345.93,21.47,25.11,61.595001220703125
2025-04-11 07:00:00+00:00,99.3000030517578,76.55,429.78,345.0,21.545,25.37,62.41249847412109
2025-04-11 08:00:00+00:00,98.33000183105467,75.74,425.32,340.6923046875,21.21,25.16,62.49250030517578
2025-04-11 09:00:00+00:00,99.2300033569336,76.54365234375,429.9,344.87027343750003,21.525,25.34,62.72249984741211
2025-04-11 10:00:00+00:00,99.62000274658205,76.79,432.06,345.67,21.605,25.46,62.41500854492188
2025-04-11 11:00:00+00:00,99.1500015258789,76.42,429.77,344.65000000000003,21.505,25.34,62.42499923706055
2025-04-11 12:00:00+00:00,98.86000061035156,76.197001953125,427.65,342.33,21.335,25.3,62.81499862670898
2025-04-11 13:00:00+00:00,99.70999908447266,76.78,429.72,344.59000000000003,21.45,25.35,62.63999938964844
2025-04-11 14:00:00+00:00,98.88999938964844,76.25,427.8503515625,342.38,21.405,25.29,62.772499084472656
2025-04-11 15:00:00+00:00,98.8949966430664,76.31,428.19,342.78000000000003,21.465,25.32,62.91999816894531
2025-04-14 07:00:00+00:00,101.23999786376952,78.13,439.05,353.25,22.4,25.64720947265625,62.70249938964844
2025-04-14 08:00:00+00:00,101.1790008544922,78.09,438.87,352.43,22.3,25.64,62.6974983215332
2025-04-14 09:00:00+00:00,100.99375915527344,77.8896484375,437.78,351.1551171875,22.21,25.63,62.64500045776367
2025-04-14 10:00:00+00:00,101.0,77.96000000000001,437.74,351.43,22.2,25.6,62.46500015258789
2025-04-14 11:00:00+00:00,100.94000244140624,77.85000000000001,437.59,351.378671875,22.255,25.63,62.61249923706055
2025-04-14 12:00:00+00:00,101.55999755859376,78.35000000000001,440.65,354.36,22.45,25.75,62.2599983215332
2025-04-14 13:00:00+00:00,101.18000030517578,78.10000000000001,438.29,351.42,22.135,25.75,62.244998931884766
2025-04-14 14:00:00+00:00,101.27999877929688,77.98,439.55,352.43,22.145,25.79,62.37749862670898
2025-04-14 15:00:00+00:00,100.83999633789062,77.85000000000001,436.13,348.92,21.92839111328125,25.68,62.27000045776367
2025-04-15 07:00:00+00:00,101.04000091552734,77.88,436.52,348.93,21.88,25.71,62.64250183105469
2025-04-15 08:00:00+00:00,100.95999908447266,77.85000000000001,435.75,348.63,21.88,25.7,62.709999084472656
2025-04-15 09:00:00+00:00,100.76000213623048,77.6661181640625,434.79,348.0,21.825,25.67403076171875,62.62749862670898
2025-04-15 10:00:00+00:00,100.76000213623048,77.7,434.96,348.11,21.815,25.637250976562505,62.5625
2025-04-15 11:00:00+00:00,100.41999816894533,77.430498046875,433.52,346.49,21.7,25.67,62.560001373291016
2025-04-15 12:00:00+00:00,100.66000366210938,77.62,434.5,347.6708203125,21.79,25.7,62.60000991821289
2025-04-15 13:00:00+00:00,101.18000030517578,78.057978515625,437.34,350.14,21.965,25.73,62.442501068115234
2025-04-15 14:00:00+00:00,100.94000244140624,77.84877929687501,436.07,348.49,21.895,25.64,62.63750076293945
2025-04-15 15:00:00+00:00,100.9800033569336,77.97,435.76,348.73,21.91,25.7,62.59000015258789
2025-04-16 07:00:00+00:00,99.05999755859376,76.34,425.84,338.89,21.135,25.21,64.10250854492188
2025-04-16 08:00:00+00:00,99.6999969482422,76.86,429.5,342.2593359375,21.395,25.36,64.2249984741211
2025-04-16 09:00:00+00:00,99.79000091552734,76.93,429.864140625,341.89,21.35,25.42,64.19000244140625
2025-04-16 10:00:00+00:00,99.91999816894533,77.03,429.82,342.39,21.3675,25.43,64.19249725341797
2025-04-16 11:00:00+00:00,99.95999908447266,77.02,429.3,342.27750000000003,21.345,25.45,64.25499725341797
2025-04-16 12:00:00+00:00,99.76799774169922,76.96000000000001,429.33,341.3,21.255,25.42,64.26499938964844
2025-04-16 13:00:00+00:00,99.47000122070312,76.65,426.24,339.63,21.195,25.3752001953125,64.36000061035156
2025-04-16 14:00:00+00:00,99.87000274658205,76.98,428.99,341.48,21.265,25.44,64.27500915527344
2025-04-16 15:00:00+00:00,100.44000244140624,77.44,431.4261328125,343.57,21.385,25.5514990234375,64.375
2025-04-17 07:00:00+00:00,99.98999786376952,76.97,428.535,341.69,21.355,25.65,64.55750274658203
2025-04-17 08:00:00+00:00,99.75493621826172,76.86,427.38,340.39,21.24,25.66,64.54750061035156
2025-04-17 09:00:00+00:00,99.8000030517578,76.93,427.5198046875,340.79,21.285,25.66,64.5250015258789
2025-04-17 10:00:00+00:00,99.66000366210938,76.76,426.2987109375,340.26,21.215,25.62,64.62999725341797
2025-04-17 11:00:00+00:00,99.5999984741211,76.68,426.38,340.0,21.215,25.64,64.64749908447266
2025-04-17 12:00:00+00:00,99.5199966430664,76.66,426.16,339.7620703125,21.2,25.65,64.62000274658203
2025-04-17 13:00:00+00:00,99.55999755859376,76.6830712890625,425.710859375,338.53000000000003,20.965,25.61,64.37999725341797
2025-04-17 14:00:00+00:00,99.20999908447266,76.45,423.67,336.17,20.825,25.57,63.932498931884766
2025-04-17 15:00:00+00:00,99.31500244140624,76.56,424.11,336.21,20.835,25.6097998046875,64.05750274658203
2025-04-22 07:00:00+00:00,97.86000061035156,75.09,413.72,328.73,20.355,25.494130859375,67.39250183105469
2025-04-22 08:00:00+00:00,97.87000274658205,75.1723583984375,413.98,328.83,20.36,25.53,66.91000366210938
2025-04-22 09:00:00+00:00,97.97000122070312,75.28,414.4130859375,328.91,20.35,25.52,67.12249755859375
2025-04-22 10:00:00+00:00,97.91000366210938,75.24,414.37,329.0,20.345,25.52,67.0999984741211
2025-04-22 11:00:00+00:00,97.6500015258789,75.03,412.87,328.06,20.28,25.4977197265625,67.14749908447266
2025-04-22 12:00:00+00:00,97.94000244140624,75.26,414.518828125,329.33,20.41,25.54320068359375,66.62999725341797
2025-04-22 13:00:00+00:00,98.27999877929688,75.53,416.38,331.74,20.44,25.59,66.4000015258789
2025-04-22 14:00:00+00:00,98.66999816894533,75.87,418.57,333.14,20.52,25.61,66.58999633789062
2025-04-22 15:00:00+00:00,98.79000091552734,75.95,418.94,333.35,20.51,25.6414794921875,66.30999755859375
2025-04-23 07:00:00+00:00,101.05999755859376,77.78,430.7372265625,343.1,21.215,26.1,64.5
2025-04-23 08:00:00+00:00,101.22000122070312,77.8814990234375,431.14,343.59000000000003,21.255,26.12,64.49250793457031
2025-04-23 09:00:00+00:00,101.22000122070312,77.88018066406251,431.1,343.68,21.27,26.14758056640625,64.45999908447266
2025-04-23 10:00:00+00:00,101.61799621582033,78.2,433.5553125,345.74,21.42738037109375,26.22,64.697509765625
2025-04-23 11:00:00+00:00,101.4000015258789,78.08,432.305234375,344.7,21.375,26.1647998046875,64.58499908447266
2025-04-23 12:00:00+00:00,101.68000030517578,78.245,433.99,346.49,21.5,26.2252001953125,64.36750030517578
2025-04-23 13:00:00+00:00,102.33999633789062,78.5794677734375,436.47,348.5,21.655,26.21,63.665000915527344
2025-04-23 14:00:00+00:00,102.11029815673828,78.66,436.56,348.86,21.67,26.3385009765625,63.875
2025-04-23 15:00:00+00:00,101.4800033569336,78.0626220703125,433.05,345.895,21.48,26.21,63.657501220703125
2025-04-24 07:00:00+00:00,100.54000091552734,77.36,427.93,341.68,21.19,26.01,64.7699966430664
2025-04-24 08:00:00+00:00,100.31999969482422,77.2,427.17,340.5,21.115,25.98,64.79000091552734
2025-04-24 09:00:00+00:00,100.55999755859376,77.38,427.96,341.52,21.2,26.04,64.79750061035156
2025-04-24 10:00:00+00:00,101.0199966430664,77.78,430.44109375,343.9760546875,21.4,26.12,64.68000030517578
2025-04-24 11:00:00+00:00,100.73999786376952,77.51,428.2725,342.99,21.32,26.06,64.80000305175781
2025-04-24 12:00:00+00:00,100.9800033569336,77.71000000000001,430.0672265625,344.4016015625,21.42510986328125,26.112280273437506,64.80000305175781
2025-04-24 13:00:00+00:00,101.72000122070312,78.06,433.73,347.83,21.705,26.1989990234375,64.39250183105469
2025-04-24 14:00:00+00:00,101.83999633789062,78.08,434.95,349.6,21.815,26.213359375,64.65249633789062
2025-04-24 15:00:00+00:00,101.9000015258789,78.52,435.38,350.13,21.875,26.27,64.58499908447266
2025-04-25 07:00:00+00:00,102.77999877929688,79.26,440.88234375,355.09878906250003,22.15,26.2,64.22250366210938
2025-04-25 08:00:00+00:00,102.68000030517578,79.18,440.28,354.66,22.13,26.2,64.16999816894531
2025-04-25 09:00:00+00:00,102.68000030517578,79.2,440.33,354.6137890625,22.125,26.15,63.94499969482422
2025-04-25 10:00:00+00:00,101.9800033569336,78.64,436.64,351.15000000000003,21.87,26.05445068359375,64.0625
2025-04-25 11:00:00+00:00,102.1999969482422,78.8,437.52,351.97,21.95,26.11,63.977500915527344
2025-04-25 12:00:00+00:00,102.04000091552734,78.71000000000001,436.89,351.24,21.905,26.12,63.95249938964844
2025-04-25 13:00:00+00:00,102.5199966430664,78.84,437.49,351.25,22.095,26.1689990234375,63.709999084472656
2025-04-25 14:00:00+00:00,102.33999633789062,78.79,437.75578125,353.26,22.12,26.18,63.66999816894531
2025-04-25 15:00:00+00:00,102.31999969482422,78.93,438.12,353.31,22.14,26.14,63.55250930786133
2025-04-28 07:00:00+00:00,102.75569915771484,79.21000000000001,440.38,355.88,22.335,26.28,63.85749816894531
2025-04-28 08:00:00+00:00,102.73999786376952,79.22,440.21,355.8,22.31,26.25,63.76250076293945
2025-04-28 09:00:00+00:00,102.72000122070312,79.22,440.01,355.6290234375,22.305,26.23,63.65250015258789
2025-04-28 10:00:00+00:00,102.5199966430664,79.07000000000001,439.37,355.18,22.265,26.21,63.88999938964844
2025-04-28 11:00:00+00:00,102.73999786376952,79.21000000000001,440.1,355.74,22.29125,26.25,63.99250030517578
2025-04-28 12:00:00+00:00,102.87999725341795,79.33,440.73,356.1475,22.335,26.27,64.0250015258789
2025-04-28 13:00:00+00:00,102.62000274658205,79.1006005859375,439.37,354.29,22.205,26.2,63.92499923706055
2025-04-28 14:00:00+00:00,102.54000091552734,79.05,438.95,353.66,22.13,26.14,64.6675033569336
2025-04-28 15:00:00+00:00,102.05999755859376,78.7,436.325,350.90500000000003,21.95,26.08,64.67500305175781
2025-04-29 07:00:00+00:00,102.76000213623048,79.26,439.88,355.43,22.3,26.23,64.55999755859375
2025-04-29 08:00:00+00:00,102.76000213623048,79.22,439.662265625,355.19,22.265,26.22,64.35250854492188
2025-04-29 09:00:00+00:00,102.81999969482422,79.26,439.95,355.29,22.275,26.23,64.2925033569336
2025-04-29 10:00:00+00:00,102.68000030517578,79.11,439.2,354.2112890625,22.185,26.21,64.37249755859375
2025-04-29 11:00:00+00:00,102.66000366210938,79.14,439.29,354.31,22.225,26.23,64.2874984741211
2025-04-29 12:00:00+00:00,102.4000015258789,78.88,437.335,352.67,22.145,26.20362060546875,64.35749816894531
2025-04-29 13:00:00+00:00,103.3000030517578,79.06,439.43109375,355.63,22.235,26.2014990234375,64.25749969482422
2025-04-29 14:00:00+00:00,102.9490966796875,79.3725,440.66,355.84000000000003,22.34,26.29,64.41500091552734
2025-04-29 15:00:00+00:00,102.8000030517578,79.2617822265625,439.81,354.785,22.285,26.25,64.36000061035156
2025-04-30 07:00:00+00:00,103.16000366210938,79.51,441.25,356.0,22.27,26.4,64.2699966430664
2025-04-30 08:00:00+00:00,103.1999969482422,79.535,441.5725,356.2,22.265,26.47,63.78499984741211
2025-04-30 09:00:00+00:00,103.33999633789062,79.6266015625,442.22,356.73,22.31,26.474741210937506,63.61750030517578
2025-04-30 10:00:00+00:00,103.31999969482422,79.57000000000001,441.8,356.03000000000003,22.27,26.4722900390625,63.567501068115234
2025-04-30 11:00:00+00:00,103.22000122070312,79.56,441.46,355.58,22.24,26.44840087890625,63.584999084472656
2025-04-30 12:00:00+00:00,102.4000015258789,78.88,437.43,351.43,21.965,26.31,64.06999969482422
2025-04-30 13:00:00+00:00,102.5,78.2,436.32,350.0,21.92,26.24,64.27749633789062
2025-04-30 14:00:00+00:00,102.36000061035156,78.86,437.06,352.36,22.0835595703125,26.24,64.30750274658203
2025-04-30 15:00:00+00:00,102.8499984741211,79.23,439.43,354.20859375000003,22.2,26.31,64.18250274658203
2025-05-01 07:00:00+00:00,104.58000183105467,80.727998046875,449.55,365.02,23.15,26.58,62.76750183105469
2025-05-01 08:00:00+00:00,104.62000274658205,80.75,449.6,364.85,23.065,26.54,62.82249069213867
2025-05-01 09:00:00+00:00,104.81999969482422,80.8733203125,450.57,365.88,23.17,26.60679931640625,62.494998931884766
2025-05-01 10:00:00+00:00,104.5199966430664,80.7,449.09,365.0,23.15,26.57,62.59249877929688
2025-05-01 11:00:00+00:00,104.6999969482422,80.757998046875,449.8775,365.455,23.185,26.57552001953125,62.29000854492188
2025-05-01 12:00:00+00:00,104.54000091552734,80.65,449.12,364.78,23.14,26.57,62.67250061035156
2025-05-01 13:00:00+00:00,104.8000030517578,80.49160156250001,449.24,361.5,23.1075,26.46,62.630001068115234
2025-05-01 14:00:00+00:00,105.03009796142578,81.1080517578125,452.425,367.37,23.315,26.58,62.525001525878906
2025-05-01 15:00:00+00:00,105.0999984741211,80.51,452.73,367.80671875,23.36943115234375,26.6,62.46500015258789
2025-05-02 07:00:00+00:00,105.12000274658205,80.9,450.37,364.15,23.02,27.16,63.31499862670898
2025-05-02 08:00:00+00:00,104.9800033569336,80.82000000000001,449.86,363.96,22.995,27.16,63.29499816894531
2025-05-02 09:00:00+00:00,105.0999984741211,80.87,449.76,364.3,23.02,27.21,63.41749954223633
2025-05-02 10:00:00+00:00,105.16000366210938,81.02,450.6,365.13,23.065,27.191049804687506,63.33000183105469
2025-05-02 11:00:00+00:00,105.16000366210938,80.93,450.14,364.83,23.03,27.21,63.400001525878906
2025-05-02 12:00:00+00:00,105.83999633789062,81.57000000000001,453.94,368.02,23.25,27.37,63.17250061035156
2025-05-02 13:00:00+00:00,105.4800033569336,81.15,451.81,366.87,23.19,27.22054931640625,63.13750076293945
2025-05-02 14:00:00+00:00,105.8000030517578,81.53,453.40640625,368.51,23.26114990234375,27.235419921875,63.400001525878906
2025-05-02 15:00:00+00:00,105.7699966430664,81.5,453.42,369.07,23.29,27.23,63.15250015258789
2025-05-06 07:00:00+00:00,105.16000366210938,80.98,448.97,363.88,22.905,27.18,65.47750854492188
2025-05-06 08:00:00+00:00,105.0199966430664,80.84,448.6,363.42,22.865,27.19,65.59500122070312
2025-05-06 09:00:00+00:00,104.9000015258789,80.78,448.49,363.23,22.865,27.12,65.69999694824219
2025-05-06 10:00:00+00:00,104.83999633789062,80.71365234375,447.8,362.71,22.84,27.13320068359375,65.69750213623047
2025-05-06 11:00:00+00:00,104.54000091552734,80.48,446.01,361.28,22.73,27.08,65.65249633789062
2025-05-06 12:00:00+00:00,104.44000244140624,80.35000000000001,445.32,360.56,22.71,27.08679931640625,65.9000015258789
2025-05-06 13:00:00+00:00,104.26000213623048,80.255,444.52,359.37,22.635,27.11,65.88999938964844
2025-05-06 14:00:00+00:00,104.86000061035156,80.73,447.8592578125,362.46,22.845,27.23428955078125,65.74250793457031
2025-05-06 15:00:00+00:00,104.9800033569336,80.82000000000001,448.34,363.12203125,22.89,27.27,65.98750305175781
2025-05-07 07:00:00+00:00,105.12000274658205,81.0,449.4525,364.99,23.045,27.08666015625,65.80000305175781
2025-05-07 08:00:00+00:00,105.18000030517578,81.05,449.87,365.1826171875,23.055,27.1,65.7074966430664
2025-05-07 09:00:00+00:00,105.14969635009766,81.04,449.92,364.93,23.03875,27.09,65.45999908447266
2025-05-07 10:00:00+00:00,105.0999984741211,80.99624023437501,449.7,364.84,23.005,27.09,65.86000061035156
2025-05-07 11:00:00+00:00,105.13999938964844,80.97,449.58,364.76,23.02,27.11840087890625,65.80000305175781
2025-05-07 12:00:00+00:00,104.73999786376952,80.7,447.87,363.1,22.9,27.07,65.87750244140625
2025-05-07 13:00:00+00:00,104.77999877929688,80.78,448.2651171875,364.07,22.88,26.99,65.96499633789062
2025-05-07 14:00:00+00:00,104.55999755859376,80.515,448.41,361.49,22.825,26.97,65.78250122070312
2025-05-07 15:00:00+00:00,104.68000030517578,80.6175,447.52,362.16,22.825,27.01,65.75250244140625
2025-05-08 07:00:00+00:00,105.9000015258789,81.613662109375,454.19,369.7478125,23.5,27.21,64.95249938964844
2025-05-08 08:00:00+00:00,106.26000213623048,81.92,456.34,371.43,23.575,27.24,64.86000061035156
2025-05-08 09:00:00+00:00,106.36000061035156,81.97,456.44,371.58,23.567602539062506,27.18,64.72000122070312
2025-05-08 10:00:00+00:00,106.55999755859376,82.13,457.17203125,371.89,23.595,27.19,64.93250274658203
2025-05-08 11:00:00+00:00,105.8000030517578,81.59,453.8518359375,369.2,23.425,27.02,64.97250366210938
2025-05-08 12:00:00+00:00,105.68000030517578,81.48,453.37,368.87,23.365,27.05,65.19000244140625
2025-05-08 13:00:00+00:00,105.36000061035156,81.24,451.87921875,366.898515625,23.255,26.94,65.20500183105469
2025-05-08 14:00:00+00:00,105.3000030517578,81.2,451.57,367.66,23.225,26.98,65.19999694824219
2025-05-08 15:00:00+00:00,105.91999816894533,81.68,454.5,369.7541796875,23.47,27.09,65.00499725341797
2025-05-09 07:00:00+00:00,106.1999969482422,81.83,455.01,370.91,23.50902099609375,27.25,64.61750030517578
2025-05-09 08:00:00+00:00,106.05999755859376,81.73,454.45,370.34,23.49,27.25,64.65249633789062
2025-05-09 09:00:00+00:00,106.16429901123048,81.82000000000001,455.02,370.78,23.51,27.31,64.59500122070312
2025-05-09 10:00:00+00:00,106.31999969482422,81.93,455.64,371.44,23.55,27.33,64.55750274658203
2025-05-09 11:00:00+00:00,106.22000122070312,81.87,455.36,370.71,23.515,27.31,64.75750732421875
2025-05-09 12:00:00+00:00,106.26000213623048,81.8727978515625,455.51,370.9975,23.535,27.34,64.75749969482422
2025-05-09 13:00:00+00:00,106.27999877929688,81.913818359375,455.29,371.35,23.52,27.31,64.70999908447266
2025-05-09 14:00:00+00:00,105.76000213623048,81.5,452.98,369.03,23.35,27.24,64.81999969482422
2025-05-09 15:00:00+00:00,105.76000213623048,81.41,453.14,368.73,23.355,27.21,64.86250305175781
2025-05-12 07:00:00+00:00,108.76000213623048,83.78,468.91,384.71,24.545,28.15,62.5724983215332
2025-05-12 08:00:00+00:00,108.76000213623048,83.79,468.98,385.55,24.525,28.1,62.77999877929688
2025-05-12 09:00:00+00:00,108.81999969482422,83.84,469.12,385.68,24.615,28.09,62.462501525878906
2025-05-12 10:00:00+00:00,109.5,84.36578125,472.93,389.02,24.85,28.17,62.33000183105469
2025-05-12 11:00:00+00:00,109.0,84.04359375,470.635,386.73,24.675,28.06,62.63750076293945
2025-05-12 12:00:00+00:00,108.91999816894533,83.92,470.11,386.2,24.605,28.03,62.81499862670898
2025-05-12 13:00:00+00:00,108.45999908447266,83.59,468.08,383.59,24.38,27.91,62.97999954223633
2025-05-12 14:00:00+00:00,108.55999755859376,83.69500000000001,468.06,383.37,24.395,27.97,62.89500045776367
2025-05-12 15:00:00+00:00,108.4800033569336,83.62,467.655,383.29,24.405,27.93,62.93999862670898
2025-05-13 07:00:00+00:00,108.54000091552734,83.77,469.15,384.5,24.50819091796875,27.77,63.31499862670898
2025-05-13 08:00:00+00:00,108.5,83.7225,468.83,384.01,24.5,27.73,63.23500061035156
2025-05-13 09:00:00+00:00,108.5979995727539,83.794501953125,469.74,384.92,24.51,27.67,63.227500915527344
2025-05-13 10:00:00+00:00,108.66000366210938,83.87,469.88,385.44,24.595,27.73553955078125,63.192501068115234
2025-05-13 11:00:00+00:00,108.6999969482422,83.87,470.2,386.07,24.625,27.74679931640625,63.10749816894531
2025-05-13 12:00:00+00:00,108.63999938964844,83.85000000000001,470.22,386.4545703125,24.675,27.71386962890625,62.95500183105469
2025-05-13 13:00:00+00:00,109.08000183105467,84.26,472.52,388.97,24.935,27.816708984375,62.75
2025-05-13 14:00:00+00:00,109.16000366210938,84.26,472.66,390.29,25.05,27.9,62.997501373291016
2025-05-13 15:00:00+00:00,109.16000366210938,84.26,472.51,390.3,25.01,27.88,63.07749938964844
2025-05-14 07:00:00+00:00,108.83999633789062,83.96000000000001,470.45,389.51,25.03,27.93,62.88999938964844
2025-05-14 08:00:00+00:00,108.64430236816406,83.8,469.56,388.24,24.985,27.98,62.817501068115234
2025-05-14 09:00:00+00:00,108.55999755859376,83.74,468.86,388.11,24.95,27.99,62.80500030517578
2025-05-14 10:00:00+00:00,108.66000366210938,83.77,469.41,388.7,24.975,27.96,62.86249923706055
2025-05-14 11:00:00+00:00,108.91999816894533,83.98,470.76,389.98,25.1,28.03,62.54499816894531
2025-05-14 12:00:00+00:00,108.94000244140624,84.09,471.14,390.0,25.1,28.01,61.869998931884766
2025-05-14 13:00:00+00:00,108.87999725341795,83.93,470.7520703125,390.2,25.13,28.02,61.98500061035156
2025-05-14 14:00:00+00:00,109.0,84.04,471.4337109375,391.0812109375,25.22,28.09,61.79999923706055
2025-05-14 15:00:00+00:00,109.01000213623048,84.18,471.71,391.58,25.23,28.13,61.869998931884766
2025-05-15 07:00:00+00:00,108.8000030517578,83.92,470.41,390.84,25.13,28.0,61.0525016784668
2025-05-15 08:00:00+00:00,108.62000274658205,83.75,469.03,389.1,24.985,28.0189990234375,61.432498931884766
2025-05-15 09:00:00+00:00,108.76374816894533,83.91,469.9075,390.0,25.07,27.98360107421875,61.494998931884766
2025-05-15 10:00:00+00:00,108.76000213623048,83.84,469.53,389.85,25.04,28.0,61.75
2025-05-15 11:00:00+00:00,108.95999908447266,84.04,470.89,390.77,25.14,28.06,61.744998931884766
2025-05-15 12:00:00+00:00,108.8000030517578,83.95,469.89,390.0,25.06,28.07,61.95000076293945
2025-05-15 13:00:00+00:00,108.94000244140624,83.993671875,470.71,390.57,25.12,28.0085009765625,62.01250076293945
2025-05-15 14:00:00+00:00,109.05413055419922,84.15,471.57,391.4941015625,25.24,27.98,62.27750015258789
2025-05-15 15:00:00+00:00,109.2699966430664,84.363984375,473.02,392.88,25.3,28.02,62.470001220703125
2025-05-16 07:00:00+00:00,109.62000274658205,84.61,473.95,392.43,25.28,28.05,62.30500030517578
2025-05-16 08:00:00+00:00,109.72000122070312,84.69,474.67,393.19,25.29,28.02,62.31499862670898
2025-05-16 09:00:00+00:00,109.76000213623048,84.77,474.93,393.28,25.31,28.06,62.33000183105469
2025-05-16 10:00:00+00:00,109.83999633789062,84.76,475.15,393.49,25.3,28.04,61.67499923706055
2025-05-16 11:00:00+00:00,109.91999816894533,84.85000000000001,475.93,394.23,25.33,28.05,61.46001052856445
2025-05-16 12:00:00+00:00,109.68000030517578,84.6925,475.2,393.46,25.32,28.03,61.720001220703125
2025-05-16 13:00:00+00:00,109.58000183105467,84.67,474.71,392.88,25.23,28.01,61.79750061035156
2025-05-16 14:00:00+00:00,109.6999969482422,84.68,475.2228125,393.04,25.19,27.99679931640625,61.63999938964844
2025-05-16 15:00:00+00:00,109.8499984741211,84.8,475.67,393.39,25.225,28.02,61.73500061035156
2025-05-19 07:00:00+00:00,108.5999984741211,83.81,469.12,386.451875,24.755,27.76,62.77999877929688
2025-05-19 08:00:00+00:00,108.41999816894533,83.74,468.3205078125,385.31,24.65,27.73,63.032501220703125
2025-05-19 09:00:00+00:00,108.36000061035156,83.63,467.95,385.17,24.645,27.67,62.95750045776367
2025-05-19 10:00:00+00:00,108.4800033569336,83.7,468.55,385.6071484375,24.69,27.68,62.98749923706055
2025-05-19 11:00:00+00:00,108.63999938964844,83.864013671875,469.41,386.28,24.715,27.7,63.02000045776367
2025-05-19 12:00:00+00:00,108.66000366210938,83.85000000000001,469.9,386.68,24.74,27.65,62.73500061035156
2025-05-19 13:00:00+00:00,109.18000030517578,84.3,472.27,389.43,24.95,27.76,62.7400016784668
2025-05-19 14:00:00+00:00,109.26000213623048,84.39,472.56,390.0,25.02,27.81,62.834999084472656
2025-05-19 15:00:00+00:00,109.41000366210938,84.42,472.93,390.41,25.01,27.85,62.83000183105469
2025-05-20 07:00:00+00:00,109.41999816894533,84.52,473.08,390.41,25.0,27.78,62.61751174926758
2025-05-20 08:00:00+00:00,109.5199966430664,84.61,473.365625,390.73,24.9955908203125,27.78,62.86000061035156
2025-05-20 09:00:00+00:00,109.4800033569336,84.60000000000001,473.26,390.58,25.0,27.76,62.872501373291016
2025-05-20 10:00:00+00:00,109.6999969482422,84.75,474.53,391.49,25.06,27.81,62.86000061035156
2025-05-20 11:00:00+00:00,109.76000213623048,84.81,474.4169140625,391.5,25.04,27.83,62.959999084472656
2025-05-20 12:00:00+00:00,109.9000015258789,84.88,474.77,391.56,25.06,27.88,62.994998931884766
2025-05-20 13:00:00+00:00,109.6999969482422,84.72,473.75,390.11,24.935,27.825390625,63.34749984741211
2025-05-20 14:00:00+00:00,109.66000366210938,84.73,473.7,390.48,24.96,27.81,63.755001068115234
2025-05-20 15:00:00+00:00,109.63999938964844,84.7,473.845,390.69,24.985,27.83,63.682498931884766
2025-05-21 07:00:00+00:00,109.12000274658205,84.21000000000001,469.79,388.01,24.82,27.87,64.25250244140625
2025-05-21 08:00:00+00:00,109.05999755859376,84.14,469.69,387.76,24.8,27.9,64.30751037597656
2025-05-21 09:00:00+00:00,108.83999633789062,83.99,468.31,386.83,24.7,27.85,64.36750030517578
2025-05-21 10:00:00+00:00,108.94000244140624,84.0175,468.59,387.15,24.75,27.93,64.31999969482422
2025-05-21 11:00:00+00:00,109.0199966430664,84.15,469.56,387.93,24.835,27.92,64.28751373291016
2025-05-21 12:00:00+00:00,108.87999725341795,84.04,468.624375,387.16,24.76,27.9,64.10749816894531
2025-05-21 13:00:00+00:00,108.91999816894533,84.03,468.62,388.0,24.81,27.8789990234375,64.15750122070312
2025-05-21 14:00:00+00:00,109.0199966430664,84.10672851562501,469.01,389.55,24.86,27.87,64.20249938964844
2025-05-21 15:00:00+00:00,109.11000061035156,84.02,469.86,390.35,24.94,27.89,64.3324966430664
2025-05-22 07:00:00+00:00,108.0,83.35000000000001,464.09,384.98,24.515,27.61,64.65249633789062
2025-05-22 08:00:00+00:00,108.18000030517578,83.48,465.24,385.92,24.605,27.64,64.3125
2025-05-22 09:00:00+00:00,108.0999984741211,83.43,465.05,385.88,24.595,27.64,64.19499969482422
2025-05-22 10:00:00+00:00,108.08000183105467,83.39,465.0225,385.84,24.58,27.63,63.89751052856445
2025-05-22 11:00:00+00:00,107.58000183105467,82.97,462.65,381.85,24.435,27.54679931640625,64.375
2025-05-22 12:00:00+00:00,107.9000015258789,83.22,463.83,385.34,24.555,27.61,64.19249725341797
2025-05-22 13:00:00+00:00,107.9800033569336,83.28,464.94,390.07,24.675,27.58,63.8849983215332
2025-05-22 14:00:00+00:00,107.86000061035156,83.19,463.5275,385.84,24.6,27.57,64.05999755859375
2025-05-22 15:00:00+00:00,107.79000091552734,83.12,463.085,385.05,24.56,27.58,63.99250030517578
2025-05-23 07:00:00+00:00,107.87999725341795,83.2,462.51,383.84,24.46,27.67,64.68000030517578
2025-05-23 08:00:00+00:00,107.73999786376952,83.05,461.81,383.23,24.425,27.668500976562505,64.62999725341797
2025-05-23 09:00:00+00:00,107.63999938964844,82.96000000000001,461.07,382.86,24.38,27.6481591796875,64.66000366210938
2025-05-23 10:00:00+00:00,107.58000183105467,82.92,461.21,382.79,24.375,27.63,64.67250061035156
2025-05-23 11:00:00+00:00,106.0,81.7185498046875,454.59,377.68,23.9,27.32,65.01750183105469
2025-05-23 12:00:00+00:00,105.91999816894533,81.52875,453.25,375.21,23.835,27.33,65.20999908447266
2025-05-23 13:00:00+00:00,106.5,82.099697265625,456.51,378.05,24.065,27.45,64.91500091552734
2025-05-23 14:00:00+00:00,106.58000183105467,82.13,456.3379296875,378.0741015625,24.05,27.5,65.26499938964844
2025-05-23 15:00:00+00:00,106.69400024414062,82.24,455.52,378.9,24.065,27.5,65.24250030517578
2025-05-27 07:00:00+00:00,108.0999984741211,83.37,464.25,384.88,24.485,27.48,64.01499938964844
2025-05-27 08:00:00+00:00,107.91999816894533,83.32000000000001,463.33,384.15,24.415,27.42,64.08000183105469
2025-05-27 09:00:00+00:00,107.9800033569336,83.33400390625,463.21,384.16,24.4460693359375,27.46,64.04000091552734
2025-05-27 10:00:00+00:00,107.87999725341795,83.31,463.19,383.72,24.445,27.392438964843752,63.95750045776367
2025-05-27 11:00:00+00:00,107.86000061035156,83.23447265625,462.95,383.55,24.42,27.38,63.89250183105469
2025-05-27 12:00:00+00:00,107.5999984741211,83.08,461.82,382.85,24.39,27.33,63.98249816894531
2025-05-27 13:00:00+00:00,107.76000213623048,83.13,461.92,383.91,24.415,27.38,64.01750183105469
2025-05-27 14:00:00+00:00,108.16000366210938,83.47,464.08,385.42,24.5,27.44,64.16751098632812
2025-05-27 15:00:00+00:00,108.25,83.59,464.91,386.4,24.555,27.44,64.0250015258789
2025-05-28 07:00:00+00:00,108.41999816894533,83.67,466.29,387.48,24.655,27.51,64.47750854492188
2025-05-28 08:00:00+00:00,108.26000213623048,83.56,466.04,386.81,24.61,27.51,64.53751373291016
2025-05-28 09:00:00+00:00,108.26000213623048,83.58,466.16,387.01,24.605,27.49,64.58000183105469
2025-05-28 10:00:00+00:00,108.66000366210938,83.83,468.243125,389.17,24.745,27.55,64.35250091552734
2025-05-28 11:00:00+00:00,108.66000366210938,83.89,468.07,389.3,24.765,27.55,64.31749725341797
2025-05-28 12:00:00+00:00,108.64340209960938,83.91099609375,468.56,389.62,24.82,27.55,64.3324966430664
2025-05-28 13:00:00+00:00,108.58000183105467,83.9,468.35,388.73,24.715,27.51,64.20249938964844
2025-05-28 14:00:00+00:00,108.37999725341795,83.95,467.02,388.16,24.67,27.51,64.15000915527344
2025-05-28 15:00:00+00:00,108.3499984741211,83.73,467.23,388.8,24.715,27.47,64.00250244140625
2025-05-29 07:00:00+00:00,109.77999877929688,84.77,474.11,395.95,25.32,27.83,63.85749816894531
2025-05-29 08:00:00+00:00,109.5199966430664,84.61,473.08,395.09,25.31,27.74,63.72499847412109
2025-05-29 09:00:00+00:00,109.33999633789062,84.5,472.54,394.87,25.3,27.76,63.7599983215332
2025-05-29 10:00:00+00:00,109.12000274658205,84.23,470.91,393.79,25.22,27.68,64.05999755859375
2025-05-29 11:00:00+00:00,109.0,84.18115234375,470.13,392.64,25.17,27.68486083984375,64.135009765625
2025-05-29 12:00:00+00:00,108.73999786376952,83.93,468.28875,391.43,25.05,27.65,64.41999816894531
2025-05-29 13:00:00+00:00,108.83999633789062,83.869697265625,467.569609375,389.96,24.885,27.5410009765625,64.35501098632812
2025-05-29 14:00:00+00:00,108.5999984741211,83.84,467.78,389.63,24.90162109375,27.588999023437506,64.30999755859375
2025-05-29 15:00:00+00:00,108.5199966430664,83.83,467.56,389.11,24.87,27.59,64.42749786376953
2025-05-30 07:00:00+00:00,108.5199966430664,83.8,466.56,387.09,24.72,27.45,63.994998931884766
2025-05-30 08:00:00+00:00,108.5,83.805634765625,466.91,387.27,24.725,27.44,64.01499938964844
2025-05-30 09:00:00+00:00,108.4800033569336,83.79,466.59,387.19,24.745,27.42,64.0199966430664
2025-05-30 10:00:00+00:00,108.5199966430664,83.79,466.93,387.34,24.77,27.45,64.02749633789062
2025-05-30 11:00:00+00:00,108.5,83.770498046875,466.8,387.35,24.765,27.47,63.959999084472656
2025-05-30 12:00:00+00:00,108.05999755859376,83.49,465.01,386.15,24.67,27.36,64.19499969482422
2025-05-30 13:00:00+00:00,108.18000030517578,83.61,465.81,386.7,24.545,27.29,63.650001525878906
2025-05-30 14:00:00+00:00,108.22000122070312,83.60000000000001,465.9477734375,386.57,24.62,27.24,63.747501373291016
2025-05-30 15:00:00+00:00,108.31999969482422,83.73,466.77,387.23,24.6275,27.28,63.86000061035156
2025-06-02 07:00:00+00:00,107.54000091552734,83.04,461.7,382.19,24.325,27.15,65.12750244140625
2025-06-02 08:00:00+00:00,107.6999969482422,83.2,462.29,382.93,24.35,27.19,65.15249633789062
2025-06-02 09:00:00+00:00,107.62000274658205,83.13,462.05,382.76,24.33,27.18,65.05000305175781
2025-06-02 10:00:00+00:00,107.8000030517578,83.28,462.94,383.42,24.4,27.21,65.07749938964844
2025-06-02 11:00:00+00:00,107.81999969482422,83.31,463.1,383.46,24.425,27.22,65.19499969482422
2025-06-02 12:00:00+00:00,107.86000061035156,83.31,463.29,383.76,24.46,27.26,65.19999694824219
2025-06-02 13:00:00+00:00,107.6999969482422,83.22,463.04,384.83,24.3,27.23,65.47501373291016
2025-06-02 14:00:00+00:00,108.0,83.44,463.9952734375,385.5570703125,24.63,27.2289990234375,65.58500671386719
2025-06-02 15:00:00+00:00,107.86000061035156,83.37,463.565,385.14,24.58,27.22,65.5374984741211
2025-06-03 07:00:00+00:00,108.21530151367188,83.63,465.58,387.16,24.69,27.35697998046875,65.26499938964844
2025-06-03 08:00:00+00:00,108.3000030517578,84.0,466.16,387.42,24.72,27.35,65.29750061035156
2025-06-03 09:00:00+00:00,108.3000030517578,83.72,466.1,387.52,24.71,27.39679931640625,65.20999908447266
2025-06-03 10:00:00+00:00,108.5199966430664,83.85000000000001,467.08,388.56,24.775,27.41,65.19000244140625
2025-06-03 11:00:00+00:00,108.62000274658205,83.95,467.78,389.32,24.84,27.41,65.26499938964844
2025-06-03 12:00:00+00:00,108.5999984741211,83.96000000000001,467.82,389.34,24.83,27.39,65.24749755859375
2025-06-03 13:00:00+00:00,108.58000183105467,83.93,468.28,390.55,25.0,27.3697509765625,64.97250366210938
2025-06-03 14:00:00+00:00,108.72000122070312,84.04,468.89,390.99,25.08,27.41,65.02999877929688
2025-06-03 15:00:00+00:00,108.86000061035156,84.19,469.59,391.36,25.11,27.42,65.05249786376953
2025-06-04 07:00:00+00:00,109.16000366210938,84.42,470.78,392.0,25.19,27.6,65.19499969482422
2025-06-04 08:00:00+00:00,109.18269348144533,84.37,470.47,391.59,25.17,27.62,65.3499984741211
2025-06-04 09:00:00+00:00,109.22000122070312,84.4025,470.96,392.21,25.18,27.64,65.34249877929688
2025-06-04 10:00:00+00:00,109.36000061035156,84.5,471.52,392.82,25.23,27.66,65.0999984741211
2025-06-04 11:00:00+00:00,109.41999816894533,84.56,471.775,393.04,25.25,27.71,65.01249694824219
2025-06-04 12:00:00+00:00,109.13999938964844,84.26,469.73,391.46,25.13,27.67,65.24749755859375
2025-06-04 13:00:00+00:00,109.31999969482422,84.42,470.8048046875,392.35,25.24,27.7,65.13345336914062
2025-06-04 14:00:00+00:00,109.0999984741211,84.22,469.582578125,391.39,25.16,27.65,65.6050033569336
2025-06-04 15:00:00+00:00,109.12000274658205,84.27,469.695,391.7,25.16,27.66716064453125,65.55000305175781
2025-06-05 07:00:00+00:00,109.26000213623048,84.36,470.2125,393.04,25.21,27.82,65.48249816894531
2025-06-05 08:00:00+00:00,109.18000030517578,84.29,469.71,392.34,25.2,27.801000976562506,65.572509765625
2025-06-05 09:00:00+00:00,109.18000030517578,84.28,469.4625,392.17,25.18,27.83,65.84500122070312
2025-06-05 10:00:00+00:00,109.0999984741211,84.23,469.06,391.9345703125,25.15,27.8,66.0374984741211
2025-06-05 11:00:00+00:00,109.08000183105467,84.19,469.08,391.91,25.1414306640625,27.8,65.9124984741211
2025-06-05 12:00:00+00:00,109.16000366210938,84.32000000000001,470.14,392.17,25.18,27.86,65.70999908447266
2025-06-05 13:00:00+00:00,108.5999984741211,83.76,466.28,390.25,25.05,27.77159912109375,65.63749694824219
2025-06-05 14:00:00+00:00,109.16000366210938,84.2475,469.23,392.94,25.26,27.89679931640625,65.37249755859375
2025-06-05 15:00:00+00:00,109.22000122070312,83.91,469.63,394.04,25.33,27.76,65.3324966430664
2025-06-06 07:00:00+00:00,109.16000366210938,84.26,469.13,390.76,25.16,27.89,65.25499725341797
2025-06-06 08:00:00+00:00,109.1999969482422,84.28,469.56,390.98,25.14,27.89,65.40000915527344
2025-06-06 09:00:00+00:00,109.23999786376952,84.34,469.6998828125,391.54,25.2,27.89,65.2125015258789
2025-06-06 10:00:00+00:00,109.0999984741211,84.22,468.77,390.47,25.16,27.88,65.29000854492188
2025-06-06 11:00:00+00:00,109.05999755859376,84.22,468.82,390.78,25.16,27.88,65.24501037597656
2025-06-06 12:00:00+00:00,109.5199966430664,84.54,471.07,392.76,25.29,27.95,65.18000793457031
2025-06-06 13:00:00+00:00,109.90540313720705,84.815,473.5925,394.52,25.39,27.95,64.9625015258789
2025-06-06 14:00:00+00:00,109.72879791259766,84.93,472.91,394.15,25.38,27.93,64.59500122070312
2025-06-06 15:00:00+00:00,109.62000274658205,84.72,472.37,393.81,25.34,27.945,64.68000793457031
2025-06-09 07:00:00+00:00,109.63999938964844,84.59,471.59,392.61,25.27,28.15,64.59249877929688
2025-06-09 08:00:00+00:00,109.6999969482422,84.63,471.73,392.38,25.29,28.14,64.49501037597656
2025-06-09 09:00:00+00:00,109.62000274658205,84.57000000000001,471.46,392.17,25.25,28.13,64.5
2025-06-09 10:00:00+00:00,109.66000366210938,84.6043359375,471.64,392.35,25.29,28.14,64.37999725341797
2025-06-09 11:00:00+00:00,109.73999786376952,84.64576171875,472.29,393.04,25.315290527343752,28.17,64.44249725341797
2025-06-09 12:00:00+00:00,109.77999877929688,84.733603515625,472.8530859375,393.46,25.37,28.16492919921875,64.48001098632812
2025-06-09 13:00:00+00:00,109.76000213623048,84.64,472.34,393.48,25.44,28.16,64.48249816894531
2025-06-09 14:00:00+00:00,109.72000122070312,84.60000000000001,472.24,394.14,25.46,28.18,64.51499938964844
2025-06-09 15:00:00+00:00,109.66000366210938,84.60000000000001,471.6150390625,393.36,25.38,28.185,64.69000244140625
2025-06-10 07:00:00+00:00,110.31999969482422,85.0,474.55,395.48,25.43,28.4,64.65750122070312
2025-06-10 08:00:00+00:00,110.19400024414062,84.978623046875,474.17,395.22,25.42,28.38,64.66000366210938
2025-06-10 09:00:00+00:00,110.26000213623048,85.05,474.45,395.49,25.43,28.39,64.67250061035156
2025-06-10 10:00:00+00:00,110.1999969482422,84.99,474.0598828125,395.1036328125,25.41,28.37,64.7874984741211
2025-06-10 11:00:00+00:00,110.3000030517578,85.06,474.445,395.58,25.43,28.408999023437502,64.74500274658203
2025-06-10 12:00:00+00:00,110.3000030517578,85.041552734375,474.35,395.52,25.42,28.41,64.83499908447266
2025-06-10 13:00:00+00:00,110.13999938964844,84.915,473.38,394.77,25.37,28.4,64.95500183105469
2025-06-10 14:00:00+00:00,110.26258850097656,84.94,474.62,395.27,25.44,28.38,64.65499877929688
2025-06-10 15:00:00+00:00,110.31999969482422,84.95,475.03,395.52,25.42,28.38,64.60749816894531
2025-06-11 07:00:00+00:00,110.72000122070312,85.3,476.49,397.67,25.5,28.66,64.98750305175781
2025-06-11 08:00:00+00:00,110.68000030517578,85.35000000000001,476.39,397.46,25.51,28.63888916015625,64.99250030517578
2025-06-11 09:00:00+00:00,110.58000183105467,85.25,475.8446875,396.97,25.49,28.62,64.76499938964844
2025-06-11 10:00:00+00:00,110.55999755859376,85.25,476.19,397.06,25.51,28.61,64.67500305175781
2025-06-11 11:00:00+00:00,110.5999984741211,85.27,476.32,397.22,25.5,28.6,64.7699966430664
2025-06-11 12:00:00+00:00,110.73999786376952,85.45,477.17,398.34,25.58,28.63,64.73249816894531
2025-06-11 13:00:00+00:00,110.63999938964844,85.32000000000001,476.6,397.46,25.57,28.6189990234375,64.68000030517578
2025-06-11 14:00:00+00:00,110.66000366210938,85.352275390625,476.7,398.25,25.62,28.63,64.83999633789062
2025-06-11 15:00:00+00:00,110.58000183105467,85.27,476.13,397.3,25.57,28.59,64.88749694824219
2025-06-12 07:00:00+00:00,109.68000030517578,84.53,471.83,392.86,25.33,28.45,64.99501037597656
2025-06-12 08:00:00+00:00,109.72000122070312,84.55,471.52,392.63,25.31,28.49,65.2125015258789
2025-06-12 09:00:00+00:00,109.5999984741211,84.4525,470.8,392.48,25.31,28.41840087890625,65.38749694824219
2025-06-12 10:00:00+00:00,109.5199966430664,84.39,470.19,392.02,25.3,28.43068115234375,65.71499633789062
2025-06-12 11:00:00+00:00,109.37999725341795,84.26,469.56,390.8,25.22,28.38,65.67250061035156
2025-06-12 12:00:00+00:00,109.66000366210938,84.46000000000001,470.7,391.96,25.305,28.42,65.8125
2025-06-12 13:00:00+00:00,109.8000030517578,84.69,471.62,392.85,25.39,28.44,65.8550033569336
2025-06-12 14:00:00+00:00,110.12000274658205,84.8775,473.36,394.19,25.52,28.48,65.71499633789062
2025-06-12 15:00:00+00:00,110.08000183105467,84.5,473.3475,394.24,25.54,28.45,65.82499694824219
2025-06-13 07:00:00+00:00,109.0999984741211,84.12,469.2175,389.87,25.26,28.06,66.33999633789062
2025-06-13 08:00:00+00:00,109.08000183105467,84.11,469.66,389.2,25.23388916015625,28.09,66.52999877929688
2025-06-13 09:00:00+00:00,109.27999877929688,84.31,469.93,390.1,25.31,28.09,66.4625015258789
2025-06-13 10:00:00+00:00,109.36000061035156,84.38,471.1121484375,390.74,25.34,28.1,66.34750366210938
2025-06-13 11:00:00+00:00,109.5,84.53,471.84,391.2,25.4,28.12,66.47000122070312
2025-06-13 12:00:00+00:00,109.45999908447266,84.5,471.62,390.87,25.4,28.088999023437506,66.76750183105469
2025-06-13 13:00:00+00:00,109.73999786376952,84.4,469.99,392.12,25.4,28.0710009765625,66.90000915527344
2025-06-13 14:00:00+00:00,109.3000030517578,84.37,470.96,391.3698046875,25.33,28.08,66.5625
2025-06-13 15:00:00+00:00,109.41000366210938,84.42,471.47,391.7298046875,25.35,28.11,66.55000305175781
2025-06-16 07:00:00+00:00,109.5999984741211,84.54,471.54,391.83,25.35,28.31,66.2874984741211
2025-06-16 08:00:00+00:00,109.72000122070312,84.5925,471.68,391.99,25.38,28.34,66.31999969482422
2025-06-16 09:00:00+00:00,109.5,84.44,470.85,391.15,25.33,28.28,66.28500366210938
2025-06-16 10:00:00+00:00,109.6999969482422,84.5925,471.7,391.93,25.38,28.32,66.42500305175781
2025-06-16 11:00:00+00:00,109.77999877929688,84.66,472.24,392.38,25.4,28.3,66.34500122070312
2025-06-16 12:00:00+00:00,109.7606964111328,84.63,472.04,392.38546875,25.4,28.36,66.36750793457031
2025-06-16 13:00:00+00:00,109.91999816894533,84.73,472.91,393.6,25.5,28.39,65.83500671386719
2025-06-16 14:00:00+00:00,110.18000030517578,84.93,473.943203125,394.49,25.56,28.48,65.98001098632812
2025-06-16 15:00:00+00:00,110.08000183105467,84.86,473.72,394.51,25.57,28.4556201171875,66.15249633789062
2025-06-17 07:00:00+00:00,109.4800033569336,84.42,471.375,393.02,25.47,28.26,65.81749725341797
2025-06-17 08:00:00+00:00,109.6999969482422,84.59,472.0924609375,393.85,25.51,28.28679931640625,65.63749694824219
2025-06-17 09:00:00+00:00,109.58000183105467,84.48,472.17,393.55,25.5,28.24778076171875,65.75499725341797
2025-06-17 10:00:00+00:00,109.47450256347656,84.43,471.47,393.2,25.46,28.231000976562505,66.00499725341797
2025-06-17 11:00:00+00:00,109.68000030517578,84.5775,472.42,393.68,25.52,28.28,65.8324966430664
2025-06-17 12:00:00+00:00,109.5999984741211,84.57000000000001,472.04,393.83,25.52,28.25,65.79499816894531
2025-06-17 13:00:00+00:00,109.77999877929688,84.7,473.21,394.5,25.6,28.32,65.88500213623047
2025-06-17 14:00:00+00:00,109.94000244140624,84.67,474.32,395.16,25.65,28.3,65.7874984741211
2025-06-17 15:00:00+00:00,110.0,84.85000000000001,474.82,395.86,25.69,28.32,65.68000030517578
2025-06-18 07:00:00+00:00,110.1999969482422,85.01,474.94,395.71,25.71,28.35780029296875,65.78500366210938
2025-06-18 08:00:00+00:00,110.23999786376952,85.07000000000001,475.46,396.12,25.76,28.35,65.74749755859375
2025-06-18 09:00:00+00:00,110.13999938964844,85.0,474.9,395.86,25.72181884765625,28.3,65.63749694824219
2025-06-18 10:00:00+00:00,109.9800033569336,84.834599609375,474.27,395.23,25.69,28.28,65.66000366210938
2025-06-18 11:00:00+00:00,110.08000183105467,84.97,475.03,395.67,25.7,28.3,65.67749786376953
2025-06-18 12:00:00+00:00,109.9800033569336,84.89,474.41,395.45,25.69,28.3,65.80500030517578
2025-06-18 13:00:00+00:00,110.12000274658205,85.016669921875,475.51,395.93,25.73,28.29,65.92749786376953
2025-06-18 14:00:00+00:00,110.31999969482422,85.18,476.2525,396.805,25.79,28.35,65.79000091552734
2025-06-18 15:00:00+00:00,110.12999725341795,85.23,475.19,395.82,25.73,28.32,65.81999969482422
2025-06-19 07:00:00+00:00,109.58000183105467,84.545966796875,472.81,393.44,25.63,28.05,65.38249969482422
2025-06-19 08:00:00+00:00,109.5999984741211,84.57000000000001,472.91,393.4,25.62,28.05,65.44750213623047
2025-06-19 09:00:00+00:00,109.58000183105467,84.62,473.1,393.55,25.64,28.06,65.47501373291016
2025-06-19 10:00:00+00:00,109.63999938964844,84.64,473.06,393.63,25.61,28.0368310546875,65.54000091552734
2025-06-19 11:00:00+00:00,109.33999633789062,84.43,471.85,392.68,25.57,27.96,65.49749755859375
2025-06-19 12:00:00+00:00,109.22000122070312,84.29103515625,471.02,391.8,25.48548095703125,27.93883056640625,65.41999816894531
2025-06-19 13:00:00+00:00,109.0199966430664,84.19,470.2375,390.78,25.43,27.94,65.48249816894531
2025-06-19 14:00:00+00:00,109.16243743896484,84.31,471.1,391.64,25.5,27.95,65.36000061035156
2025-06-19 15:00:00+00:00,109.08000183105467,84.21000000000001,471.04,391.53,25.48,27.91,65.43250274658203
2025-06-20 07:00:00+00:00,109.58000183105467,84.55,472.57,393.82,25.65,28.2,65.03500366210938
2025-06-20 08:00:00+00:00,109.23999786376952,84.27,470.96,392.1975,25.55,28.16718994140625,65.08999633789062
2025-06-20 09:00:00+00:00,109.44000244140624,84.43,471.83,392.784609375,25.6,28.22,65.17749786376953
2025-06-20 10:00:00+00:00,109.31999969482422,84.4,471.65,392.77,25.55,28.22,65.19000244140625
2025-06-20 11:00:00+00:00,109.58000183105467,84.5,472.55,393.89,25.62,28.27,65.03250122070312
2025-06-20 12:00:00+00:00,109.72000122070312,84.67,473.76,394.94,25.7,28.27,64.96749877929688
2025-06-20 13:00:00+00:00,109.62000274658205,84.62,473.85,395.14,25.75,28.22,65.48001098632812
2025-06-20 14:00:00+00:00,109.36000061035156,84.41,472.39,392.14,25.54,28.08,65.44249725341797
2025-06-20 15:00:00+00:00,109.4000015258789,84.46000000000001,472.95,392.83,25.61,28.08656005859375,65.44499969482422
2025-06-23 07:00:00+00:00,109.5999984741211,84.60000000000001,474.13,394.41,25.76,28.159990234375,65.22750091552734
2025-06-23 08:00:00+00:00,109.77999877929688,84.72,475.25,395.33,25.81,28.2,65.30249786376953
2025-06-23 09:00:00+00:00,109.83999633789062,84.86,476.13,395.84,25.81,28.196220703125,65.38249969482422
2025-06-23 10:00:00+00:00,109.72000122070312,84.74,475.69,395.34,25.82,28.1989990234375,65.41999816894531
2025-06-23 11:00:00+00:00,109.4800033569336,84.60000000000001,474.37,394.51,25.73,28.15,65.67749786376953
2025-06-23 12:00:00+00:00,109.72000122070312,84.71000000000001,475.5,395.51,25.81,28.21,65.29251098632812
2025-06-23 13:00:00+00:00,109.72000122070312,84.76,475.49,395.46,25.77,28.17,65.71000671386719
2025-06-23 14:00:00+00:00,109.31999969482422,84.38,473.94,394.12,25.64,28.08,65.79000854492188
2025-06-23 15:00:00+00:00,109.33999633789062,84.41,472.88,393.78,25.62,28.085,65.80249786376953
2025-06-24 07:00:00+00:00,110.31999969482422,85.19,476.8,397.71,25.96,28.5210009765625,64.6875
2025-06-24 08:00:00+00:00,110.18000030517578,84.99,476.16,397.03,25.93001953125,28.502451171875,64.59249877929688
2025-06-24 09:00:00+00:00,110.18000030517578,84.965,475.96,396.951796875,25.93,28.51,64.45249938964844
2025-06-24 10:00:00+00:00,110.0739974975586,84.9,475.78,396.45,25.91,28.49,64.59750366210938
2025-06-24 11:00:00+00:00,110.05999755859376,84.8525,475.5,396.5680078125,25.91,28.47,64.49250030517578
2025-06-24 12:00:00+00:00,110.0199966430664,84.88,475.61,396.65,25.89,28.47760009765625,64.38749694824219
2025-06-24 13:00:00+00:00,109.9800033569336,84.8,475.6,396.82,25.86,28.480439453125,64.13749694824219
2025-06-24 14:00:00+00:00,110.0999984741211,84.9,475.18,396.96,25.95,28.59888916015625,64.18250274658203
2025-06-24 15:00:00+00:00,110.13999938964844,84.912099609375,475.79,397.54,25.97,28.62,64.34750366210938
2025-06-25 07:00:00+00:00,110.5,85.15,477.35,398.83,26.04,28.78679931640625,64.70999908447266
2025-06-25 08:00:00+00:00,110.38939666748048,85.07000000000001,477.08,398.81,26.05,28.77,64.62249755859375
2025-06-25 09:00:00+00:00,110.37999725341795,85.05,477.1101171875,398.75359375,26.03,28.74679931640625,64.56749725341797
2025-06-25 10:00:00+00:00,110.37999725341795,85.12,477.5339453125,399.4291015625,26.13,28.74552978515625,64.58499908447266
2025-06-25 11:00:00+00:00,110.55999755859376,85.2,478.13,400.2,26.18,28.79,64.52999877929688
2025-06-25 12:00:00+00:00,110.5999984741211,85.25,478.57,400.795390625,26.21,28.78,64.49250030517578
2025-06-25 13:00:00+00:00,110.45999908447266,85.14,478.3175,400.99,26.31,28.69888916015625,64.40750122070312
2025-06-25 14:00:00+00:00,110.3000030517578,85.03,477.5725,399.751015625,26.29,28.69320068359375,64.56500244140625
2025-06-25 15:00:00+00:00,110.23999786376952,85.03,477.23,399.37,26.24,28.69840087890625,64.55500030517578
2025-06-26 07:00:00+00:00,109.81999969482422,84.597666015625,474.291484375,397.3,26.22,28.59,65.0
2025-06-26 08:00:00+00:00,109.86000061035156,84.64,474.32,397.44,26.19,28.63,65.05249786376953
2025-06-26 09:00:00+00:00,109.81999969482422,84.61,474.29,397.47,26.2,28.58,64.88749694824219
2025-06-26 10:00:00+00:00,109.95999908447266,84.71000000000001,474.88,397.97,26.24,28.63,64.94750213623047
2025-06-26 11:00:00+00:00,110.16000366210938,84.89,476.03,398.98,26.32,28.67,64.7249984741211
2025-06-26 12:00:00+00:00,110.0,84.76,475.150390625,398.21,26.25,28.65,64.55999755859375
2025-06-26 13:00:00+00:00,109.83999633789062,84.61,474.579921875,397.53,26.2,28.6385009765625,64.55314636230469
2025-06-26 14:00:00+00:00,110.0999984741211,84.85000000000001,475.8225,398.07921875,26.19,28.68,64.4574966430664
2025-06-26 15:00:00+00:00,110.08000183105467,84.82000000000001,475.68,398.07,26.15,28.68,64.5374984741211
2025-06-27 07:00:00+00:00,110.62000274658205,85.31,477.94,400.69,26.35,28.6124609375,63.79999923706055
2025-06-27 08:00:00+00:00,110.58000183105467,85.33,477.95,400.82,26.35,28.61,63.89250183105469
2025-06-27 09:00:00+00:00,110.61060333251952,85.32000000000001,477.88,400.93,26.35,28.60284912109375,63.775001525878906
2025-06-27 10:00:00+00:00,110.68000030517578,85.38724609375001,478.54,401.24,26.37,28.64,63.81499862670898
2025-06-27 11:00:00+00:00,110.8000030517578,85.45,478.76,401.57,26.39449951171875,28.64,63.7400016784668
2025-06-27 12:00:00+00:00,110.66000366210938,85.3,477.98,400.7,26.325,28.61,63.5
2025-06-27 13:00:00+00:00,110.87999725341795,85.52,479.33,401.76,26.39,28.65,63.58750915527344
2025-06-27 14:00:00+00:00,110.9800033569336,85.59,479.7501953125,402.09,26.38,28.65287109375,63.54750061035156
2025-06-27 15:00:00+00:00,111.12000274658205,85.71000000000001,480.245,402.52,26.43680908203125,28.7112109375,63.557498931884766
2025-06-30 07:00:00+00:00,111.36000061035156,85.94,481.93,404.17,26.49,28.62,63.970001220703125
2025-06-30 08:00:00+00:00,111.36000061035156,85.95,482.22,404.29,26.5,28.67,63.89250183105469
2025-06-30 09:00:00+00:00,111.37999725341795,85.96000000000001,482.45,404.58,26.52,28.66,63.86000061035156
2025-06-30 10:00:00+00:00,111.41799926757812,86.01,482.51,404.7,26.56,28.7,63.77999877929688
2025-06-30 11:00:00+00:00,111.36000061035156,85.95,482.28,404.58,26.5,28.66,63.67250061035156
2025-06-30 12:00:00+00:00,111.3000030517578,85.94,482.3,404.47,26.51,28.68,63.782501220703125
2025-06-30 13:00:00+00:00,111.31999969482422,85.92,482.13,403.97,26.46,28.71,63.810001373291016
2025-06-30 14:00:00+00:00,111.16000366210938,85.83,481.02,403.36,26.44,28.67,63.85000991821289
2025-06-30 15:00:00+00:00,111.25,85.87,481.41,403.38,26.44,28.66,63.86750030517578
2025-07-01 07:00:00+00:00,111.0199966430664,85.64,479.76,401.87,26.46,28.7289990234375,64.86000061035156
2025-07-01 08:00:00+00:00,110.93599700927734,85.55,479.42,401.69,26.46,28.72,64.87000274658203
2025-07-01 09:00:00+00:00,110.87999725341795,85.53,479.25,401.47,26.41,28.73,64.9749984741211
2025-07-01 10:00:00+00:00,110.86000061035156,85.51,478.9984375,401.66,26.41,28.72449951171875,65.05000305175781
2025-07-01 11:00:00+00:00,111.04000091552734,85.61,480.1203125,402.08,26.47,28.77,65.0625
2025-07-01 12:00:00+00:00,111.0,85.57000000000001,479.97,401.92,26.45,28.76,65.16999816894531
2025-07-01 13:00:00+00:00,111.12000274658205,85.81,480.83,402.81,26.5,28.82,65.12249755859375
2025-07-01 14:00:00+00:00,111.18000030517578,85.75900390625,480.8,400.586484375,26.31,28.8,64.97000122070312
2025-07-01 15:00:00+00:00,111.31999969482422,85.92,481.81,401.0,26.3,28.8,64.89250183105469
2025-07-02 07:00:00+00:00,111.54000091552734,86.06,482.868046875,401.77,26.37,28.7564599609375,64.7699966430664
2025-07-02 08:00:00+00:00,111.55999755859376,86.11900390625,483.15,401.75,26.36,28.7789990234375,64.760009765625
2025-07-02 09:00:00+00:00,111.73999786376952,86.2,483.59,402.04,26.38,28.83,64.90249633789062
2025-07-02 10:00:00+00:00,111.54000091552734,86.09,482.98,401.02,26.3,28.82,64.96499633789062
2025-07-02 11:00:00+00:00,111.81999969482422,86.27,484.19,401.98,26.37,28.88,64.92250061035156
2025-07-02 12:00:00+00:00,112.04000091552734,86.44,485.18,402.74,26.41,28.96,65.01499938964844
2025-07-02 13:00:00+00:00,112.3000030517578,86.6244921875,486.41,404.86,26.61,28.981000976562505,64.79750061035156
2025-07-02 14:00:00+00:00,112.5199966430664,86.81,487.24546875,407.62,26.773630371093752,29.07,64.9375
2025-07-02 15:00:00+00:00,112.37999725341795,86.695224609375,486.59,405.95,26.72,29.045,64.91251373291016
2025-07-03 07:00:00+00:00,112.5,86.76,486.83,406.18,26.77,29.13,65.14250183105469
2025-07-03 08:00:00+00:00,112.27999877929688,86.62,485.96,405.39,26.72,29.09840087890625,65.19750213623047
2025-07-03 09:00:00+00:00,112.33999633789062,86.68,486.49,405.65,26.69,29.07,64.98999786376953
2025-07-03 10:00:00+00:00,112.33599853515624,86.6421484375,486.41,405.43,26.71,29.07,65.12999725341797
2025-07-03 11:00:00+00:00,112.4000015258789,86.69,486.71,405.81,26.72,29.08,65.00250244140625
2025-07-03 12:00:00+00:00,112.72000122070312,86.94,488.66,407.64,26.88,29.14,64.5999984741211
2025-07-03 13:00:00+00:00,112.81999969482422,86.73,489.07,408.42,26.78,29.17,64.76000213623047
2025-07-03 14:00:00+00:00,113.0,87.172451171875,490.37,409.35,27.09,29.20197021484375,64.58750915527344
2025-07-03 15:00:00+00:00,112.9800033569336,87.15,489.9,409.44,27.11,29.19,64.67749786376953
2025-07-04 07:00:00+00:00,112.33999633789062,86.7,487.49,407.17,26.93,28.92,64.93499755859375
2025-07-04 08:00:00+00:00,112.18000030517578,86.60000000000001,486.9,406.71,26.87339111328125,28.87,64.92749786376953
2025-07-04 09:00:00+00:00,112.31999969482422,86.7,487.3431640625,407.15,26.93,28.92,64.77249908447266
2025-07-04 10:00:00+00:00,112.27999877929688,86.64,487.04,406.75,26.89,28.92,64.822509765625
2025-07-04 11:00:00+00:00,112.36000061035156,86.72,487.53,407.18,26.94,28.93,64.76499938964844
2025-07-04 12:00:00+00:00,112.4000015258789,86.736328125,487.89,407.51,26.96,28.9410009765625,64.75
2025-07-04 13:00:00+00:00,112.44000244140624,86.758974609375,487.53,406.993515625,26.92,28.9389990234375,64.77999877929688
2025-07-04 14:00:00+00:00,112.45999908447266,86.82720703125,488.04,407.49,26.93,28.96,64.75250244140625
2025-07-04 15:00:00+00:00,112.44000244140624,86.82000000000001,487.77,407.4,26.94,28.96,64.73750305175781
2025-07-07 07:00:00+00:00,112.72000122070312,86.97919921875,489.91,408.87,27.07,28.93904052734375,64.12001037597656
2025-07-07 08:00:00+00:00,112.87999725341795,87.16,490.62,408.99,27.09,28.98,64.29251098632812
2025-07-07 09:00:00+00:00,112.83999633789062,87.13,490.51,409.05,27.1,29.0,64.27749633789062
2025-07-07 10:00:00+00:00,112.9000015258789,87.173017578125,490.6346875,409.23,27.09,29.0,64.13249969482422
2025-07-07 11:00:00+00:00,112.87999725341795,87.18,490.72,409.27,27.08,28.984169921875,64.12999725341797
2025-07-07 12:00:00+00:00,112.6999969482422,87.04,490.01,408.64,27.06,28.95,64.2699966430664
2025-07-07 13:00:00+00:00,112.76000213623048,87.06,489.81,408.1586328125,27.06,29.02,64.41500091552734
2025-07-07 14:00:00+00:00,112.4800033569336,86.81,488.5753125,407.0487890625,26.96,28.97,64.45249938964844
2025-07-07 15:00:00+00:00,112.41773223876952,86.76,487.89,407.28,26.98,28.93,64.46749877929688
2025-07-08 07:00:00+00:00,112.5199966430664,86.82000000000001,488.06,408.1791015625,27.01,29.04,64.7699966430664
2025-07-08 08:00:00+00:00,112.63999938964844,86.94,488.75,408.75,27.03,29.07,64.55000305175781
2025-07-08 09:00:00+00:00,112.6999969482422,87.0,489.06046875,409.03,27.03,29.1,64.5250015258789
2025-07-08 10:00:00+00:00,112.87999725341795,87.12,489.9123046875,409.64,27.09,29.17,64.57499694824219
2025-07-08 11:00:00+00:00,112.86000061035156,87.13,490.08,409.82,27.12,29.13,64.55000305175781
2025-07-08 12:00:00+00:00,112.8000030517578,87.11,489.76,409.61,27.11,29.13,64.63999938964844
2025-07-08 13:00:00+00:00,112.95999908447266,87.18,490.27,409.48,27.1,29.14,64.39250183105469
2025-07-08 14:00:00+00:00,112.9000015258789,87.12,490.17,409.86,27.18,29.15,64.0425033569336
2025-07-08 15:00:00+00:00,112.7300033569336,87.03,489.2,408.6,27.08,29.1,64.0374984741211
2025-07-09 07:00:00+00:00,112.73999786376952,87.00068359375,488.88,408.64,27.1,29.09,63.96500015258789
2025-07-09 08:00:00+00:00,112.61927032470705,86.94,488.39,408.18,27.08,29.035200195312505,63.79999923706055
2025-07-09 09:00:00+00:00,112.81999969482422,87.08,489.0780859375,408.85,27.11,29.08,63.875
2025-07-09 10:00:00+00:00,112.86000061035156,87.16,489.41,409.101015625,27.15,29.1,64.01249694824219
2025-07-09 11:00:00+00:00,113.0199966430664,87.23,490.24,409.76,27.19,29.11320068359375,63.80250930786133
2025-07-09 12:00:00+00:00,112.81999969482422,87.05,488.95,408.7,27.12,29.05,64.03250122070312
2025-07-09 13:00:00+00:00,113.27999877929688,87.45,491.91,411.97,27.39,29.08,64.1050033569336
2025-07-09 14:00:00+00:00,112.86000061035156,87.12,489.2,409.32,27.14968017578125,28.99,64.3375015258789
2025-07-09 15:00:00+00:00,112.95999908447266,87.21000000000001,490.175,410.16,27.193640136718752,29.01,64.27249908447266
2025-07-10 07:00:00+00:00,113.05999755859376,87.294033203125,489.9,410.34,27.26,29.12,64.50499725341797
2025-07-10 08:00:00+00:00,113.18000030517578,87.37,490.54,410.92,27.29177978515625,29.12,64.68000030517578
2025-07-10 09:00:00+00:00,113.18000030517578,87.35000000000001,490.06,410.51,27.26,29.13,64.60749816894531
2025-07-10 10:00:00+00:00,113.3000030517578,87.47,490.98,411.07,27.33,29.1676806640625,64.6050033569336
2025-07-10 11:00:00+00:00,113.45999908447266,87.58625,492.2,412.21,27.41,29.14,64.47250366210938
2025-07-10 12:00:00+00:00,113.5,87.615361328125,492.26,412.37,27.43,29.15,64.5525131225586
2025-07-10 13:00:00+00:00,113.41999816894533,87.581572265625,492.35,410.91,27.31,29.09,64.34750366210938
2025-07-10 14:00:00+00:00,113.58000183105467,87.730322265625,493.53,410.96,27.28,29.15,64.38249969482422
2025-07-10 15:00:00+00:00,113.63999938964844,87.75,493.73,411.35,27.33,29.13,64.48999786376953
2025-07-11 07:00:00+00:00,113.4000015258789,87.51,492.25,410.25,27.21,29.21,64.90750122070312
2025-07-11 08:00:00+00:00,113.37999725341795,87.53,492.55,410.52,27.26,29.2,64.7750015258789
2025-07-11 09:00:00+00:00,113.13999938964844,87.3,491.41,409.6287890625,27.15,29.16,64.86250305175781
2025-07-11 10:00:00+00:00,113.23999786376952,87.38,491.78,410.11,27.22,29.22,64.9749984741211
2025-07-11 11:00:00+00:00,113.63999938964844,87.68,493.48,411.66,27.3,29.28,65.0199966430664
2025-07-11 12:00:00+00:00,113.58000183105467,87.66,493.55,411.55,27.28549072265625,29.26,65.17250061035156
2025-07-11 13:00:00+00:00,113.76000213623048,87.81,494.33,412.75,27.43366943359375,29.29,65.1066665649414
2025-07-11 14:00:00+00:00,113.72000122070312,87.55,494.42,412.59,27.44,29.25492919921875,65.29000854492188
2025-07-11 15:00:00+00:00,113.68000030517578,87.74,494.22,412.4,27.47,29.25,65.3949966430664
2025-07-14 07:00:00+00:00,113.54000091552734,87.52,493.24,411.75,27.32,29.32,65.5
2025-07-14 08:00:00+00:00,113.62000274658205,87.678515625,493.6,412.09,27.35,29.33,65.39250183105469
2025-07-14 09:00:00+00:00,113.63999938964844,87.65,493.64,412.01078125,27.33889892578125,29.35,65.45999908447266
2025-07-14 10:00:00+00:00,113.55999755859376,87.63,493.29,411.59,27.31,29.33,65.49250030517578
2025-07-14 11:00:00+00:00,113.62000274658205,87.67,493.61,411.95,27.29,29.33,65.35001373291016
2025-07-14 12:00:00+00:00,113.62000274658205,87.69,493.78,412.26,27.34,29.3,65.06999969482422
2025-07-14 13:00:00+00:00,113.6999969482422,87.83,494.21,412.47,27.22,29.3127490234375,65.17500305175781
2025-07-14 14:00:00+00:00,114.0999984741211,88.11,496.21,414.91,27.41,29.38,64.92749786376953
2025-07-14 15:00:00+00:00,114.26000213623048,88.2,496.91,415.39,27.45,29.38,65.01499938964844
2025-07-15 07:00:00+00:00,114.72000122070312,88.503046875,498.87421875,417.91,27.73,29.72,65.34750366210938
2025-07-15 08:00:00+00:00,114.8000030517578,88.57000000000001,498.68,418.07,27.76,29.71,65.30500030517578
2025-07-15 09:00:00+00:00,114.76000213623048,88.5,498.92,418.03,27.76,29.6964697265625,65.29499816894531
2025-07-15 10:00:00+00:00,114.73999786376952,88.53,498.86,417.92,27.75,29.69,65.2925033569336
2025-07-15 11:00:00+00:00,114.77999877929688,88.56,499.24,418.24,27.76,29.69,65.16500091552734
2025-07-15 12:00:00+00:00,114.8000030517578,88.58478515625,499.25,418.47,27.81,29.74,65.05249786376953
2025-07-15 13:00:00+00:00,114.77999877929688,88.54,499.54,418.9208984375,27.83,29.73,64.98999786376953
2025-07-15 14:00:00+00:00,114.44000244140624,88.29,498.31,418.35,27.86,29.72,65.02249908447266
2025-07-15 15:00:00+00:00,114.66000366210938,88.43,499.368984375,419.807265625,27.99,29.70471923828125,64.72250366210938
2025-07-16 07:00:00+00:00,114.16000366210938,87.99,496.28,416.51,27.78,29.7,64.82250213623047
2025-07-16 08:00:00+00:00,114.3000030517578,88.118916015625,496.9580078125,416.95,27.78,29.73840087890625,64.9175033569336
2025-07-16 09:00:00+00:00,114.23999786376952,88.06093750000001,496.66,416.630703125,27.8,29.68971923828125,64.87750244140625
2025-07-16 10:00:00+00:00,114.1999969482422,88.06,496.6,416.77,27.8,29.7,64.80000305175781
2025-07-16 11:00:00+00:00,114.22000122070312,88.11,496.99,416.99,27.81,29.69,64.85250091552734
2025-07-16 12:00:00+00:00,114.5,88.27,498.15,418.19,27.9,29.72,64.75749969482422
2025-07-16 13:00:00+00:00,114.32879638671876,88.18,497.71,416.73,27.81,29.67761962890625,64.62000274658203
2025-07-16 14:00:00+00:00,114.22000122070312,88.05,496.87,416.7,27.76,29.68,64.86000061035156
2025-07-16 15:00:00+00:00,113.8000030517578,87.69,493.92,414.79,27.62,29.63361083984375,65.33499908447266
2025-07-17 07:00:00+00:00,114.8000030517578,88.5,499.48,419.33,28.04,29.9,64.59750366210938
2025-07-17 08:00:00+00:00,114.62000274658205,88.37,498.61,418.33,27.98,29.86,64.6624984741211
2025-07-17 09:00:00+00:00,114.6999969482422,88.41,499.02,418.86,28.02,29.87,64.58000183105469
2025-07-17 10:00:00+00:00,114.5999984741211,88.38,498.7,418.44,28.0,29.83635009765625,64.58999633789062
2025-07-17 11:00:00+00:00,114.55999755859376,88.33,498.76,418.58,28.0,29.83,64.56749725341797
2025-07-17 12:00:00+00:00,114.72000122070312,88.44,499.25,419.27,28.04,29.8,64.37249755859375
2025-07-17 13:00:00+00:00,114.87999725341795,88.58,499.81,419.44,28.08,29.8610009765625,64.46499633789062
2025-07-17 14:00:00+00:00,114.87999725341795,88.45,499.51,420.05,28.14,29.93,64.75499725341797
2025-07-17 15:00:00+00:00,114.97000122070312,88.63,500.211640625,420.62,28.16,29.98,64.80500030517578
2025-07-18 07:00:00+00:00,115.22000122070312,88.85000000000001,501.18,420.8,28.2,29.93,65.05750274658203
2025-07-18 08:00:00+00:00,115.1999969482422,88.84,500.8575,420.74,28.16,29.96949951171875,65.00750732421875
2025-07-18 09:00:00+00:00,115.16000366210938,88.81,500.88,420.57,28.17,29.98,65.0824966430664
2025-07-18 10:00:00+00:00,114.95999908447266,88.62,499.97,420.05,28.13,29.94,65.08999633789062
2025-07-18 11:00:00+00:00,114.91999816894533,88.607724609375,499.94,419.85,28.11,29.94160888671875,65.15000915527344
2025-07-18 12:00:00+00:00,115.03379821777344,88.67,500.25,419.93,28.105200195312506,29.98,65.23999786376953
2025-07-18 13:00:00+00:00,114.91999816894533,88.56,499.71,419.34,27.96,29.95,65.19499969482422
2025-07-18 14:00:00+00:00,114.87999725341795,88.57000000000001,499.36,419.25,28.03,29.97,65.1624984741211
2025-07-18 15:00:00+00:00,114.9000015258789,88.59,499.63,419.2877734375,28.03,29.96,65.13749694824219
2025-07-21 07:00:00+00:00,115.08000183105467,88.74,500.83,420.7408984375,28.14,29.93,65.35749816894531
2025-07-21 08:00:00+00:00,115.0999984741211,88.76,500.8,420.41,28.08,29.94,65.37750244140625
2025-07-21 09:00:00+00:00,114.9800033569336,88.69,500.47,420.33,28.09,29.93,65.37999725341797
2025-07-21 10:00:00+00:00,114.95999908447266,88.67,500.57,420.23,28.1,29.92,65.37750244140625
2025-07-21 11:00:00+00:00,114.87999725341795,88.55,499.531875,419.4276171875,28.03,29.94449951171875,65.56500244140625
2025-07-21 12:00:00+00:00,114.6999969482422,88.46000000000001,498.93,418.73,27.97,29.9,65.76750183105469
2025-07-21 13:00:00+00:00,115.12000274658205,88.72,500.85,421.51,28.18,29.96,65.81749725341797
2025-07-21 14:00:00+00:00,115.0999984741211,88.68,500.57,420.93,28.12,30.03449951171875,66.05500030517578
2025-07-21 15:00:00+00:00,115.08000183105467,88.69,500.05,420.6,28.1,30.02,66.04750061035156
2025-07-22 07:00:00+00:00,114.73670196533205,88.49,499.18,420.3,27.99,29.79679931640625,65.7874984741211
2025-07-22 08:00:00+00:00,114.58000183105467,88.32000000000001,498.36,419.01,27.89,29.78,65.82749938964844
2025-07-22 09:00:00+00:00,114.55999755859376,88.316474609375,498.0,419.05,27.89,29.77,65.77749633789062
2025-07-22 10:00:00+00:00,114.66000366210938,88.42,498.82,419.92,27.94,29.81,65.78500366210938
2025-07-22 11:00:00+00:00,114.6999969482422,88.45,499.07,420.13,27.97,29.82304931640625,65.84500122070312
2025-07-22 12:00:00+00:00,114.8000030517578,88.5,499.43,420.3901953125,28.0,29.84424072265625,66.18250274658203
2025-07-22 13:00:00+00:00,114.4800033569336,88.24,497.62,416.94,27.61237060546875,29.77,66.2874984741211
2025-07-22 14:00:00+00:00,114.5999984741211,88.46000000000001,497.17,417.76,27.74,29.84320068359375,66.56749725341797
2025-07-22 15:00:00+00:00,114.5199966430664,88.28,497.315,417.35,27.73,29.85,66.5374984741211
2025-07-23 07:00:00+00:00,115.12000274658205,88.67646484375,498.3,417.28,27.66,29.96,66.42500305175781
2025-07-23 08:00:00+00:00,115.3000030517578,88.85000000000001,499.064375,417.6,27.6923291015625,30.02,66.59500122070312
2025-07-23 09:00:00+00:00,115.31999969482422,88.85000000000001,498.86,417.34,27.66,30.02885986328125,66.65750122070312
2025-07-23 10:00:00+00:00,115.26000213623048,88.85000000000001,499.09,417.56,27.68,30.06,66.48500061035156
2025-07-23 11:00:00+00:00,115.27999877929688,88.82000000000001,499.02,417.2030859375,27.64,30.04,66.5875015258789
2025-07-23 12:00:00+00:00,115.22000122070312,88.79,498.776484375,416.75,27.66,30.01,66.43499755859375
2025-07-23 13:00:00+00:00,114.9800033569336,88.63,497.73,415.36,27.54,29.99,66.30249786376953
2025-07-23 14:00:00+00:00,115.04000091552734,88.63,497.73,415.69,27.59,29.986279296875,66.30249786376953
2025-07-23 15:00:00+00:00,114.9800033569336,88.58,497.63,415.5746484375,27.6,29.98679931640625,66.29000091552734
2025-07-24 07:00:00+00:00,115.68000030517578,89.15,500.35,418.73,27.87,30.05,65.39250183105469
2025-07-24 08:00:00+00:00,115.86000061035156,89.32000000000001,501.51,419.7,27.92,30.13,65.44000244140625
2025-07-24 09:00:00+00:00,115.81999969482422,89.29,501.56,419.54,27.91,30.08,65.31999969482422
2025-07-24 10:00:00+00:00,115.77999877929688,89.25,501.52,419.54,27.91,30.07073974609375,65.33750915527344
2025-07-24 11:00:00+00:00,115.8000030517578,89.25820312500001,501.46,419.31,27.89,30.08,65.30249786376953
2025-07-24 12:00:00+00:00,115.77999877929688,89.26,501.61,419.42,27.87,30.06,65.12000274658203
2025-07-24 13:00:00+00:00,115.77999877929688,89.26,501.83,419.0,27.85,29.98,65.37000274658203
2025-07-24 14:00:00+00:00,115.9000015258789,89.34,502.46,419.32,27.93,30.03,65.52999877929688
2025-07-24 15:00:00+00:00,115.94000244140624,89.41,502.63,419.685,27.97,30.02,65.52999877929688
2025-07-25 07:00:00+00:00,116.0999984741211,89.56,504.56,421.52,28.12,29.95,65.15249633789062
2025-07-25 08:00:00+00:00,116.18000030517578,89.60000000000001,504.99,421.93,28.14,29.95,64.9900131225586
2025-07-25 09:00:00+00:00,116.18000030517578,89.65,505.09,421.83,28.17,29.94,64.9900131225586
2025-07-25 10:00:00+00:00,116.1999969482422,89.67,505.39,422.32,28.2,29.95339111328125,64.9175033569336
2025-07-25 11:00:00+00:00,116.18000030517578,89.65,505.39,422.07,28.19,29.96,64.88500213623047
2025-07-25 12:00:00+00:00,116.36000061035156,89.78,506.2,422.73,28.23,30.01,64.87750244140625
2025-07-25 13:00:00+00:00,116.33999633789062,89.79,505.86,422.988984375,28.21,30.00949951171875,64.94499969482422
2025-07-25 14:00:00+00:00,116.54000091552734,89.93,506.83,423.48,28.27,30.03,64.70999908447266
2025-07-25 15:00:00+00:00,116.5199966430664,89.93,506.49,423.6,28.28,30.02,64.69500732421875
2025-07-28 07:00:00+00:00,117.16000366210938,90.43,510.18,426.82,28.5,30.11,64.76499938964844
2025-07-28 08:00:00+00:00,116.9980010986328,90.32,509.46,426.2408203125,28.47,30.05,64.7874984741211
2025-07-28 09:00:00+00:00,117.0199966430664,90.3,509.64,426.27,28.44,30.04,64.83000183105469
2025-07-28 10:00:00+00:00,116.86000061035156,90.2,508.91,425.47,28.4,30.02,64.80000305175781
2025-07-28 11:00:00+00:00,116.76000213623048,90.14,508.76,425.39,28.4,30.01,64.80500793457031
2025-07-28 12:00:00+00:00,116.68000030517578,90.10900390625,508.52,425.35,28.41,29.998999023437506,64.64749908447266
2025-07-28 13:00:00+00:00,116.54000091552734,89.9364453125,508.53,426.0,28.47,29.93,64.1449966430664
2025-07-28 14:00:00+00:00,116.58000183105467,89.95,508.51,425.65,28.42,29.9510009765625,64.23500061035156
2025-07-28 15:00:00+00:00,116.55999755859376,89.94,508.66,425.72,28.43,29.99,64.36000061035156
2025-07-29 07:00:00+00:00,117.4000015258789,90.63,512.52,430.08,28.84,30.17,64.43000030517578
2025-07-29 08:00:00+00:00,117.31999969482422,90.57,512.07,429.65,28.81,30.1568603515625,64.60749816894531
2025-07-29 09:00:00+00:00,117.31999969482422,90.588203125,512.0,429.64390625,28.82,30.14699951171875,64.57499694824219
2025-07-29 10:00:00+00:00,117.33999633789062,90.6,511.91,429.72,28.81,30.16,64.5374984741211
2025-07-29 11:00:00+00:00,117.27799987792967,90.55,512.49,430.050078125,28.85,30.18,64.41999816894531
2025-07-29 12:00:00+00:00,117.44000244140624,90.64,512.8,430.34,28.89,30.25,64.5625
2025-07-29 13:00:00+00:00,117.33999633789062,90.59,512.45,430.25,28.96,30.2,64.4375
2025-07-29 14:00:00+00:00,117.04000091552734,90.36,511.22,429.16,28.8,30.17,64.63749694824219
2025-07-29 15:00:00+00:00,116.8000030517578,90.18,509.71,427.65,28.65,30.13,64.5875015258789
2025-07-30 07:00:00+00:00,116.87999725341795,90.13,509.56,427.57,28.67,30.11,64.61750030517578
2025-07-30 08:00:00+00:00,116.76000213623048,90.1,509.0,427.0198046875,28.63,30.12,64.74250030517578
2025-07-30 09:00:00+00:00,116.72000122070312,90.07000000000001,508.6880078125,426.8,28.61,30.07679931640625,64.75
2025-07-30 10:00:00+00:00,116.83999633789062,90.16,509.41,427.43,28.65,30.11633056640625,64.65249633789062
2025-07-30 11:00:00+00:00,116.76000213623048,90.1,509.22,427.29,28.65,30.11,64.69999694824219
2025-07-30 12:00:00+00:00,117.0999984741211,90.39,511.26,429.1,28.75,30.09,64.3375015258789
2025-07-30 13:00:00+00:00,117.31999969482422,90.56,512.4,429.931015625,28.65,30.16,64.15499877929688
2025-07-30 14:00:00+00:00,117.27999877929688,90.5,512.3469140625,430.12,28.88,30.14,64.14250183105469
2025-07-30 15:00:00+00:00,117.16000366210938,90.47,511.8,429.8180078125,28.81,30.11,63.96500015258789
2025-07-31 07:00:00+00:00,118.13999938964844,91.3,517.778984375,436.88,29.6,30.19,64.15750122070312
2025-07-31 08:00:00+00:00,118.16000366210938,91.274501953125,517.89,436.84,29.57,30.19,64.29750061035156
2025-07-31 09:00:00+00:00,118.16000366210938,91.34,518.1880078125,437.18,29.59,30.19,64.22000122070312
2025-07-31 10:00:00+00:00,118.0999984741211,91.26,517.98,437.1,29.61,30.15660888671875,64.00250244140625
2025-07-31 11:00:00+00:00,118.0199966430664,91.14,517.4300000000001,436.49,29.53,30.16,64.23500061035156
2025-07-31 12:00:00+00:00,118.1999969482422,91.35,518.66,437.99,29.69,30.16,64.23249816894531
2025-07-31 13:00:00+00:00,118.27999877929688,91.43,519.04,436.47,29.36,30.18,64.10501098632812
2025-07-31 14:00:00+00:00,117.5,91.21,514.89,432.68,29.12,30.09,64.02249908447266
2025-07-31 15:00:00+00:00,117.4800033569336,90.77,515.0600000000001,432.82,29.15,30.11,63.997501373291016
2025-08-01 07:00:00+00:00,116.22000122070312,89.66,508.8980078125,427.12,28.91,29.77,63.84000015258789
2025-08-01 08:00:00+00:00,116.33999633789062,89.8,509.64,427.22,28.93,29.79,63.98749923706055
2025-08-01 09:00:00+00:00,116.44000244140624,89.87,510.115,427.793515625,28.96,29.82,63.98749923706055
2025-08-01 10:00:00+00:00,115.9800033569336,89.61,508.253515625,425.7033984375,28.77,29.73,64.05751037597656
2025-08-01 11:00:00+00:00,116.33999633789062,89.86,509.91,427.45,28.94,29.78,64.09249877929688
2025-08-01 12:00:00+00:00,115.44000244140624,89.10000000000001,504.34,422.29,28.54,29.73,64.87999725341797
2025-08-01 13:00:00+00:00,115.0,88.53,502.14,419.51,28.23,29.5768896484375,64.9124984741211
2025-08-01 14:00:00+00:00,115.04000091552734,88.74,501.89,420.42,28.28,29.66,64.98500061035156
2025-08-01 15:00:00+00:00,115.12000274658205,88.79,502.13,420.75,28.29,29.66,65.05750274658203
2025-08-04 07:00:00+00:00,115.63999938964844,89.16,503.685,421.62,28.36,29.88,65.18000030517578
2025-08-04 08:00:00+00:00,115.83999633789062,89.31,504.41,422.57,28.41,29.93,65.22750091552734
2025-08-04 09:00:00+00:00,115.66000366210938,89.18,503.84,421.88,28.39,29.9,65.19999694824219
2025-08-04 10:00:00+00:00,115.63999938964844,89.12,503.54,421.95,28.38,29.89,65.2125015258789
2025-08-04 11:00:00+00:00,115.57546997070312,89.16,503.15,421.71,28.34,29.88,65.42749786376953
2025-08-04 12:00:00+00:00,115.6999969482422,89.19,503.24,422.16,28.38,29.96,65.40249633789062
2025-08-04 13:00:00+00:00,116.12000274658205,89.538076171875,506.19,425.25,28.66,29.92,65.72250366210938
2025-08-04 14:00:00+00:00,116.08000183105467,89.62,506.49,424.8,28.69,29.88,65.55249786376953
2025-08-04 15:00:00+00:00,116.23999786376952,89.7,506.95,425.27,28.67,29.9,65.51000213623047
2025-08-05 07:00:00+00:00,116.73999786376952,90.07000000000001,509.31,427.71,28.863081054687505,30.07,65.51249694824219
2025-08-05 08:00:00+00:00,116.6999969482422,90.04,509.10390625,427.55,28.85,30.05,65.36499786376953
2025-08-05 09:00:00+00:00,116.63999938964844,89.98,508.8,427.3,28.82,30.04,65.26249694824219
2025-08-05 10:00:00+00:00,116.8000030517578,90.12,509.51,428.22,28.92,30.07,65.12999725341797
2025-08-05 11:00:00+00:00,116.83999633789062,90.17,509.91,428.4155859375,28.94,30.088999023437506,65.09249877929688
2025-08-05 12:00:00+00:00,116.76000213623048,90.04,509.1380078125,427.99,28.89,30.09,65.38500213623047
2025-08-05 13:00:00+00:00,116.83999633789062,90.14,509.355703125,428.63,28.63,30.16,65.52250671386719
2025-08-05 14:00:00+00:00,116.13999938964844,89.52,505.58,424.386484375,28.52,29.99,65.75749969482422
2025-08-05 15:00:00+00:00,116.05999755859376,89.52,505.265,423.905,28.5,30.01,65.75749969482422
2025-08-06 07:00:00+00:00,116.6999969482422,90.02,507.9,424.81,28.62,30.0489990234375,65.53500366210938
2025-08-06 08:00:00+00:00,116.54000091552734,89.93,507.66,424.42,28.58,30.03679931640625,65.3550033569336
2025-08-06 09:00:00+00:00,116.41999816894533,89.77,506.71,423.63,28.52,29.99617919921875,65.2300033569336
2025-08-06 10:00:00+00:00,116.22000122070312,89.66,505.84,422.8,28.44,29.96,65.31749725341797
2025-08-06 11:00:00+00:00,116.23999786376952,89.67,505.68,423.52,28.47,29.97364990234375,65.36000061035156
2025-08-06 12:00:00+00:00,116.3000030517578,89.69,505.75,423.475625,28.51,30.011650390625,65.42250061035156
2025-08-06 13:00:00+00:00,116.18000030517578,89.62,505.48,423.86,28.55,29.9739111328125,65.48750305175781
2025-08-06 14:00:00+00:00,116.33999633789062,89.84,506.56,425.03,28.59,29.95,65.62249755859375
2025-08-06 15:00:00+00:00,116.37999725341795,89.82000000000001,506.761640625,425.35,28.64,29.95,65.5625
2025-08-07 07:00:00+00:00,116.91999816894533,90.13,508.18,427.82,28.86,30.19,65.947509765625
2025-08-07 08:00:00+00:00,117.13999938964844,90.345830078125,509.39,428.96,28.97,30.23,65.60749816894531
2025-08-07 09:00:00+00:00,117.39600372314452,90.53,510.596953125,429.66,29.02,30.29,65.5824966430664
2025-08-07 10:00:00+00:00,117.22000122070312,90.41,509.53,429.76,28.92,30.25,65.48249816894531
2025-08-07 11:00:00+00:00,116.81999969482422,90.09,507.81,427.97,28.92,30.18,65.59249877929688
2025-08-07 12:00:00+00:00,116.83999633789062,90.09,507.56,428.09,28.94,30.17,65.65499877929688
2025-08-07 13:00:00+00:00,116.76000213623048,90.0,507.58,428.92,28.99,30.18,65.75499725341797
2025-08-07 14:00:00+00:00,116.33999633789062,90.0,505.27,427.38,28.85,30.1,65.77249908447266
2025-08-07 15:00:00+00:00,116.18000030517578,89.54,504.355390625,426.7,28.79618896484375,30.09,65.75750732421875
2025-08-08 07:00:00+00:00,116.23999786376952,89.65,504.42,426.19,28.73,29.96,66.07250213623047
2025-08-08 08:00:00+00:00,116.26000213623048,89.70647460937501,505.05,426.93,28.7839599609375,29.96,65.96749877929688
2025-08-08 09:00:00+00:00,116.23999786376952,89.64,504.76,426.72,28.78,29.92,66.06500244140625
2025-08-08 10:00:00+00:00,116.26000213623048,89.71000000000001,505.17,426.86,28.79,29.95,65.79750061035156
2025-08-08 11:00:00+00:00,116.36000061035156,89.77,505.4267578125,427.09,28.77,29.98,65.77250671386719
2025-08-08 12:00:00+00:00,116.36000061035156,89.7452734375,505.3,426.81,28.75,29.98,65.8550033569336
2025-08-08 13:00:00+00:00,116.55999755859376,89.92,506.6805078125,428.48,28.85,29.9789990234375,66.0374984741211
2025-08-08 14:00:00+00:00,116.52549743652344,89.90712890625001,506.35671875,428.47,28.82,29.96320068359375,65.86750030517578
2025-08-08 15:00:00+00:00,116.5,89.87,506.18,428.33,28.83,29.97,65.92250061035156
2025-08-11 07:00:00+00:00,116.5999984741211,89.954189453125,506.89,428.96,28.88,29.99,65.26750183105469
2025-08-11 08:00:00+00:00,116.4800033569336,89.869619140625,506.45,428.59,28.87,29.99,65.30249786376953
2025-08-11 09:00:00+00:00,116.5999984741211,90.00103515625,507.326484375,429.37,28.92,30.000400390625,65.14749908447266
2025-08-11 10:00:00+00:00,116.72000122070312,90.06,507.78,429.6673046875,28.93,30.02,65.2300033569336
2025-08-11 11:00:00+00:00,116.86000061035156,90.164541015625,508.54,430.35,29.00986083984375,30.04998046875,65.1624984741211
2025-08-11 12:00:00+00:00,116.81999969482422,90.14,508.35,430.35,28.99,30.06,65.19750213623047
2025-08-11 13:00:00+00:00,116.86000061035156,90.14,508.47,430.74,29.07,30.08,65.25250244140625
2025-08-11 14:00:00+00:00,116.8000030517578,90.1,508.25,430.85,29.08,30.03,64.9900131225586
2025-08-11 15:00:00+00:00,116.81999969482422,90.14,508.56,430.98,29.08,30.05,65.05249786376953
2025-08-12 07:00:00+00:00,116.4800033569336,89.87,506.43,428.11,28.83,30.03,65.17500305175781
2025-08-12 08:00:00+00:00,116.22000122070312,89.69,505.56,427.44,28.76,29.95,65.02749633789062
2025-08-12 09:00:00+00:00,116.31999969482422,89.73,505.79,427.65,28.77,29.97,64.98249816894531
2025-08-12 10:00:00+00:00,116.23999786376952,89.72,505.69,427.73,28.8,29.97,64.9625015258789
2025-08-12 11:00:00+00:00,116.26000213623048,89.7,505.58,427.9,28.81,29.97,65.0
2025-08-12 12:00:00+00:00,116.66000366210938,89.993515625,507.26,429.37,28.93,30.02,65.05249786376953
2025-08-12 13:00:00+00:00,116.31999969482422,89.74,505.71,427.16,28.73,29.9685009765625,64.9800033569336
2025-08-12 14:00:00+00:00,116.73999786376952,90.06,507.73,429.2,28.93,30.09,64.82749938964844
2025-08-12 15:00:00+00:00,116.62000274658205,90.007666015625,507.09,429.28,28.93,30.08,65.14749908447266
2025-08-13 07:00:00+00:00,117.08000183105467,90.27,508.416484375,431.33,29.09,30.32,65.14250183105469
2025-08-13 08:00:00+00:00,117.0199966430664,90.25,508.33,430.98609375,29.04,30.34,65.2699966430664
2025-08-13 09:00:00+00:00,116.9800033569336,90.14,507.98,430.65,29.01,30.33,65.3550033569336
2025-08-13 10:00:00+00:00,116.95999908447266,90.17,508.02,430.66,29.01,30.33179931640625,65.40750122070312
2025-08-13 11:00:00+00:00,116.91999816894533,90.13,507.74,430.41,29.02,30.32,65.28250122070312
2025-08-13 12:00:00+00:00,117.08000183105467,90.23,508.71,431.37,29.1,30.35,65.23249816894531
2025-08-13 13:00:00+00:00,117.04000091552734,90.27,509.05,430.96,29.06,30.3510009765625,65.33000183105469
2025-08-13 14:00:00+00:00,116.9000015258789,90.05,507.54,429.98,29.05,30.32,65.29499816894531
2025-08-13 15:00:00+00:00,116.86000061035156,90.11,507.66,429.38,28.9,30.34,65.19999694824219
2025-08-14 07:00:00+00:00,116.94000244140624,90.19,508.36,429.5980078125,28.9,30.14,64.9749984741211
2025-08-14 08:00:00+00:00,116.86000061035156,90.12,508.3262109375,429.43,28.88,30.12,64.99500274658203
2025-08-14 09:00:00+00:00,116.86000061035156,90.15,508.19,429.2653515625,28.9,30.1093603515625,65.1875
2025-08-14 10:00:00+00:00,116.86000061035156,90.14,508.01,429.38,28.91,30.11423095703125,65.14250183105469
2025-08-14 11:00:00+00:00,117.04000091552734,90.29,508.76,430.0,28.94,30.16,65.16999816894531
2025-08-14 12:00:00+00:00,116.72000122070312,90.05,507.47,428.6041796875,28.83,30.048159179687502,65.05999755859375
2025-08-14 13:00:00+00:00,117.0,90.24,509.22,430.46,29.03,30.04,64.96250915527344
2025-08-14 14:00:00+00:00,116.9800033569336,90.252333984375,509.1,430.6,28.96,30.05,64.85749816894531
2025-08-14 15:00:00+00:00,116.86000061035156,90.18,508.69,429.84,28.91,30.02550048828125,64.84500122070312
2025-08-15 07:00:00+00:00,117.5,90.68,510.65,430.36,28.97,30.16,64.9900131225586
2025-08-15 08:00:00+00:00,117.37999725341795,90.57,510.01,429.54,28.91,30.136999511718752,64.88500213623047
2025-08-15 09:00:00+00:00,117.22000122070312,90.5,509.6,429.2,28.89,30.12,64.93000030517578
2025-08-15 10:00:00+00:00,117.36000061035156,90.553330078125,510.1,429.65,28.911689453125,30.14,64.80999755859375
2025-08-15 11:00:00+00:00,117.31999969482422,90.55,510.09,429.89,28.93,30.13,64.9175033569336
2025-08-15 12:00:00+00:00,117.3000030517578,90.48,509.95,429.4,28.86,30.10535888671875,64.9275131225586
2025-08-15 13:00:00+00:00,117.05999755859376,90.25,508.0,427.68,28.68,30.07,64.7874984741211
2025-08-15 14:00:00+00:00,117.0,90.29,507.83,427.71,28.66,30.08,64.88999938964844
2025-08-15 15:00:00+00:00,116.88999938964844,90.24,507.55,427.47,28.7,30.045,64.92500305175781
2025-08-18 07:00:00+00:00,117.0697021484375,90.28,508.12,428.4,28.73,30.27,65.04750061035156
2025-08-18 08:00:00+00:00,117.0199966430664,90.27,507.79,427.73,28.71,30.25,65.0199966430664
2025-08-18 09:00:00+00:00,117.04000091552734,90.23,507.75,427.63,28.69,30.23,65.0374984741211
2025-08-18 10:00:00+00:00,117.05731964111328,90.29,508.28,428.14,28.76,30.25,64.99749755859375
2025-08-18 11:00:00+00:00,117.08000183105467,90.28,508.24,427.95,28.73,30.24,64.98750305175781
2025-08-18 12:00:00+00:00,117.04000091552734,90.253818359375,508.06,427.73,28.71,30.24159912109375,64.93251037597656
2025-08-18 13:00:00+00:00,117.04000091552734,90.25,508.0,427.71,28.76,30.26,64.80999755859375
2025-08-18 14:00:00+00:00,117.23999786376952,90.44,509.16,428.7280078125,28.8,30.29,64.73750305175781
2025-08-18 15:00:00+00:00,117.23999786376952,90.42,508.82,427.95,28.74,30.29,64.76249694824219
2025-08-19 07:00:00+00:00,117.27239990234376,90.42,508.59,428.45,28.82,30.27,64.86250305175781
2025-08-19 08:00:00+00:00,117.4000015258789,90.494501953125,508.9555859375,428.83,28.86,30.28,64.81749725341797
2025-08-19 09:00:00+00:00,117.45539855957033,90.55,509.13,428.9,28.86,30.27,64.83999633789062
2025-08-19 10:00:00+00:00,117.36000061035156,90.4777734375,508.62,428.18,28.83,30.29,64.93499755859375
2025-08-19 11:00:00+00:00,117.45999908447266,90.57,509.11,428.57,28.84,30.3,64.85250091552734
2025-08-19 12:00:00+00:00,117.5199966430664,90.6,509.2,428.35,28.84,30.31,64.75499725341797
2025-08-19 13:00:00+00:00,117.4800033569336,90.59,509.15,427.07,28.7,30.26,64.73750305175781
2025-08-19 14:00:00+00:00,117.27999877929688,90.47,508.63,425.0,28.54,30.23,64.5625
2025-08-19 15:00:00+00:00,117.36000061035156,90.5,508.51,425.61,28.57,30.22,64.56749725341797
2025-08-20 07:00:00+00:00,116.8000030517578,90.06,505.9,422.21,28.24,30.07,64.58000183105469
2025-08-20 08:00:00+00:00,116.83999633789062,90.05,506.09,422.71,28.28,30.09,64.58000183105469
2025-08-20 09:00:00+00:00,116.94000244140624,90.168203125,506.51,423.0180078125,28.32,30.07050048828125,64.58999633789062
2025-08-20 10:00:00+00:00,117.04000091552734,90.24,506.78,423.16,28.3,30.1,64.59500122070312
2025-08-20 11:00:00+00:00,117.18000030517578,90.37,507.65,423.6,28.34,30.13,64.7074966430664
2025-08-20 12:00:00+00:00,117.13999938964844,90.33,507.18,423.25,28.33,30.14,64.9124984741211
2025-08-20 13:00:00+00:00,116.63999938964844,89.951708984375,504.36,419.055703125,27.87,30.08,64.97250366210938
2025-08-20 14:00:00+00:00,116.47200012207033,90.07000000000001,503.09,417.13,27.79,30.02,65.01499938964844
2025-08-20 15:00:00+00:00,116.9000015258789,90.14,505.66,420.33,28.03970947265625,30.11,64.8949966430664
2025-08-21 07:00:00+00:00,117.1999969482422,90.37,507.62,423.12,28.28,30.19,64.84500122070312
2025-08-21 08:00:00+00:00,116.95999908447266,90.19,506.51,422.02,28.18,30.17,64.85749816894531
2025-08-21 09:00:00+00:00,116.86000061035156,90.12,506.08,421.65,28.19,30.12506103515625,64.87999725341797
2025-08-21 10:00:00+00:00,116.81999969482422,90.06,506.11,421.89,28.19,30.11,64.6675033569336
2025-08-21 11:00:00+00:00,116.87999725341795,90.15,506.36,421.88,28.21,30.13,64.73500061035156
2025-08-21 12:00:00+00:00,116.81999969482422,90.09,505.83,421.07,28.14,30.13,64.89250183105469
2025-08-21 13:00:00+00:00,116.94000244140624,90.21,506.42,421.43,28.12,30.19,64.84249877929688
2025-08-21 14:00:00+00:00,117.27999877929688,90.4,508.0,423.02,28.25,30.24679931640625,64.9124984741211
2025-08-21 15:00:00+00:00,117.23999786376952,90.41,506.92,422.08,28.22,30.26,64.93000030517578
2025-08-22 07:00:00+00:00,117.36000061035156,90.46,507.58,421.9977734375,28.114389648437506,30.39,64.5999984741211
2025-08-22 08:00:00+00:00,117.5199966430664,90.55,508.37,422.8,28.18,30.42,64.63749694824219
2025-08-22 09:00:00+00:00,117.5,90.55,508.36,422.88,28.19,30.39,64.66999816894531
2025-08-22 10:00:00+00:00,117.51334381103516,90.604345703125,508.64,423.0112109375,28.21,30.401499023437506,64.6875
2025-08-22 11:00:00+00:00,117.4800033569336,90.532548828125,508.0175,422.68,28.19,30.41,64.63749694824219
2025-08-22 12:00:00+00:00,117.4800033569336,90.53,508.2394140625,422.61,28.15,30.41,64.55999755859375
2025-08-22 13:00:00+00:00,117.62000274658205,90.68,509.0,422.73,28.2,30.4,64.73999786376953
2025-08-22 14:00:00+00:00,118.08000183105467,91.1,511.14,425.62,28.46424072265625,30.55,65.5199966430664
2025-08-22 15:00:00+00:00,118.04000091552734,90.99,510.48,425.56,28.42,30.5093701171875,65.5875015258789
2025-08-26 07:00:00+00:00,117.5,90.56,510.12,425.28,28.44,30.46,65.41251373291016
2025-08-26 08:00:00+00:00,117.5,90.58,510.018359375,424.98,28.45,30.47,65.58000183105469
2025-08-26 09:00:00+00:00,117.45999908447266,90.52,509.5492578125,424.7625390625,28.43,30.46,65.48999786376953
2025-08-26 10:00:00+00:00,117.5199966430664,90.58,509.92,425.14,28.46,30.49,65.46749877929688
2025-08-26 11:00:00+00:00,117.44000244140624,90.48,509.21,424.43,28.41,30.49,65.5875015258789
2025-08-26 12:00:00+00:00,117.5199966430664,90.58,509.77,424.54,28.45,30.5,65.48999786376953
2025-08-26 13:00:00+00:00,117.91999816894533,90.84,509.99,425.2,28.44,30.5,65.57499694824219
2025-08-26 14:00:00+00:00,117.63999938964844,90.67,510.27,425.69,28.51,30.4864697265625,65.62999725341797
2025-08-26 15:00:00+00:00,117.5,90.65,509.99,425.34,28.46,30.45,65.69000244140625
2025-08-27 07:00:00+00:00,117.9800033569336,91.05,513.33,427.83,28.65,30.31,65.66500854492188
2025-08-27 08:00:00+00:00,117.91999816894533,91.03,513.64,427.94,28.69,30.27,65.72250366210938
2025-08-27 09:00:00+00:00,117.95999908447266,91.09,513.9371875,428.26,28.7,30.28679931640625,65.60749816894531
2025-08-27 10:00:00+00:00,118.16000366210938,91.2,514.64,428.94,28.75,30.3,65.55750274658203
2025-08-27 11:00:00+00:00,118.12000274658205,91.19,514.50015625,428.82,28.75,30.28679931640625,65.58999633789062
2025-08-27 12:00:00+00:00,117.95999908447266,91.03,513.64,428.06,28.71,30.25,65.6500015258789
2025-08-27 13:00:00+00:00,117.91999816894533,91.02,513.34,427.08,28.57,30.17679931640625,65.59500122070312
2025-08-27 14:00:00+00:00,117.94000244140624,91.0392578125,513.618671875,427.8,28.69,30.21,65.73999786376953
2025-08-27 15:00:00+00:00,117.91999816894533,91.14,513.4501953125,427.14,28.65,30.205,65.79750061035156
2025-08-28 07:00:00+00:00,118.0999984741211,91.2,513.473125,427.191171875,28.59,30.19699951171875,65.93251037597656
2025-08-28 08:00:00+00:00,117.95999908447266,91.09,513.13,427.0,28.61,30.19,66.0374984741211
2025-08-28 09:00:00+00:00,117.9000015258789,91.04,512.82,426.8294140625,28.58,30.15,66.00749969482422
2025-08-28 10:00:00+00:00,117.72000122070312,90.89,512.01,426.21,28.55,30.12785888671875,65.97250366210938
2025-08-28 11:00:00+00:00,117.83999633789062,90.95,512.26,426.54,28.61,30.16,66.12249755859375
2025-08-28 12:00:00+00:00,117.9800033569336,91.09,512.9099609375,427.16,28.65,30.21,65.97250366210938
2025-08-28 13:00:00+00:00,117.83999633789062,90.88,511.74,426.31,28.55,30.21,66.197509765625
2025-08-28 14:00:00+00:00,117.94000244140624,91.01,512.55,428.43,28.76,30.28,66.2750015258789
2025-08-28 15:00:00+00:00,117.83999633789062,90.95,512.15,427.57,28.69,30.26385009765625,66.1675033569336
2025-08-29 07:00:00+00:00,117.95999908447266,91.11,513.6800000000001,428.51,28.81,30.15123046875,66.26750183105469
2025-08-29 08:00:00+00:00,117.83999633789062,91.01,513.4300000000001,427.95,28.74,30.1,66.25
2025-08-29 09:00:00+00:00,118.08000183105467,91.21,514.45,428.77,28.79,30.16,66.18499755859375
2025-08-29 10:00:00+00:00,118.0199966430664,91.16,514.34,428.53,28.78,30.19,66.13749694824219
2025-08-29 11:00:00+00:00,118.0999984741211,91.25431640625,514.61,428.9,28.79,30.203920898437502,66.24501037597656
2025-08-29 12:00:00+00:00,118.12000274658205,91.26,514.84,429.12,28.85,30.25,66.33999633789062
2025-08-29 13:00:00+00:00,117.81999969482422,90.97,512.6800000000001,426.52,28.67,30.18,66.58000183105469
2025-08-29 14:00:00+00:00,117.3000030517578,90.53,509.77,423.33,28.32,30.13,66.81500244140625
2025-08-29 15:00:00+00:00,117.37999725341795,90.61,510.68,424.31,28.41,30.13,66.90750122070312
2025-09-01 07:00:00+00:00,117.51599884033205,90.76,510.78,423.47,28.32,30.194990234375,67.51000213623047
2025-09-01 08:00:00+00:00,117.5999984741211,90.73,510.6,423.64,28.34,30.18,67.5250015258789
2025-09-01 09:00:00+00:00,117.54653930664062,90.7,510.56,423.78,28.35,30.19,67.39250183105469
2025-09-01 10:00:00+00:00,117.55999755859376,90.68021484375,510.64,423.97,28.36,30.19,67.4000015258789
2025-09-01 11:00:00+00:00,117.4800033569336,90.624501953125,510.25,423.57,28.32,30.18,67.39749908447266
2025-09-01 12:00:00+00:00,117.44000244140624,90.61,510.09,423.5,28.32,30.15,67.36499786376953
2025-09-01 13:00:00+00:00,117.44000244140624,90.62,510.24,423.44,28.35,30.16,67.5
2025-09-01 14:00:00+00:00,117.37999725341795,90.54,510.05,423.11,28.31,30.1,67.50749969482422
2025-09-01 15:00:00+00:00,117.36000061035156,90.56,509.9976171875,423.41,28.33,30.12,67.50250244140625
2025-09-02 07:00:00+00:00,117.68000030517578,90.76,511.5,424.2,28.35,30.34,67.53500366210938
2025-09-02 08:00:00+00:00,117.6999969482422,90.868583984375,512.01,424.31,28.41,30.29,67.52250671386719
2025-09-02 09:00:00+00:00,117.73999786376952,90.87,512.33,424.3,28.34,30.32,67.55000305175781
2025-09-02 10:00:00+00:00,117.76000213623048,90.85,512.12,424.33,28.35,30.34699951171875,67.69999694824219
2025-09-02 11:00:00+00:00,117.63999938964844,90.75,511.75,423.59,28.28,30.3,67.7874984741211
2025-09-02 12:00:00+00:00,117.33999633789062,90.56,510.63,422.37,28.21,30.18,67.65249633789062
2025-09-02 13:00:00+00:00,117.5199966430664,90.58,510.67,423.81,28.29,30.27,67.77999877929688
2025-09-02 14:00:00+00:00,117.31999969482422,90.4100390625,509.29,422.021015625,28.14,30.32,68.2125015258789
2025-09-02 15:00:00+00:00,117.1999969482422,90.36,508.755,421.45,28.1,30.32,68.2300033569336
2025-09-03 07:00:00+00:00,117.94000244140624,91.03,513.91,427.05,28.49,30.48,68.62249755859375
2025-09-03 08:00:00+00:00,117.87999725341795,90.9,512.94,426.47,28.47,30.45,68.75749969482422
2025-09-03 09:00:00+00:00,117.95999908447266,90.96,513.4162890625,426.72,28.53,30.5,68.65499877929688
2025-09-03 10:00:00+00:00,118.0199966430664,91.01,513.678984375,427.04,28.55,30.51,68.75
2025-09-03 11:00:00+00:00,117.83999633789062,90.9,512.9300000000001,426.217734375,28.5,30.47,68.885009765625
2025-09-03 12:00:00+00:00,117.66000366210938,90.7,512.11,425.97,28.47,30.43,68.95249938964844
2025-09-03 13:00:00+00:00,117.66000366210938,90.77,512.08,425.73,28.39,30.41,69.01499938964844
2025-09-03 14:00:00+00:00,117.86000061035156,90.89,512.98,427.29,28.53,30.44,69.1050033569336
2025-09-03 15:00:00+00:00,117.5199966430664,90.67,511.4437890625,425.21,28.37,30.38,69.23750305175781
2025-09-04 07:00:00+00:00,118.0,91.1,513.7894921875001,427.305,28.51,30.29,68.7699966430664
2025-09-04 08:00:00+00:00,117.68000030517578,90.9,512.73,426.59,28.47513916015625,30.1919091796875,68.75499725341797
2025-09-04 09:00:00+00:00,117.87999725341795,91.01,513.46,427.39,28.52,30.22,68.71250915527344
2025-09-04 10:00:00+00:00,117.83999633789062,90.99,513.12,426.93,28.49,30.22,68.76249694824219
2025-09-04 11:00:00+00:00,117.94000244140624,91.06,513.39,427.26,28.48,30.25,68.81999969482422
2025-09-04 12:00:00+00:00,117.86000061035156,91.02,513.25,426.84,28.44,30.2535693359375,68.91999816894531
2025-09-04 13:00:00+00:00,117.91999816894533,91.09283203125,513.53,426.52,28.56,30.19,68.86499786376953
2025-09-04 14:00:00+00:00,118.12000274658205,91.2,514.660546875,427.76,28.5,30.24,68.86250305175781
2025-09-04 15:00:00+00:00,118.16000366210938,91.28,514.64,428.15,28.52,30.24,68.81749725341797
2025-09-05 07:00:00+00:00,118.68000030517578,91.64,516.9,430.97,28.74,30.5,68.88999938964844
2025-09-05 08:00:00+00:00,118.63999938964844,91.63,516.94,431.38,28.76,30.52699951171875,68.87249755859375
2025-09-05 09:00:00+00:00,118.5999984741211,91.55,516.3100000000001,430.9,28.75,30.51,68.99250030517578
2025-09-05 10:00:00+00:00,118.58000183105467,91.52009765625,516.29,430.82,28.75,30.52,68.99500274658203
2025-09-05 11:00:00+00:00,118.62000274658205,91.59,516.5785546875001,431.37,28.78,30.5,68.96499633789062
2025-09-05 12:00:00+00:00,118.5739974975586,91.475888671875,515.73,431.47,28.75,30.55,69.55500030517578
2025-09-05 13:00:00+00:00,118.26000213623048,91.25,514.11,430.19,28.55,30.52,69.81500244140625
2025-09-05 14:00:00+00:00,117.4000015258789,90.5304296875,509.68,425.3,28.23,30.35,69.70500183105469
2025-09-05 15:00:00+00:00,117.61000061035156,90.75,510.98734375,426.615,28.36,30.4,69.7074966430664
2025-09-08 07:00:00+00:00,118.36000061035156,91.22,513.21,429.47,28.54,30.7,70.10250091552734
2025-09-08 08:00:00+00:00,118.37999725341795,91.27,513.59,429.69,28.56,30.67,70.1150131225586
2025-09-08 09:00:00+00:00,118.44000244140624,91.32,513.8338671875,430.038984375,28.61,30.65222900390625,70.17250061035156
2025-09-08 10:00:00+00:00,118.27999877929688,91.2,513.0600000000001,429.22,28.58,30.58,70.24250030517578
2025-09-08 11:00:00+00:00,118.22000122070312,91.15,512.7,429.11,28.57,30.6085009765625,70.26750183105469
2025-09-08 12:00:00+00:00,118.18000030517578,91.12,512.46,428.97,28.56,30.61,70.375
2025-09-08 13:00:00+00:00,118.08000183105467,91.03,512.14,430.17,28.71,30.61,70.55999755859375
2025-09-08 14:00:00+00:00,118.3000030517578,91.0,513.38,430.73,28.74,30.62320068359375,70.69999694824219
2025-09-08 15:00:00+00:00,118.41999816894533,91.26,513.405,430.57,28.7,30.67,70.62750244140625
2025-09-09 07:00:00+00:00,118.26000213623048,91.114541015625,512.45,429.65,28.6275,30.78,70.77749633789062
2025-09-09 08:00:00+00:00,118.13600158691406,91.01,512.05,429.2,28.63,30.77,70.83750915527344
2025-09-09 09:00:00+00:00,118.08000183105467,90.96,511.5,428.78,28.56,30.77679931640625,70.95249938964844
2025-09-09 10:00:00+00:00,118.16000366210938,91.02,511.84,429.09,28.58,30.81,70.92250061035156
2025-09-09 11:00:00+00:00,118.27999877929688,91.1,512.73,429.76,28.65,30.8210400390625,70.8324966430664
2025-09-09 12:00:00+00:00,118.26000213623048,91.08,512.69,429.771015625,28.66,30.7985009765625,70.8375015258789
2025-09-09 13:00:00+00:00,118.23999786376952,91.08,512.4,429.51,28.6,30.86,71.19999694824219
2025-09-09 14:00:00+00:00,118.26000213623048,91.09,512.57,429.25,28.51,30.91,70.76249694824219
2025-09-09 15:00:00+00:00,118.36000061035156,91.17,512.84,429.39,28.54,30.9,70.68499755859375
2025-09-10 07:00:00+00:00,119.0,91.7,515.86,432.25,28.98,31.14,70.79000091552734
2025-09-10 08:00:00+00:00,118.87999725341795,91.56,515.45,431.64,28.96,31.09699951171875,70.80500030517578
2025-09-10 09:00:00+00:00,118.87999725341795,91.56,515.01,431.4,28.92,31.1,70.9800033569336
2025-09-10 10:00:00+00:00,118.94000244140624,91.61,515.5,431.75,29.01,31.1,70.98500061035156
2025-09-10 11:00:00+00:00,119.0,91.67,515.95,432.44,29.06,31.07,70.87000274658203
2025-09-10 12:00:00+00:00,119.21469116210938,91.79,516.9348828125001,433.4925,29.19,31.1,70.77999877929688
2025-09-10 13:00:00+00:00,118.95999908447266,91.64,515.94,431.6,29.14,31.09,70.88749694824219
2025-09-10 14:00:00+00:00,118.9800033569336,91.63,516.04,432.23,29.25,31.14156005859375,70.83999633789062
2025-09-10 15:00:00+00:00,118.91999816894533,91.558232421875,515.665,431.99,29.2,31.14,70.75499725341797
2025-09-11 07:00:00+00:00,119.26000213623048,91.819560546875,517.45,432.49,29.27,31.22,70.46749877929688
2025-09-11 08:00:00+00:00,119.1999969482422,91.79,517.3,432.34,29.23,31.20449951171875,70.40750122070312
2025-09-11 09:00:00+00:00,119.31999969482422,91.88,517.7,432.676484375,29.25593017578125,31.21,70.33499908447266
2025-09-11 10:00:00+00:00,119.31999969482422,91.9,517.6307421875,432.83,29.3,31.2368505859375,70.3324966430664
2025-09-11 11:00:00+00:00,119.33999633789062,91.9,517.85,433.03,29.28,31.25,70.24250030517578
2025-09-11 12:00:00+00:00,119.26000213623048,91.77802734375,516.97,432.042734375,29.25,31.25,70.46749877929688
2025-09-11 13:00:00+00:00,119.45999908447266,91.98,517.5600000000001,432.1024609375,29.16,31.3510009765625,70.5
2025-09-11 14:00:00+00:00,119.55999755859376,92.02,518.32,432.55,29.2,31.38,70.47750091552734
2025-09-11 15:00:00+00:00,119.5,92.0,518.395,432.55,29.2,31.35,70.6500015258789
2025-09-12 07:00:00+00:00,119.5199966430664,92.0,518.37,432.46,29.16,31.41751953125,70.85250091552734
2025-09-12 08:00:00+00:00,119.72000122070312,92.13,519.32,433.18,29.24,31.46,70.70249938964844
2025-09-12 09:00:00+00:00,119.62000274658205,92.08,519.0,433.03,29.22,31.45,70.81749725341797
2025-09-12 10:00:00+00:00,119.66000366210938,92.07,518.7,432.97,29.16,31.44,70.90750122070312
2025-09-12 11:00:00+00:00,119.72000122070312,92.11,519.27,433.48,29.22,31.488500976562506,70.81999969482422
2025-09-12 12:00:00+00:00,119.72000122070312,92.17,519.53,433.59,29.23,31.46699951171875,70.80249786376953
2025-09-12 13:00:00+00:00,119.72000122070312,92.21,519.71,433.71,29.2,31.44,70.87999725341797
2025-09-12 14:00:00+00:00,119.6999969482422,92.1,519.5600000000001,434.32,29.26,31.42699951171875,70.8650131225586
2025-09-12 15:00:00+00:00,119.5999984741211,92.07,519.255,434.25,29.27,31.41,70.76000213623047
2025-09-15 07:00:00+00:00,119.72000122070312,92.07,518.82,434.18,29.24,31.47,70.76249694824219
2025-09-15 08:00:00+00:00,119.63999938964844,92.05,518.38,433.53,29.06,31.45550048828125,70.77999877929688
2025-09-15 09:00:00+00:00,119.55999755859376,91.98,518.11,433.13,29.02,31.42,70.70249938964844
2025-09-15 10:00:00+00:00,119.45999908447266,91.93,517.87,433.23,28.98,31.4,70.68499755859375
2025-09-15 11:00:00+00:00,119.5199966430664,91.98,517.78,433.31,28.99,31.41,70.73249816894531
2025-09-15 12:00:00+00:00,119.66000366210938,92.0360546875,518.4,433.81,29.1,31.52,70.86250305175781
2025-09-15 13:00:00+00:00,119.8000030517578,92.2,519.74,435.99,29.23,31.5,71.01000213623047
2025-09-15 14:00:00+00:00,120.0199966430664,92.0826953125,520.33,436.17,29.24,31.54,71.125
2025-09-15 15:00:00+00:00,119.83000183105467,92.23,519.53,435.76,29.28,31.51,71.2074966430664
2025-09-16 07:00:00+00:00,119.83999633789062,92.17,519.61,436.81,29.36,31.58,71.57749938964844
2025-09-16 08:00:00+00:00,119.9800033569336,92.3,520.22,437.36,29.39,31.67,71.74500274658203
2025-09-16 09:00:00+00:00,119.76000213623048,92.15,519.32,436.83,29.38,31.57,71.8125
2025-09-16 10:00:00+00:00,119.91999816894533,92.24,519.73,437.18,29.41,31.61,71.7125015258789
2025-09-16 11:00:00+00:00,119.77999877929688,92.13,518.94,436.31,29.34,31.59,71.80751037597656
2025-09-16 12:00:00+00:00,119.66000366210938,92.08,519.0,436.15,29.34,31.57097900390625,71.62750244140625
2025-09-16 13:00:00+00:00,119.33899688720705,91.81,517.32,434.58140625,29.26,31.50969970703125,71.75250244140625
2025-09-16 14:00:00+00:00,119.36000061035156,91.73,517.0601953125,434.72,29.2105908203125,31.5302001953125,71.57499694824219
2025-09-16 15:00:00+00:00,119.29000091552734,91.75,517.3100000000001,434.71,29.21,31.54,71.50250244140625
2025-09-17 07:00:00+00:00,119.6999969482422,91.94,518.15,435.7,29.21,31.77,71.20249938964844
2025-09-17 08:00:00+00:00,119.58000183105467,91.829404296875,517.473046875,434.88,29.07,31.74,71.16500854492188
2025-09-17 09:00:00+00:00,119.5,91.78,517.35015625,434.67,29.09,31.734899902343752,71.24749755859375
2025-09-17 10:00:00+00:00,119.4000015258789,91.75,517.17,434.52,29.06,31.723759765625,71.0999984741211
2025-09-17 11:00:00+00:00,119.45999908447266,91.74,517.09,434.4942578125,29.07,31.74,71.19499969482422
2025-09-17 12:00:00+00:00,119.49400329589844,91.77,517.14,434.74,29.07,31.77,71.44499969482422
2025-09-17 13:00:00+00:00,119.5199966430664,91.76,516.65,433.71,28.93,31.81,71.41999816894531
2025-09-17 14:00:00+00:00,119.4000015258789,91.68,516.52,432.68,28.8689990234375,31.76,71.53751373291016
2025-09-17 15:00:00+00:00,119.27999877929688,91.69,516.13,432.41,28.87,31.78,71.55249786376953
2025-09-18 07:00:00+00:00,120.05999755859376,92.27,520.57,437.92,29.23,31.78,71.04499816894531
2025-09-18 08:00:00+00:00,120.1999969482422,92.47,521.6112890625,438.86,29.31,31.7672900390625,71.18499755859375
2025-09-18 09:00:00+00:00,120.1999969482422,92.39,521.28,438.45,29.3,31.8,71.30751037597656
2025-09-18 10:00:00+00:00,120.1999969482422,92.34,520.67,438.07,29.29,31.83699951171875,71.22000122070312
2025-09-18 11:00:00+00:00,120.33999633789062,92.49,521.8055859375,439.69,29.4,31.8,71.22250366210938
2025-09-18 12:00:00+00:00,120.1999969482422,92.49,521.648515625,439.62,29.38,31.78,71.16000366210938
2025-09-18 13:00:00+00:00,120.54000091552734,92.656787109375,522.49,441.07,29.43,31.82344970703125,70.73001098632812
2025-09-18 14:00:00+00:00,120.63999938964844,92.78,523.38,441.81,29.5,31.88,70.65750122070312
2025-09-18 15:00:00+00:00,120.7300033569336,92.83,523.72,442.4376171875,29.57,31.9,70.65750122070312
2025-09-19 07:00:00+00:00,121.08000183105467,93.09,525.3,442.96,29.63,32.04,70.947509765625
2025-09-19 08:00:00+00:00,121.04730224609376,93.06978515625,525.3,443.06,29.62,32.02,70.99250030517578
2025-09-19 09:00:00+00:00,120.95999908447266,93.02,525.23,443.02,29.66,32.00840087890625,71.04000091552734
2025-09-19 10:00:00+00:00,121.06079864501952,93.11,525.65,443.39,29.69,32.01550048828125,70.9900131225586
2025-09-19 11:00:00+00:00,121.23999786376952,93.244501953125,526.76,444.32,29.77,32.04,70.81500244140625
2025-09-19 12:00:00+00:00,121.33999633789062,93.36,527.34,444.58,29.77,32.04699951171875,70.85001373291016
2025-09-19 13:00:00+00:00,121.31999969482422,93.3,526.63,444.62,29.79,32.0,71.14750671386719
2025-09-19 14:00:00+00:00,121.3000030517578,93.2814453125,526.52,444.72,29.87,32.02449951171875,71.25
2025-09-19 15:00:00+00:00,121.16999816894533,93.19,526.05,444.18,29.8,32.05,71.27749633789062
2025-09-22 07:00:00+00:00,121.22429656982422,93.28,526.836015625,445.17,29.94,32.04,72.11499786376953
2025-09-22 08:00:00+00:00,121.18000030517578,93.21,526.38,444.52,29.89,32.01,72.23500061035156
2025-09-22 09:00:00+00:00,121.05999755859376,93.13,525.9,444.28,29.87,32.0,72.30500030517578
2025-09-22 10:00:00+00:00,121.12000274658205,93.16,525.98,444.3,29.85,32.01,72.38500213623047
2025-09-22 11:00:00+00:00,121.16000366210938,93.21,526.14,444.61,29.9,32.03,72.33000183105469
2025-09-22 12:00:00+00:00,121.04000091552734,93.12,525.66,444.39,29.9,32.02,72.27999877929688
2025-09-22 13:00:00+00:00,121.1999969482422,93.2905859375,526.961796875,445.9,30.02,32.03,72.2750015258789
2025-09-22 14:00:00+00:00,121.5199966430664,93.19,528.8,447.24,30.19,32.02386962890625,72.33999633789062
2025-09-22 15:00:00+00:00,121.45999908447266,93.46,528.38,446.84,30.19,32.01,72.43499755859375
2025-09-23 07:00:00+00:00,121.5999984741211,93.63,530.05,447.66,30.44,31.98216064453125,72.88999938964844
2025-09-23 08:00:00+00:00,121.83999633789062,93.8,529.8100000000001,448.30859375,30.46,32.06,73.2874984741211
2025-09-23 09:00:00+00:00,121.86000061035156,93.83,529.9,448.39,30.5,32.1,73.49250030517578
2025-09-23 10:00:00+00:00,121.77999877929688,93.7,529.39,448.0,30.46,32.09,73.46499633789062
2025-09-23 11:00:00+00:00,121.77999877929688,93.69,529.35953125,447.912421875,30.44,32.09,73.46749877929688
2025-09-23 12:00:00+00:00,121.68000030517578,93.66,529.02,447.72,30.4,32.1,73.49749755859375
2025-09-23 13:00:00+00:00,121.9000015258789,93.76,529.34,446.86,30.34,32.21,73.48500061035156
2025-09-23 14:00:00+00:00,121.73999786376952,93.609609375,528.6800000000001,446.61,30.3,32.189838867187504,73.2874984741211
2025-09-23 15:00:00+00:00,121.70999908447266,93.63,528.845,447.2,30.37,32.18,73.40249633789062
2025-09-24 07:00:00+00:00,121.62000274658205,93.55,528.73,447.03796875,30.33,32.24506103515625,73.35250091552734
2025-09-24 08:00:00+00:00,121.62000274658205,93.48,528.5600000000001,447.12,30.33,32.18,73.21499633789062
2025-09-24 09:00:00+00:00,121.68000030517578,93.56,529.0,447.53,30.35,32.19,73.16999816894531
2025-09-24 10:00:00+00:00,121.77999877929688,93.602998046875,529.46,447.875,30.36,32.18,73.05750274658203
2025-09-24 11:00:00+00:00,121.77999877929688,93.66,529.78,447.85,30.36,32.19,73.19499969482422
2025-09-24 12:00:00+00:00,121.87999725341795,93.72,530.25,448.13,30.36,32.20699951171875,73.17250061035156
2025-09-24 13:00:00+00:00,121.81999969482422,93.61,529.24,447.12,30.26,32.170400390625,73.0250015258789
2025-09-24 14:00:00+00:00,121.72699737548828,93.63,529.03,446.25,30.19,32.18,72.875
2025-09-24 15:00:00+00:00,121.5999984741211,93.69,528.58,446.45,30.22,32.1714990234375,72.83499908447266
2025-09-25 07:00:00+00:00,121.5199966430664,93.43,528.1,445.84,30.13,32.14,72.8499984741211
2025-09-25 08:00:00+00:00,121.33999633789062,93.254501953125,527.3100000000001,445.3,30.12,32.14550048828125,72.94999694824219
2025-09-25 09:00:00+00:00,121.3000030517578,93.237001953125,527.19,444.97,30.09,32.0723388671875,72.94999694824219
2025-09-25 10:00:00+00:00,121.22000122070312,93.2,526.84,444.64,30.1,32.0897998046875,72.96749877929688
2025-09-25 11:00:00+00:00,121.13999938964844,93.12,526.72,443.94,30.03,32.05969970703125,72.9000015258789
2025-09-25 12:00:00+00:00,121.18000030517578,93.25,527.54,444.69,30.04,32.04,72.59750366210938
2025-09-25 13:00:00+00:00,121.0999984741211,93.07400390625,526.21,442.97,29.97,32.0172802734375,72.50749969482422
2025-09-25 14:00:00+00:00,121.6999969482422,93.61,529.71,447.1,30.34,32.16679931640625,72.4749984741211
2025-09-25 15:00:00+00:00,121.5199966430664,93.41,528.52,446.4,30.29,32.15,72.44000244140625
2025-09-26 07:00:00+00:00,121.66000366210938,93.63984375,529.74,447.23,30.38,31.84,72.80500030517578
2025-09-26 08:00:00+00:00,121.36000061035156,93.43,528.48,445.75,30.25,31.74,72.88249969482422
2025-09-26 09:00:00+00:00,121.5199966430664,93.56,529.2562109375,446.65,30.32,31.79,72.83999633789062
2025-09-26 10:00:00+00:00,121.4800033569336,93.52,529.16,446.54,30.28,31.77,72.7300033569336
2025-09-26 11:00:00+00:00,121.63999938964844,93.61,529.52,447.19,30.36,31.82,72.80000305175781
2025-09-26 12:00:00+00:00,121.72000122070312,93.66,529.79,447.19,30.38,31.8397998046875,72.8499984741211
2025-09-26 13:00:00+00:00,121.81999969482422,93.79,530.46,447.19,30.35,31.84,73.04750061035156
2025-09-26 14:00:00+00:00,121.23999786376952,93.3,527.37,444.22,30.11,31.8,73.37999725341797
2025-09-26 15:00:00+00:00,121.4000015258789,93.44,527.5,445.0,30.18,31.83,73.375
2025-09-29 07:00:00+00:00,121.87999725341795,93.81,530.36,447.82,30.35,32.07,73.91999816894531
2025-09-29 08:00:00+00:00,122.04000091552734,93.93,531.32,448.94,30.4222802734375,32.11,74.15750122070312
2025-09-29 09:00:00+00:00,122.08000183105467,93.922646484375,531.3100000000001,448.67,30.4,32.04,73.94999694824219
2025-09-29 10:00:00+00:00,122.16000366210938,93.98,531.76,449.0305859375,30.43,32.0555908203125,74.135009765625
2025-09-29 11:00:00+00:00,121.9800033569336,93.81,530.57,448.21,30.39,32.05,74.375
2025-09-29 12:00:00+00:00,122.0,93.84,530.73,448.4260546875,30.4,32.09,74.05750274658203
2025-09-29 13:00:00+00:00,122.0,93.81,530.48,449.63,30.54,32.160000000000004,74.22501373291016
2025-09-29 14:00:00+00:00,122.1999969482422,93.99,531.28,450.13,30.58,32.21,74.32499694824219
2025-09-29 15:00:00+00:00,121.9800033569336,93.784736328125,529.9300000000001,448.28,30.43,32.13,74.35250091552734
2025-09-30 07:00:00+00:00,121.62000274658205,93.57,528.61,446.73,30.29,32.12,74.62750244140625
2025-09-30 08:00:00+00:00,121.72000122070312,93.564189453125,528.72,446.88,30.32,32.11,74.10749816894531
2025-09-30 09:00:00+00:00,121.6999969482422,93.55,528.59,446.9,30.33,32.14,73.76249694824219
2025-09-30 10:00:00+00:00,121.8000030517578,93.66,529.1800000000001,447.4,30.35,32.13,74.03500366210938
2025-09-30 11:00:00+00:00,121.8000030517578,93.64,529.02,447.38,30.36,32.160000000000004,74.09249877929688
2025-09-30 12:00:00+00:00,121.81999969482422,93.68,529.32,447.67,30.41,32.18,74.15249633789062
2025-09-30 13:00:00+00:00,121.87999725341795,93.66,528.88,446.92,30.36,32.17,74.26000213623047
2025-09-30 14:00:00+00:00,121.68000030517578,93.61,528.6800000000001,447.19,30.57,32.13,74.84249877929688
2025-09-30 15:00:00+00:00,121.72000122070312,93.58,528.62,446.78,30.51547119140625,32.12,74.4574966430664
2025-10-01 07:00:00+00:00,121.5,93.37,526.79,444.0,30.26,32.15699951171875,75.33499908447266
2025-10-01 08:00:00+00:00,121.63999938964844,93.48,527.47,444.94,30.36,32.17,75.60001373291016
2025-10-01 09:00:00+00:00,121.8000030517578,93.57,527.96,445.44,30.37,32.230000000000004,75.52249908447266
2025-10-01 10:00:00+00:00,121.63999938964844,93.53,527.61,445.034765625,30.35,32.21,75.4749984741211
2025-10-01 11:00:00+00:00,121.86000061035156,93.64,528.39,445.82,30.41,32.24,75.41251373291016
2025-10-01 12:00:00+00:00,121.58000183105467,93.42,526.86,444.43,30.34,32.17,75.16251373291016
2025-10-01 13:00:00+00:00,121.55999755859376,93.5,526.8,445.19,30.31,32.25,75.19750213623047
2025-10-01 14:00:00+00:00,121.9800033569336,93.74,527.62,446.67,30.54,32.26,75.19499969482422
2025-10-01 15:00:00+00:00,122.27999877929688,93.96,530.52,447.67,30.59,32.34,74.94000244140625
2025-10-02 07:00:00+00:00,122.72000122070312,94.3,532.26,450.6,30.83,32.58,75.13249969482422
2025-10-02 08:00:00+00:00,122.76000213623048,94.34,532.32,450.94,30.86,32.58,75.23500061035156
2025-10-02 09:00:00+00:00,122.76000213623048,94.34,532.38,450.75,30.89,32.563369140625,75.32499694824219
2025-10-02 10:00:00+00:00,122.94000244140624,94.49,533.08,451.71,30.96,32.64,75.36250305175781
2025-10-02 11:00:00+00:00,123.0999984741211,94.59,533.77,452.61,31.03,32.68,75.46499633789062
2025-10-02 12:00:00+00:00,123.16000366210938,94.64,534.32,453.1,31.08,32.660000000000004,75.43499755859375
2025-10-02 13:00:00+00:00,123.23999786376952,94.71,534.77,452.53,31.0,32.6589599609375,75.29000091552734
2025-10-02 14:00:00+00:00,122.95999908447266,94.5,533.73,452.13,31.0,32.54,74.56999969482422
2025-10-02 15:00:00+00:00,123.04000091552734,94.59,534.1,452.73,31.05,32.61,74.49250030517578
2025-10-03 07:00:00+00:00,123.41999816894533,94.86,535.05,453.76,31.08,32.7,75.03500366210938
2025-10-03 08:00:00+00:00,123.44000244140624,94.875234375,535.11,453.82,31.07,32.716999511718754,75.0525131225586
2025-10-03 09:00:00+00:00,123.55999755859376,94.98,535.62,454.05,31.08822998046875,32.730000000000004,75.0374984741211
2025-10-03 10:00:00+00:00,123.44000244140624,94.89,534.92,453.66,31.07,32.76,75.0625
2025-10-03 11:00:00+00:00,123.37999725341795,94.81,534.65,453.32,30.98300048828125,32.72,75.00250244140625
2025-10-03 12:00:00+00:00,123.23999786376952,94.71,534.05,452.61,30.97,32.69,75.23500061035156
2025-10-03 13:00:00+00:00,123.76000213623048,94.8,534.39,453.87,31.05,32.68,75.385009765625
2025-10-03 14:00:00+00:00,123.4800033569336,94.93,535.24,452.08,31.08,32.68,75.3375015258789
2025-10-03 15:00:00+00:00,123.4000015258789,94.74,534.84,452.27,31.09,32.660000000000004,75.49500274658203
2025-10-06 07:00:00+00:00,123.44000244140624,95.01,535.1800000000001,452.5,31.0,32.660000000000004,76.54000854492188
2025-10-06 08:00:00+00:00,123.5999984741211,95.0,535.87,453.08,31.03,32.687451171875,76.55999755859375
2025-10-06 09:00:00+00:00,123.6999969482422,95.07,536.33,453.65,31.06,32.72,76.55500030517578
2025-10-06 10:00:00+00:00,123.87999725341795,95.18,536.79,454.78,31.06,32.74,76.56749725341797
2025-10-06 11:00:00+00:00,123.86000061035156,95.16,536.66,454.99,31.1,32.76,76.47501373291016
2025-10-06 12:00:00+00:00,123.73999786376952,95.13,535.84,454.71,31.09,32.74,76.36499786376953
2025-10-06 13:00:00+00:00,123.4800033569336,94.83,533.9300000000001,453.15,31.08,32.78,76.58999633789062
2025-10-06 14:00:00+00:00,123.45999908447266,94.825419921875,533.88,452.47,31.01,32.78,76.79750061035156
2025-10-06 15:00:00+00:00,123.54000091552734,94.9,534.41,452.88,31.066069335937502,32.78,76.7074966430664
2025-10-07 07:00:00+00:00,123.63999938964844,94.97,535.74,454.21,31.07,32.88,76.61000061035156
2025-10-07 08:00:00+00:00,123.68000030517578,95.0,535.94375,454.42,31.1,32.92,76.72750854492188
2025-10-07 09:00:00+00:00,123.68000030517578,95.0,535.97,454.46,31.1,32.89,76.8375015258789
2025-10-07 10:00:00+00:00,123.86000061035156,95.147001953125,536.51,454.83,31.1,32.97,76.89750671386719
2025-10-07 11:00:00+00:00,124.12000274658205,95.34,538.01,456.28,31.22,33.02,77.03250122070312
2025-10-07 12:00:00+00:00,124.13999938964844,95.37,538.08,456.62,31.29,33.0439892578125,77.27249908447266
2025-10-07 13:00:00+00:00,123.9800033569336,95.26,537.5600000000001,456.15,31.27,32.936669921875,77.26499938964844
2025-10-07 14:00:00+00:00,123.62000274658205,94.97,535.96,454.78,31.15,32.85,77.3949966430664
2025-10-07 15:00:00+00:00,123.26000213623048,94.68,534.15,452.43,30.89,32.77,77.38249969482422
2025-10-08 07:00:00+00:00,123.5,94.96,535.89,453.578984375,31.01,32.71,78.33500671386719
2025-10-08 08:00:00+00:00,123.5,94.97,535.98,453.8,31.07,32.7,78.38250732421875
2025-10-08 09:00:00+00:00,123.58000183105467,95.01,536.48,454.09,31.07,32.72,78.59249877929688
2025-10-08 10:00:00+00:00,123.68000030517578,95.05640625,536.209609375,453.92,31.03,32.74,78.3949966430664
2025-10-08 11:00:00+00:00,123.68000030517578,95.06,536.57,454.01,31.07,32.74,78.40750122070312
2025-10-08 12:00:00+00:00,123.58000183105467,94.97,535.65,453.06,30.98,32.72,78.4375
2025-10-08 13:00:00+00:00,123.5,94.9,535.59,454.8205859375,31.27,32.77,78.41500091552734
2025-10-08 14:00:00+00:00,123.8000030517578,95.122998046875,536.95,455.29,31.27,32.82205078125,78.60749816894531
2025-10-08 15:00:00+00:00,124.04000091552734,95.33,538.28,456.49,31.35,32.89,78.53250122070312
2025-10-09 07:00:00+00:00,124.5,95.69,540.9,460.47,31.63,33.02,78.24500274658203
2025-10-09 08:00:00+00:00,124.41999816894533,95.622998046875,540.39,459.45,31.59,33.03,78.4175033569336
2025-10-09 09:00:00+00:00,124.27999877929688,95.520791015625,539.5600000000001,458.99,31.54,33.01,78.38500213623047
2025-10-09 10:00:00+00:00,124.44000244140624,95.6,540.23,459.45,31.59,33.02,78.49749755859375
2025-10-09 11:00:00+00:00,124.36000061035156,95.6,540.07,459.3,31.59,33.05,78.5374984741211
2025-10-09 12:00:00+00:00,124.4000015258789,95.56,539.99,459.3,31.62,33.05,78.69249725341797
2025-10-09 13:00:00+00:00,124.0999984741211,95.49,539.49,458.75,31.61,32.89,78.0
2025-10-09 14:00:00+00:00,124.26000213623048,95.59,540.37,459.49,31.67,32.92,78.1449966430664
2025-10-09 15:00:00+00:00,124.4800033569336,95.72,541.26,460.37,31.71,32.96,78.0
2025-10-10 07:00:00+00:00,124.36000061035156,95.71,541.849453125,461.83,31.77,32.89,77.12000274658203
2025-10-10 08:00:00+00:00,124.41999816894533,95.74,541.86,462.04,31.76,32.87,77.5250015258789
2025-10-10 09:00:00+00:00,124.27999877929688,95.6,541.42,461.15,31.72,32.8,77.58999633789062
2025-10-10 10:00:00+00:00,124.72000122070312,95.9,543.13,463.01,31.84,32.95,77.5625
2025-10-10 11:00:00+00:00,124.66000366210938,95.91,543.32,463.1,31.83,32.95,77.4124984741211
2025-10-10 12:00:00+00:00,124.5999984741211,95.83,542.57,462.34,31.81,32.97,77.385009765625
2025-10-10 13:00:00+00:00,124.8000030517578,95.97,543.9490234375,463.62,31.91,32.97791015625,77.2925033569336
2025-10-10 14:00:00+00:00,123.87999725341795,95.29,539.69,458.94,31.64,32.75,77.48750305175781
2025-10-10 15:00:00+00:00,122.27999877929688,94.11,532.37,451.25,30.91,32.05,78.00749969482422
2025-10-13 07:00:00+00:00,122.54000091552734,94.42,532.75,453.29,31.15,32.5,79.04750061035156
2025-10-13 08:00:00+00:00,122.76000213623048,94.38,533.2274609375,453.1,31.11,32.54,79.18499755859375
2025-10-13 09:00:00+00:00,122.55999755859376,94.22,532.19,452.29,31.09,32.5,79.19750213623047
2025-10-13 10:00:00+00:00,122.54000091552734,94.2,532.36,452.3,31.07,32.52,79.23750305175781
2025-10-13 11:00:00+00:00,122.3000030517578,94.02,531.53,451.65,31.0,32.45,79.10001373291016
2025-10-13 12:00:00+00:00,122.36000061035156,94.04,531.5173828125,451.13,31.02,32.5,79.22750091552734
2025-10-13 13:00:00+00:00,122.72000122070312,94.34,533.44,452.95,31.17,32.56,79.49749755859375
2025-10-13 14:00:00+00:00,122.33999633789062,94.11,531.55,450.945,30.98,32.58,79.58000183105469
2025-10-13 15:00:00+00:00,122.8000030517578,94.35,533.5,453.0,31.12,32.65,79.49250793457031
2025-10-14 07:00:00+00:00,122.3000030517578,94.07,532.0600000000001,451.36,30.9,32.24,80.09750366210938
2025-10-14 08:00:00+00:00,122.41999816894533,94.15,531.94,451.38,30.91,32.24,80.4574966430664
2025-10-14 09:00:00+00:00,122.27999877929688,94.05,531.5,450.84,30.86,32.230000000000004,80.12750244140625
2025-10-14 10:00:00+00:00,121.94000244140624,93.7448046875,530.125078125,449.46,30.79,32.11,80.20249938964844
2025-10-14 11:00:00+00:00,122.23999786376952,94.06,531.69,451.03,30.9,32.21,80.19750213623047
2025-10-14 12:00:00+00:00,122.18000030517578,94.02,531.42,450.56,30.8720947265625,32.17,79.75
2025-10-14 13:00:00+00:00,122.23999786376952,93.99,529.98,449.31,30.64,32.24,80.07749938964844
2025-10-14 14:00:00+00:00,122.62000274658205,94.274169921875,532.32,450.81,30.69,32.33,80.16000366210938
2025-10-14 15:00:00+00:00,122.66000366210938,94.31,532.4300000000001,451.29,30.74,32.36,80.35749816894531
2025-10-15 07:00:00+00:00,123.33999633789062,94.71,534.5600000000001,452.76,30.84,32.730000000000004,81.69249725341797
2025-10-15 08:00:00+00:00,123.37999725341795,94.79171875,534.88015625,453.47,30.92,32.8,81.73750305175781
2025-10-15 09:00:00+00:00,123.54000091552734,94.93,535.58,454.06,30.98,32.84,81.4000015258789
2025-10-15 10:00:00+00:00,123.4000015258789,94.79,535.0550390625,453.45,30.95,32.84,81.56999969482422
2025-10-15 11:00:00+00:00,123.44000244140624,94.94,535.5940234375,453.87,30.97,32.80260498046875,81.51750183105469
2025-10-15 12:00:00+00:00,123.62000274658205,94.99,536.64,455.186484375,31.09,32.784138183593754,81.36250305175781
2025-10-15 13:00:00+00:00,123.72000122070312,95.11,536.95,454.93,31.01,32.77,81.4000015258789
2025-10-15 14:00:00+00:00,123.66000366210938,95.1,537.136484375,456.05,31.06,32.82,81.54750061035156
2025-10-15 15:00:00+00:00,123.31999969482422,94.8,534.74,454.02,30.91,32.75083984375,81.58000183105469
2025-10-16 07:00:00+00:00,123.18000030517578,94.56,533.23,453.1648046875,30.85,32.9,82.13249969482422
2025-10-16 08:00:00+00:00,123.0199966430664,94.416025390625,532.3,452.25,30.8,32.89,82.1875
2025-10-16 09:00:00+00:00,123.16000366210938,94.56,533.02,452.66,30.87,32.86553466796875,82.3125
2025-10-16 10:00:00+00:00,123.1999969482422,94.59271484375,533.26,452.97,30.89,32.9,82.37750244140625
2025-10-16 11:00:00+00:00,123.13999938964844,94.53,533.07,452.96,30.88,32.89,82.3499984741211
2025-10-16 12:00:00+00:00,123.08000183105467,94.53,532.99,453.01,30.89,32.85,82.24500274658203
2025-10-16 13:00:00+00:00,123.18000030517578,94.5575,533.0746875,453.828515625,30.83,32.88,82.47000122070312
2025-10-16 14:00:00+00:00,123.26000213623048,94.554501953125,532.78,453.9,30.87,32.97,82.77749633789062
2025-10-16 15:00:00+00:00,123.12000274658205,94.58,531.9146484375,452.78,30.82,32.945,82.96499633789062
2025-10-17 07:00:00+00:00,120.77999877929688,92.73,521.36,442.7,30.19,32.28,84.28500366210938
2025-10-17 08:00:00+00:00,120.91999816894533,92.79,521.47,443.31,30.17,32.31,84.44000244140625
2025-10-17 09:00:00+00:00,120.81999969482422,92.83,521.72,443.0,30.17,32.27,84.27749633789062
2025-10-17 10:00:00+00:00,121.22000122070312,93.06,523.4300000000001,444.12359375,30.28,32.3401806640625,84.02749633789062
2025-10-17 11:00:00+00:00,121.81999969482422,93.53,526.33,447.09,30.49,32.54,83.22750854492188
2025-10-17 12:00:00+00:00,122.0821762084961,93.75,528.0,447.95,30.57,32.58679931640625,83.78250122070312
2025-10-17 13:00:00+00:00,122.33999633789062,94.06,529.32,449.8,30.67,32.75,82.9800033569336
2025-10-17 14:00:00+00:00,122.23069763183594,93.822998046875,528.49,449.09,30.56,32.730000000000004,82.47750091552734
2025-10-17 15:00:00+00:00,122.16400909423828,93.8,527.84,448.530625,30.52,32.7,82.49500274658203
2025-10-20 07:00:00+00:00,123.27999877929688,94.72,533.59953125,454.8,31.02444091796875,33.01,82.61250305175781
2025-10-20 08:00:00+00:00,122.9800033569336,94.45,532.24,453.66,30.9318994140625,32.91553955078125,82.6875
2025-10-20 09:00:00+00:00,123.08000183105467,94.478759765625,532.42,453.75,30.94,32.92840087890625,82.73500061035156
2025-10-20 10:00:00+00:00,123.12000274658205,94.4884375,532.38,453.61,30.92,32.93,82.62750244140625
2025-10-20 11:00:00+00:00,123.3000030517578,94.65,533.11,454.35,30.97,32.94,83.0824966430664
2025-10-20 12:00:00+00:00,123.3000030517578,94.64,533.17,454.61,30.98,32.95,83.9574966430664
2025-10-20 13:00:00+00:00,123.6999969482422,94.97,535.2,456.86,31.12,33.08,83.49250793457031
2025-10-20 14:00:00+00:00,124.0,95.22609375,536.78,458.35,31.27,33.21,84.12249755859375
2025-10-20 15:00:00+00:00,123.95999908447266,95.135703125,536.211484375,458.1298046875,31.27,33.21,84.36750030517578
2025-10-21 07:00:00+00:00,124.05999755859376,95.23,537.36,458.51,31.22,33.166889648437504,83.4800033569336
2025-10-21 08:00:00+00:00,124.04000091552734,95.25,537.62,458.78,31.19,33.11,82.98750305175781
2025-10-21 09:00:00+00:00,124.0199966430664,95.27,537.79,458.9,31.2,33.160000000000004,82.79000091552734
2025-10-21 10:00:00+00:00,124.08000183105467,95.3,538.0,458.86,31.23,33.15,82.57749938964844
2025-10-21 11:00:00+00:00,124.23999786376952,95.38,538.52,459.42,31.27,33.17,82.58750915527344
2025-10-21 12:00:00+00:00,124.05999755859376,95.31,538.14,459.03,31.26,33.12169921875,81.7925033569336
2025-10-21 13:00:00+00:00,123.9800033569336,95.25,537.9300000000001,458.29,31.18,33.01,81.0374984741211
2025-10-21 14:00:00+00:00,124.23999786376952,95.192099609375,539.65,459.44,31.25300048828125,33.08,80.4000015258789
2025-10-21 15:00:00+00:00,124.08000183105467,95.32,538.34,458.42,31.23,33.05,80.09500122070312
2025-10-22 07:00:00+00:00,124.76000213623048,95.76,541.4300000000001,461.25,31.36,33.24,80.2400131225586
2025-10-22 08:00:00+00:00,124.66000366210938,95.73,541.03,460.9,31.33,33.21,79.02999877929688
2025-10-22 09:00:00+00:00,124.64441680908205,95.77,541.3,461.03,31.34,33.1956396484375,79.02999877929688
2025-10-22 10:00:00+00:00,124.72000122070312,95.81,541.64,461.37,31.35294921875,33.21,78.33999633789062
2025-10-22 11:00:00+00:00,124.42752075195312,95.62,540.25,459.804765625,31.26,33.09030029296875,78.1675033569336
2025-10-22 12:00:00+00:00,124.5999984741211,95.73,541.09,460.53,31.34,33.19,78.30999755859375
2025-10-22 13:00:00+00:00,124.5,95.55,539.632890625,459.99,31.36,33.2697998046875,79.12249755859375
2025-10-22 14:00:00+00:00,124.16000366210938,95.57,538.38,457.92,31.17,33.14,77.94249725341797
2025-10-22 15:00:00+00:00,123.6999969482422,94.96,536.86,455.02,30.9,33.02,78.2400131225586
2025-10-23 07:00:00+00:00,124.05999755859376,95.18,537.64,456.8,31.13,33.10632080078125,79.5199966430664
2025-10-23 08:00:00+00:00,124.0199966430664,95.2451953125,537.5600000000001,456.8,31.10575927734375,33.12,79.90750122070312
2025-10-23 09:00:00+00:00,124.0,95.14,537.15,456.24,31.07,33.11,80.09249877929688
2025-10-23 10:00:00+00:00,124.12000274658205,95.29,537.71,456.44,31.08,33.12,79.7300033569336
2025-10-23 11:00:00+00:00,123.94000244140624,95.126796875,536.52,455.08,30.98,33.08,79.77999877929688
2025-10-23 12:00:00+00:00,124.04000091552734,95.18,537.19,455.6,30.99,33.11322021484375,80.125
2025-10-23 13:00:00+00:00,124.95999908447266,95.61,539.44,458.83,31.28,33.28,80.4574966430664
2025-10-23 14:00:00+00:00,124.62000274658205,95.66,539.79,459.41,31.37,33.34,80.52749633789062
2025-10-23 15:00:00+00:00,124.58000183105467,95.68,539.78,459.38,31.36,33.33,80.48999786376953
2025-10-24 07:00:00+00:00,125.05999755859376,96.02,542.5600000000001,462.38,31.54,33.5,79.11750030517578
2025-10-24 08:00:00+00:00,124.9800033569336,95.96,542.36,462.66,31.56,33.47,78.92500305175781
2025-10-24 09:00:00+00:00,125.0771026611328,96.04,542.7,463.06,31.57,33.46,78.83500671386719
2025-10-24 10:00:00+00:00,125.0999984741211,96.01,542.78,463.07,31.61,33.49,78.74500274658203
2025-10-24 11:00:00+00:00,125.18000030517578,96.16,543.77,463.56,31.63,33.47,78.85250091552734
2025-10-24 12:00:00+00:00,125.13999938964844,96.13,543.37,463.7,31.69,33.49,79.21749877929688
2025-10-24 13:00:00+00:00,125.55999755859376,96.35,544.8,464.83,31.77,33.55,79.75250244140625
2025-10-24 14:00:00+00:00,125.73999786376952,96.556796875,545.92,465.43,31.83,33.58,79.90750122070312
2025-10-24 15:00:00+00:00,125.95999908447266,96.47,546.91,466.426484375,31.93,33.68,80.11499786376953
2025-10-27 08:00:00+00:00,126.5,97.13,549.5500000000001,470.44,32.31,33.85,78.50750732421875
2025-10-27 09:00:00+00:00,126.44000244140624,97.07,549.24,470.65,32.32,33.83798095703125,78.447509765625
2025-10-27 10:00:00+00:00,126.4800033569336,97.09,549.14,470.7,32.3,33.84,78.3949966430664
2025-10-27 11:00:00+00:00,126.33999633789062,96.98,548.42,470.11,32.27,33.83,78.11499786376953
2025-10-27 12:00:00+00:00,126.4000015258789,96.99,548.91,470.5,32.32,33.85,78.50250244140625
2025-10-27 13:00:00+00:00,126.5,97.1,549.5500000000001,471.19,32.36,33.82,78.0625
2025-10-27 14:00:00+00:00,126.46710205078124,97.13,549.52,471.42,32.34,33.79,77.35250854492188
2025-10-27 15:00:00+00:00,126.5199966430664,97.183935546875,550.29,472.3,32.39,33.85,77.44750213623047
2025-10-27 16:00:00+00:00,126.5999984741211,97.19,550.15,472.41,32.37,33.86,77.42749786376953
2025-10-28 08:00:00+00:00,126.87999725341795,97.55,552.4300000000001,474.49,32.562099609375004,33.69,75.66500091552734
2025-10-28 09:00:00+00:00,126.83999633789062,97.45,552.13,474.31,32.54,33.72,75.80500030517578
2025-10-28 10:00:00+00:00,126.8000030517578,97.43,551.8000000000001,474.06,32.52,33.7,76.2249984741211
2025-10-28 11:00:00+00:00,126.9800033569336,97.63,552.84734375,475.01,32.56,33.75,76.16999816894531
2025-10-28 12:00:00+00:00,127.21505737304688,97.78,554.22984375,476.01,32.68,33.82,75.97000122070312
2025-10-28 13:00:00+00:00,127.5,97.92,554.67,477.76,32.95,33.93,76.48999786376953
2025-10-28 14:00:00+00:00,127.36000061035156,97.9,554.85,476.68,32.83,33.88,76.67749786376953
2025-10-28 15:00:00+00:00,127.4000015258789,97.8,554.04,477.15,32.87,33.92,76.97000122070312
2025-10-28 16:00:00+00:00,127.44000244140624,97.92,554.19,477.54,32.9039306640625,33.93,76.9375
2025-10-29 08:00:00+00:00,128.3000030517578,98.53,559.1,483.56,33.660000000000004,34.38,77.98750305175781
2025-10-29 09:00:00+00:00,128.3000030517578,98.48,558.41,482.6,33.59,34.43,78.12249755859375
2025-10-29 10:00:00+00:00,128.44000244140625,98.56,558.71,482.92,33.6,34.48241943359375,78.13249969482422
2025-10-29 11:00:00+00:00,128.47999572753906,98.61,559.02,483.33,33.69,34.461650390625,77.9749984741211
2025-10-29 12:00:00+00:00,128.5399932861328,98.68,559.6683203125,483.63,33.7,34.51,78.13500213623047
2025-10-29 13:00:00+00:00,128.6199951171875,98.71,560.16,484.61,33.87,34.480000000000004,77.88749694824219
2025-10-29 14:00:00+00:00,128.3000030517578,98.71,558.42,482.85,33.69,34.45,77.85250091552734
2025-10-29 15:00:00+00:00,128.10000610351562,98.36,557.54,481.87,33.54,34.4,77.56500244140625
2025-10-29 16:00:00+00:00,128.24000549316406,98.44,558.02,482.07,33.56,34.410000000000004,77.61499786376953
2025-10-30 08:00:00+00:00,128.10000610351562,98.39,558.09,483.83,33.62,34.21,77.20500183105469
2025-10-30 09:00:00+00:00,128.02000427246094,98.33,557.83,483.37,33.55,34.22,77.62750244140625
2025-10-30 10:00:00+00:00,128.24000549316406,98.5,559.19,484.31,33.7,34.27,77.33500671386719
2025-10-30 11:00:00+00:00,128.16000366210938,98.492509765625,559.33,484.7,33.71,34.25,77.18000030517578
2025-10-30 12:00:00+00:00,128.0399932861328,98.36,558.52,483.15,33.54,34.19,76.94000244140625
2025-10-30 13:00:00+00:00,128.17999267578125,98.27,558.72,482.59,33.6,34.25,77.52749633789062
2025-10-30 14:00:00+00:00,128.1199951171875,98.4,557.86,480.95,33.43,34.18531982421875,77.58500671386719
2025-10-30 15:00:00+00:00,128.0800018310547,98.36,557.86,480.9,33.39,34.2239208984375,77.69999694824219
2025-10-30 16:00:00+00:00,128.33999633789062,98.46,559.26,482.66,33.57,34.26,77.5875015258789
2025-10-31 08:00:00+00:00,128.3000030517578,98.57,559.3000000000001,484.91,33.77,34.18,77.86750030517578
2025-10-31 09:00:00+00:00,128.1199951171875,98.48,559.0600000000001,484.53,33.730000000000004,34.160000000000004,77.82250213623047
2025-10-31 10:00:00+00:00,128.27999877929688,98.54,559.45,485.06,33.76,34.19,77.81749725341797
2025-10-31 11:00:00+00:00,128.44000244140625,98.7,560.23,485.78,33.86,34.18,77.86750793457031
2025-10-31 12:00:00+00:00,128.5800018310547,98.81,561.12,486.48,33.88,34.25,78.09500122070312
2025-10-31 13:00:00+00:00,128.13999938964844,98.65,559.07,484.1661328125,33.57,34.15,77.96499633789062
2025-10-31 14:00:00+00:00,128.25999450683594,98.55,559.57,484.97,33.64,34.18,78.08000183105469
2025-10-31 15:00:00+00:00,127.8000030517578,98.21,557.25,482.49,33.38,34.11,77.93250274658203
2025-10-31 16:00:00+00:00,127.76000213623048,98.19,557.16,481.67,33.38,34.09,77.38749694824219
2025-11-03 08:00:00+00:00,128.3199920654297,98.4,558.02,483.61,33.52,34.4,78.05750274658203
2025-11-03 09:00:00+00:00,128.0800018310547,98.61,559.51,484.36,33.54,34.4,77.66751098632812
2025-11-03 10:00:00+00:00,128.39999389648438,98.58810546875,559.337578125,484.39,33.59,34.43,77.63249969482422
2025-11-03 11:00:00+00:00,128.4199981689453,98.59,559.45,484.6,33.62,34.44,77.80000305175781
2025-11-03 12:00:00+00:00,128.17999267578125,98.46,558.53,484.14,33.63,34.39159912109375,77.87999725341797
2025-11-03 13:00:00+00:00,128.33999633789062,98.59,559.54,485.23,33.7,34.410000000000004,77.97000122070312
2025-11-03 14:00:00+00:00,128.0,98.67,558.5500000000001,484.56,33.89,34.39,78.10501098632812
2025-11-03 15:00:00+00:00,127.73999786376952,98.16,557.11,482.7,33.43,34.300000000000004,77.79251098632812
2025-11-03 16:00:00+00:00,127.71556091308594,98.48,556.65,482.12,33.4056689453125,34.32,77.63999938964844
2025-11-04 08:00:00+00:00,127.1999969482422,97.68,554.4,478.88,33.11,34.05,77.59249877929688
2025-11-04 09:00:00+00:00,127.04000091552734,97.57,553.95,478.2694921875,33.08,33.980000000000004,77.49749755859375
2025-11-04 10:00:00+00:00,127.31999969482422,97.8,555.19,479.48,33.160000000000004,34.05,77.5425033569336
2025-11-04 11:00:00+00:00,127.4800033569336,97.91,555.7185546875,480.14,33.230000000000004,34.12,77.56999969482422
2025-11-04 12:00:00+00:00,127.36000061035156,97.87,555.53,479.61,33.15,34.05,77.375
2025-11-04 13:00:00+00:00,127.44000244140624,97.86794921875,555.29,479.22,33.114399414062504,34.07,77.23750305175781
2025-11-04 14:00:00+00:00,128.05999755859375,98.32,558.12,482.71,33.34,34.22,76.85250854492188
2025-11-04 15:00:00+00:00,127.95999908447266,98.27,557.6800000000001,480.84,33.2,34.201220703125,76.82499694824219
2025-11-04 16:00:00+00:00,127.9800033569336,98.276796875,557.6726953125,480.69,33.230000000000004,34.230000000000004,77.14750671386719
2025-11-05 08:00:00+00:00,127.3000030517578,97.79,554.73,475.91,32.8,33.96,77.28250122070312
2025-11-05 09:00:00+00:00,127.27999877929688,97.78,555.0600000000001,476.13,32.81,34.0,77.11499786376953
2025-11-05 10:00:00+00:00,127.16000366210938,97.64,553.9678515625,474.64,32.68,33.94,76.93251037597656
2025-11-05 11:00:00+00:00,127.3000030517578,97.76,554.5,475.4985546875,32.75,33.93,77.02500915527344
2025-11-05 12:00:00+00:00,127.37999725341795,97.82,554.77,476.173515625,32.79,33.99,77.06999969482422
2025-11-05 13:00:00+00:00,127.68000030517578,98.09,556.5600000000001,477.86,32.980000000000004,34.06449951171875,77.18250274658203
2025-11-05 14:00:00+00:00,128.02000427246094,98.25,557.67,480.32,33.12,34.24,77.15249633789062
2025-11-05 15:00:00+00:00,127.9800033569336,98.35,558.26,479.74,33.19,34.23072998046875,77.22750091552734
2025-11-05 16:00:00+00:00,128.05999755859375,98.32,558.01,480.44,33.18,34.24,77.2925033569336
2025-11-06 08:00:00+00:00,127.5,97.93,554.8100000000001,477.58,32.77,34.160000000000004,77.93250274658203
2025-11-06 09:00:00+00:00,127.68000030517578,98.1,555.85,478.77,32.85,34.16989990234375,77.87000274658203
2025-11-06 10:00:00+00:00,127.8000030517578,98.163203125,556.5,479.29,32.88,34.19,77.80751037597656
2025-11-06 11:00:00+00:00,127.68000030517578,98.08,555.88,479.01,32.86,34.17,78.00250244140625
2025-11-06 12:00:00+00:00,127.6999969482422,98.13,556.0500000000001,478.94,32.89,34.18,77.75750732421875
2025-11-06 13:00:00+00:00,127.54000091552734,97.98,554.88,478.46,32.82,34.14,77.9124984741211
2025-11-06 14:00:00+00:00,127.0999984741211,97.6,552.96,474.639921875,32.5,34.0474609375,77.54000091552734
2025-11-06 15:00:00+00:00,126.4000015258789,97.41,549.41,469.9,32.19,33.84,77.27999877929688
2025-11-06 16:00:00+00:00,126.44000244140624,97.08,549.83,470.64,32.28,33.86,77.3375015258789
2025-11-07 08:00:00+00:00,126.5199966430664,97.14,550.0600000000001,470.32,32.21,33.79,77.84500122070312
2025-11-07 09:00:00+00:00,126.36000061035156,96.985,549.3000000000001,469.5,32.11,33.75,77.79499816894531
2025-11-07 10:00:00+00:00,126.13999938964844,96.83,548.32,468.32,32.02346923828125,33.69906982421875,77.81500244140625
2025-11-07 11:00:00+00:00,125.95999908447266,96.68,547.3000000000001,467.25,31.95,33.63,77.71499633789062
2025-11-07 12:00:00+00:00,125.62000274658205,96.46,545.94,465.84,31.83,33.57,77.59750366210938
2025-11-07 13:00:00+00:00,125.54000091552734,96.39,545.86,465.61,31.83,33.56,77.61750793457031
2025-11-07 14:00:00+00:00,125.23999786376952,96.13,543.48,463.16,31.64,33.45,77.56500244140625
2025-11-07 15:00:00+00:00,124.6999969482422,95.79,541.2,459.75,31.34,33.32,77.48249816894531
2025-11-07 16:00:00+00:00,124.54000091552734,95.61,540.01,458.51,31.27,33.28,77.81999969482422
2025-11-10 08:00:00+00:00,126.91999816894533,97.35,551.24,471.88,32.38,34.09,79.23750305175781
2025-11-10 09:00:00+00:00,127.08000183105467,97.37,551.8100000000001,472.35,32.42,34.07,79.15249633789062
2025-11-10 10:00:00+00:00,127.13999938964844,97.566796875,552.2,472.39,32.44,34.07,79.23999786376953
2025-11-10 11:00:00+00:00,127.0,97.48462890625,551.61,472.07,32.4,34.06,79.26249694824219
2025-11-10 12:00:00+00:00,126.94000244140624,97.39,551.09,471.6,32.38,34.04360107421875,79.5625
2025-11-10 13:00:00+00:00,127.0199966430664,97.53,551.65,472.3,32.4,34.06,79.45999908447266
2025-11-10 14:00:00+00:00,127.22000122070312,97.65,552.84,474.24,32.56,34.0,79.29000091552734
2025-11-10 15:00:00+00:00,127.0,97.7,551.8100000000001,472.68,32.45654052734375,33.95304931640625,79.30500030517578
2025-11-10 16:00:00+00:00,126.83999633789062,97.37,550.58,471.55,32.34,33.93,79.47000122070312
2025-11-11 08:00:00+00:00,127.9000015258789,98.23,555.83,475.68,32.72,34.14,80.28500366210938
2025-11-11 09:00:00+00:00,127.8000030517578,98.15,555.3056640625,474.85,32.6,34.0987890625,80.41000366210938
2025-11-11 10:00:00+00:00,127.77999877929688,98.11,555.1800000000001,474.89,32.58,34.1,80.42500305175781
2025-11-11 11:00:00+00:00,127.6999969482422,98.05,554.72,474.45,32.58,34.09452880859375,80.42250061035156
2025-11-11 12:00:00+00:00,127.71109771728516,98.08,554.8000000000001,474.26,32.51,34.10013916015625,80.3025131225586
2025-11-11 13:00:00+00:00,127.5,97.93,553.66,473.16,32.47,34.1,80.4175033569336
2025-11-11 14:00:00+00:00,127.63999938964844,98.043837890625,554.0,473.65,32.43,34.14,80.11250305175781
2025-11-11 15:00:00+00:00,127.5199966430664,98.0,553.08,471.59,32.27,34.09,79.73750305175781
2025-11-11 16:00:00+00:00,127.62000274658205,98.11,553.4300000000001,471.78,32.3,34.11,79.77999877929688
2025-11-12 08:00:00+00:00,129.02000427246094,99.1,560.32,478.85,32.83,34.42,80.20999908447266
2025-11-12 09:00:00+00:00,129.1199951171875,99.17,560.58,479.42,32.9,34.43,80.05750274658203
2025-11-12 10:00:00+00:00,128.9600067138672,99.05,559.82,478.6,32.83,34.37,80.15750122070312
2025-11-12 11:00:00+00:00,128.75999450683594,98.88,558.6800000000001,477.04,32.71,34.33,80.11000061035156
2025-11-12 12:00:00+00:00,129.1199951171875,99.17,560.48,478.88,32.86,34.45,80.21499633789062
2025-11-12 13:00:00+00:00,129.22000122070312,99.25,561.0600000000001,479.44,32.85,34.44451904296875,80.11250305175781
2025-11-12 14:00:00+00:00,129.02000427246094,99.17,559.97,475.89,32.59,34.31,80.29251098632812
2025-11-12 15:00:00+00:00,128.6199951171875,99.15,557.54,473.87,32.480000000000004,34.2,81.17500305175781
2025-11-12 16:00:00+00:00,128.63999938964844,98.8,557.5146484375,474.3,32.54,34.27,81.28500366210938
2025-11-13 08:00:00+00:00,128.7274932861328,98.82,557.58,475.2,32.56,34.44,82.19999694824219
2025-11-13 09:00:00+00:00,128.5,98.65,556.6,473.35,32.47,34.42,82.1875
2025-11-13 10:00:00+00:00,128.5399932861328,98.66,557.03,474.08,32.51,34.412128906250004,82.03500366210938
2025-11-13 11:00:00+00:00,128.5,98.67,557.1,474.22,32.52,34.38,82.14250183105469
2025-11-13 12:00:00+00:00,128.19923400878906,98.39,555.63,472.86,32.44,34.37,82.4175033569336
2025-11-13 13:00:00+00:00,128.0800018310547,98.32,554.9300000000001,471.68,32.36,34.300000000000004,82.12999725341797
2025-11-13 14:00:00+00:00,127.62483215332033,98.1,553.6,469.29,32.15,34.17,81.45249938964844
2025-11-13 15:00:00+00:00,127.08000183105467,97.51,550.04,466.3,31.88,33.980000000000004,81.58000183105469
2025-11-13 16:00:00+00:00,126.86000061035156,97.43,549.54,465.66,31.86,33.93,81.67250061035156
2025-11-14 08:00:00+00:00,126.26000213623048,96.91,546.5,462.308984375,31.62,33.7,81.03751373291016
2025-11-14 09:00:00+00:00,126.18000030517578,96.856796875,546.44,462.03,31.58,33.71,80.93499755859375
2025-11-14 10:00:00+00:00,126.3000030517578,96.92,546.99,462.62,31.63,33.71,80.91999816894531
2025-11-14 11:00:00+00:00,125.81999969482422,96.57,545.05,460.33,31.5,33.58,80.24250030517578
2025-11-14 12:00:00+00:00,125.31999969482422,96.1248046875,541.98,457.08,31.22,33.58907958984375,79.87999725341797
2025-11-14 13:00:00+00:00,125.3000030517578,96.18,542.12,457.43,31.23,33.6,78.7249984741211
2025-11-14 14:00:00+00:00,126.05999755859376,96.68,545.58,462.1,31.75,33.89,79.29499816894531
2025-11-14 15:00:00+00:00,126.77999877929688,97.2,548.7275,466.2,32.05,34.04,79.48001098632812
2025-11-14 16:00:00+00:00,126.91999816894533,97.37,549.77,467.24,32.18,34.09,79.63749694824219
2025-11-17 08:00:00+00:00,126.77999877929688,97.41,550.92,469.31,32.24342041015625,33.81,79.322509765625
2025-11-17 09:00:00+00:00,126.66000366210938,97.26,550.01,467.81,32.0854296875,33.77,79.26249694824219
2025-11-17 10:00:00+00:00,126.44000244140624,97.09,548.89,466.7475,31.99,33.7,79.01499938964844
2025-11-17 11:00:00+00:00,126.3000030517578,96.94,548.08,466.0,31.92,33.7,79.17250061035156
2025-11-17 12:00:00+00:00,126.0999984741211,96.74,546.88,464.71,31.84,33.660000000000004,79.19249725341797
2025-11-17 13:00:00+00:00,125.95999908447266,96.68,546.0600000000001,463.89,31.79,33.6297998046875,78.93000793457031
2025-11-17 14:00:00+00:00,126.36000061035156,96.97,547.9300000000001,466.45,31.94,33.78,79.16000366210938
2025-11-17 15:00:00+00:00,125.86000061035156,96.63,545.8100000000001,463.75,31.7,33.69,78.9000015258789
2025-11-17 16:00:00+00:00,125.94000244140624,96.62,546.0,463.7,31.7,33.71,78.97000122070312
2025-11-18 08:00:00+00:00,124.60655212402344,95.39,541.26,459.55,31.43,33.26,78.37001037597656
2025-11-18 09:00:00+00:00,124.77999877929688,95.77,542.05,460.41,31.47,33.31,78.44249725341797
2025-11-18 10:00:00+00:00,124.77999877929688,95.76,541.85,460.22,31.49,33.31,78.48001098632812
2025-11-18 11:00:00+00:00,124.72000122070312,95.73,541.9,459.88,31.47,33.29,78.38999938964844
2025-11-18 12:00:00+00:00,124.22000122070312,95.28,539.42,457.57,31.29,33.15,78.29000854492188
2025-11-18 13:00:00+00:00,124.33999633789062,95.47,540.2341796875,458.19,31.32,33.24,79.01750183105469
2025-11-18 14:00:00+00:00,123.87999725341795,95.0,536.14,454.41,30.97,33.18,78.92749786376953
2025-11-18 15:00:00+00:00,123.73999786376952,94.86,536.38,453.64,30.93,33.21,78.72000122070312
2025-11-18 16:00:00+00:00,124.41999816894533,94.87,540.05,457.386484375,31.17,33.34,78.90750122070312
2025-11-19 08:00:00+00:00,124.23999786376952,95.38,539.88,456.66,31.11,33.25,79.2925033569336
2025-11-19 09:00:00+00:00,124.5999984741211,95.59,541.17,458.34,31.18,33.2972705078125,79.87000274658203
2025-11-19 10:00:00+00:00,124.86000061035156,95.83,542.65,459.54,31.3,33.38,79.75499725341797
2025-11-19 11:00:00+00:00,124.66000366210938,95.7,541.74,458.5,31.24,33.35450927734375,79.84750366210938
2025-11-19 12:00:00+00:00,124.76000213623048,95.74,541.88,458.89,31.27,33.4,79.88999938964844
2025-11-19 13:00:00+00:00,124.63999938964844,95.65,541.26,458.16,31.24,33.34,79.81500244140625
2025-11-19 14:00:00+00:00,125.33999633789062,96.1,544.51,462.88,31.7,33.45,80.14250183105469
2025-11-19 15:00:00+00:00,125.0999984741211,95.97,543.5144140625,461.47,31.55,33.46,79.49250030517578
2025-11-19 16:00:00+00:00,124.83999633789062,96.26,543.23953125,460.48,31.5,33.36,79.0875015258789
2025-11-20 08:00:00+00:00,126.4000015258789,97.1,551.17,468.95,32.3,33.74,78.88749694824219
2025-11-20 09:00:00+00:00,126.08000183105467,96.78,549.17,467.13,32.15,33.67238037109375,78.9175033569336
2025-11-20 10:00:00+00:00,126.41999816894533,97.05,550.71,468.47,32.24,33.71,78.8375015258789
2025-11-20 11:00:00+00:00,126.1999969482422,96.88,550.11,468.13,32.19,33.67,78.8375015258789
2025-11-20 12:00:00+00:00,126.4000015258789,97.13,551.4300000000001,469.76,32.33,33.74,79.23750305175781
2025-11-20 13:00:00+00:00,126.54000091552734,97.16,552.12,469.667421875,32.25,33.74363037109375,79.26750183105469
2025-11-20 14:00:00+00:00,126.5999984741211,97.221357421875,552.33,469.83,32.31,33.69,79.44499969482422
2025-11-20 15:00:00+00:00,126.33999633789062,97.13,551.64,468.54,32.1335693359375,33.62,79.0999984741211
2025-11-20 16:00:00+00:00,125.55999755859376,97.22,547.5600000000001,464.35,31.78,33.43,78.97000122070312
2025-11-21 08:00:00+00:00,123.62000274658205,94.95,536.62,450.7951953125,30.72,32.78636962890625,78.43499755859375
2025-11-21 09:00:00+00:00,123.23999786376952,94.76,536.0600000000001,448.74,30.4710009765625,32.65,78.63249969482422
2025-11-21 10:00:00+00:00,123.36000061035156,94.71,536.08,449.71,30.55,32.64806884765625,78.37750244140625
2025-11-21 11:00:00+00:00,123.41999816894533,94.92,536.23,449.7,30.55,32.66611083984375,78.3949966430664
2025-11-21 12:00:00+00:00,123.55999755859376,94.98,537.22,450.83,30.67,32.72,78.93250274658203
2025-11-21 13:00:00+00:00,123.8000030517578,94.41,538.26,451.85,30.754580078125,32.77,79.197509765625
2025-11-21 14:00:00+00:00,123.55999755859376,94.9,536.1,450.59,30.57,32.75,79.06999969482422
2025-11-21 15:00:00+00:00,123.21199798583984,94.68,535.52,448.95,30.27,32.63,79.03250122070312
2025-11-21 16:00:00+00:00,123.63999938964844,94.98,537.54,450.47,30.504169921875,32.74,79.01750183105469
2025-11-24 08:00:00+00:00,124.87999725341795,96.03,543.53,457.27,30.92,32.96,78.9000015258789
2025-11-24 09:00:00+00:00,124.44000244140624,95.7,541.46,455.16,30.79,32.82,79.0425033569336
2025-11-24 10:00:00+00:00,124.3000030517578,95.57,540.9,454.69,30.74,32.83,78.92250061035156
2025-11-24 11:00:00+00:00,124.45999908447266,95.71,541.9,455.48921875,30.8,32.88638916015625,79.0199966430664
2025-11-24 12:00:00+00:00,124.5,95.72,542.08,455.81,30.8,32.9,79.19000244140625
2025-11-24 13:00:00+00:00,124.4800033569336,95.68,542.09,455.93,30.81,32.9,79.1449966430664
2025-11-24 14:00:00+00:00,124.8687973022461,95.94,543.38,459.54,31.01,33.05,79.24500274658203
2025-11-24 15:00:00+00:00,125.31999969482422,96.29,545.95,461.39,31.16,33.12,79.44499969482422
2025-11-24 16:00:00+00:00,125.41999816894533,96.43,546.92,462.71,31.39,33.13,79.4625015258789
2025-11-25 08:00:00+00:00,125.1999969482422,96.24,546.34,462.57,31.16,33.06,79.93000030517578
2025-11-25 09:00:00+00:00,125.0,96.11,545.37,461.44,31.03,33.0102001953125,80.14250183105469
2025-11-25 10:00:00+00:00,125.18000030517578,96.2,546.0,462.39,31.04,33.11,80.17500305175781
2025-11-25 11:00:00+00:00,125.31999969482422,96.31,546.5500000000001,462.74,31.04,33.09719970703125,80.23500061035156
2025-11-25 12:00:00+00:00,125.27999877929688,96.28,546.02,462.63,31.04,33.09,80.16000366210938
2025-11-25 13:00:00+00:00,125.16394805908205,96.22,545.3000390625,461.45,30.93,33.1197998046875,80.5374984741211
2025-11-25 14:00:00+00:00,125.0,96.06,544.12,459.62,30.8,32.93,80.07250213623047
2025-11-25 15:00:00+00:00,125.0999984741211,96.02,545.22,459.48,30.83,32.97,80.0875015258789
2025-11-25 16:00:00+00:00,125.1999969482422,96.26,545.7,459.93,30.9,32.95,80.38999938964844
2025-11-26 08:00:00+00:00,126.37879943847656,97.25,551.5600000000001,466.31,31.31,33.25,80.80500030517578
2025-11-26 09:00:00+00:00,126.26000213623048,97.1175,550.9,465.77,31.29,33.2497998046875,80.84249877929688
2025-11-26 10:00:00+00:00,126.55999755859376,97.34,552.03,466.93,31.37083984375,33.29,80.74500274658203
2025-11-26 11:00:00+00:00,126.4000015258789,97.19,550.9300000000001,466.24,31.32,33.25,81.0199966430664
2025-11-26 12:00:00+00:00,126.18000030517578,97.1,550.6,465.9,31.33,33.25,80.6875
2025-11-26 13:00:00+00:00,126.36000061035156,97.13,550.72,466.32,31.51,33.26,80.63999938964844
2025-11-26 14:00:00+00:00,126.27999877929688,97.1,551.03,465.1,31.37,33.21,80.47750854492188
2025-11-26 15:00:00+00:00,126.41999816894533,97.16,551.08,466.15,31.5,33.21989990234375,80.885009765625
2025-11-26 16:00:00+00:00,126.5199966430664,97.35,551.79,467.0,31.55,33.26,80.83500671386719
2025-11-27 08:00:00+00:00,126.49104309082033,97.32,551.71,466.87,31.54,33.2414501953125,80.87999725341797
2025-11-27 09:00:00+00:00,126.4800033569336,97.29,551.96,467.2,31.58,33.26,80.72000122070312
2025-11-27 10:00:00+00:00,126.5199966430664,97.33,551.63,467.19,31.55,33.26,80.69500732421875
2025-11-27 11:00:00+00:00,126.45999908447266,97.27,551.38,466.85,31.5,33.22,80.71499633789062
2025-11-27 12:00:00+00:00,126.44000244140624,97.265185546875,551.24,466.57,31.47,33.230000000000004,80.64750671386719
2025-11-27 13:00:00+00:00,126.27999877929688,97.21,550.9,466.31,31.48,33.2,80.65000915527344
2025-11-27 14:00:00+00:00,126.41999816894533,97.26,551.08,466.43,31.49,33.1997998046875,80.64749908447266
2025-11-27 15:00:00+00:00,126.26000213623048,97.19,550.53,465.9,31.45,33.18,80.7249984741211
2025-11-27 16:00:00+00:00,126.23999786376952,97.18,550.48,465.84,31.46,33.17,80.65000915527344
2025-11-28 08:00:00+00:00,126.9000015258789,97.72,555.11,469.54,31.71,33.1939990234375,81.125
2025-11-28 09:00:00+00:00,126.81999969482422,97.64,553.6800000000001,469.38,31.7,33.230000000000004,80.9000015258789
2025-11-28 10:00:00+00:00,126.77999877929688,97.59,553.8100000000001,469.43,31.67,33.24,80.85749816894531
2025-11-28 11:00:00+00:00,126.86000061035156,97.6,554.25,469.52,31.68,33.31,81.04499816894531
2025-11-28 12:00:00+00:00,126.83999633789062,97.63,553.8100000000001,469.39,31.70830078125,33.27510986328125,81.0999984741211
2025-11-28 13:00:00+00:00,126.66000366210938,97.48,552.4300000000001,468.35,31.62,33.27,81.2750015258789
2025-11-28 14:00:00+00:00,126.72000122070312,97.4823828125,552.34,468.2887890625,31.56,33.31,81.51499938964844
2025-11-28 15:00:00+00:00,126.77999877929688,97.56,552.5500000000001,467.98,31.53,33.29,81.59249877929688
2025-11-28 16:00:00+00:00,126.80912017822266,97.58,552.8100000000001,468.07,31.54,33.33,81.74749755859375
2025-12-01 08:00:00+00:00,126.64324188232422,97.49,551.97,467.73,31.48,33.26,82.30000305175781
2025-12-01 09:00:00+00:00,126.33999633789062,97.2,550.48,466.45,31.4,33.18,82.51000213623047
2025-12-01 10:00:00+00:00,126.4000015258789,97.32,551.0500000000001,467.1,31.46,33.21,82.63500213623047
2025-12-01 11:00:00+00:00,126.33999633789062,97.26,550.62,466.62,31.42,33.21,82.61000061035156
2025-12-01 12:00:00+00:00,125.94000244140624,96.9,548.42,464.16,31.23,33.1,82.44999694824219
2025-12-01 13:00:00+00:00,126.12000274658205,97.03,549.0500000000001,464.96,31.3,33.146999511718754,82.48249816894531
2025-12-01 14:00:00+00:00,127.45999908447266,97.42,551.54,467.51,31.45,33.29,82.32499694824219
2025-12-01 15:00:00+00:00,126.5999984741211,97.41,551.8100000000001,468.06,31.55,33.3,82.15249633789062
2025-12-01 16:00:00+00:00,126.8000030517578,97.547001953125,552.46,468.62,31.61,33.37,82.30000305175781
2025-12-02 08:00:00+00:00,126.83999633789062,97.62,552.53,469.75,31.75,33.35,81.74749755859375
2025-12-02 09:00:00+00:00,126.9000015258789,97.66,552.73,470.04,31.7785791015625,33.35,81.40249633789062
2025-12-02 10:00:00+00:00,127.21045684814452,97.89,554.54,471.53,31.89,33.410000000000004,81.25749969482422
2025-12-02 11:00:00+00:00,127.16000366210938,97.86,554.13,471.31,31.91,33.4,81.62999725341797
2025-12-02 12:00:00+00:00,127.08000183105467,97.81,553.8000000000001,471.24,31.92,33.38449951171875,81.71749877929688
2025-12-02 13:00:00+00:00,127.12000274658205,97.85759765625,554.16,471.46,31.93,33.39,81.78250122070312
2025-12-02 14:00:00+00:00,127.04000091552734,97.8,554.08,473.13,32.15,33.37,81.91500091552734
2025-12-02 15:00:00+00:00,127.27999877929688,97.97,555.38,474.27,32.18,33.38,80.9175033569336
2025-12-02 16:00:00+00:00,126.8000030517578,97.64,552.88,470.85,31.94,33.27,81.1050033569336
2025-12-03 08:00:00+00:00,126.8000030517578,97.61,552.5019921875,472.46,31.98,33.17385986328125,81.66999816894531
2025-12-03 09:00:00+00:00,126.54000091552734,97.44,551.51,471.48,31.91,33.15,81.56999969482422
2025-12-03 10:00:00+00:00,126.45999908447266,97.37,551.27,471.02,31.8774609375,33.14,81.54000091552734
2025-12-03 11:00:00+00:00,126.33999633789062,97.32,550.82,470.76,31.86,33.14,81.71499633789062
2025-12-03 12:00:00+00:00,126.45999908447266,97.38,551.25,471.03,31.91,33.160000000000004,81.80249786376953
2025-12-03 13:00:00+00:00,126.41999816894533,97.36,551.11,470.94,31.89,33.160000000000004,82.22250366210938
2025-12-03 14:00:00+00:00,126.27999877929688,96.96,548.69,467.69,31.52,33.00989990234375,81.77249908447266
2025-12-03 15:00:00+00:00,126.0199966430664,97.03,549.15,468.39,31.58,33.04,81.8499984741211
2025-12-03 16:00:00+00:00,125.91999816894533,96.97,548.64,467.92,31.5555810546875,32.980000000000004,81.89250183105469
2025-12-04 08:00:00+00:00,126.23999786376952,97.24,549.64,469.215,31.58889892578125,33.06,81.30000305175781
2025-12-04 09:00:00+00:00,126.41217041015624,97.36,550.34,470.14,31.67,33.06,81.54251098632812
2025-12-04 10:00:00+00:00,126.30232238769533,97.27,549.943515625,469.55,31.62,33.06,81.47750091552734
2025-12-04 11:00:00+00:00,126.3000030517578,97.2,549.5600000000001,468.85,31.58,33.04,81.50749969482422
2025-12-04 12:00:00+00:00,126.37999725341795,97.33,550.11890625,469.54,31.6,33.08,81.35501098632812
2025-12-04 13:00:00+00:00,126.4000015258789,97.28,550.24,469.28,31.56,33.07,81.49500274658203
2025-12-04 14:00:00+00:00,125.95999908447266,97.32,548.16,466.87,31.45,32.93,81.5425033569336
2025-12-04 15:00:00+00:00,126.0,97.09,548.34,467.07,31.55,33.0,81.6875
2025-12-04 16:00:00+00:00,126.1999969482422,97.2,548.81375,467.92,31.64,33.03,81.86499786376953
2025-12-05 08:00:00+00:00,126.6139678955078,97.5,551.155,470.630078125,31.86,33.36679931640625,81.97000122070312
2025-12-05 09:00:00+00:00,126.6999969482422,97.513876953125,551.0600000000001,470.74,31.87,33.36,81.98999786376953
2025-12-05 10:00:00+00:00,126.77999877929688,97.58,551.5,470.92,31.89,33.37,82.0199966430664
2025-12-05 11:00:00+00:00,126.73999786376952,97.58,551.67,471.0,31.89,33.36279052734375,81.9800033569336
2025-12-05 12:00:00+00:00,126.73999786376952,97.54,551.22,470.356796875,31.86550048828125,33.36,82.0875015258789
2025-12-05 13:00:00+00:00,126.44000244140624,97.3,549.88,468.62,31.73,33.31,82.2074966430664
2025-12-05 14:00:00+00:00,126.9000015258789,97.6,552.13,471.88,31.84,33.3968896484375,82.37000274658203
2025-12-05 15:00:00+00:00,126.83999633789062,97.63,552.11,471.255,31.84,33.410000000000004,82.29000091552734
2025-12-05 16:00:00+00:00,126.77999877929688,97.78,552.39,471.03,31.812880859375,33.36302001953125,81.85749816894531
2025-12-08 08:00:00+00:00,126.94000244140624,97.66,552.6,472.51,32.02,33.26,81.73500061035156
2025-12-08 09:00:00+00:00,127.04000091552734,97.77,552.94,472.84,32.01,33.3397998046875,81.68499755859375
2025-12-08 10:00:00+00:00,127.04000091552734,97.78,553.09,473.18,32.05,33.36,81.61000061035156
2025-12-08 11:00:00+00:00,126.95999908447266,97.69,552.5500000000001,472.7,32.03,33.34,81.72750854492188
2025-12-08 12:00:00+00:00,127.04000091552734,97.75,553.08,473.24,32.04,33.37,81.80079650878906
2025-12-08 13:00:00+00:00,127.0199966430664,97.720556640625,553.0550000000001,473.39,32.09,33.345,81.572509765625
2025-12-08 14:00:00+00:00,126.66000366210938,97.7,552.23,471.91,32.12,33.27,81.49250030517578
2025-12-08 15:00:00+00:00,126.41999816894533,97.365126953125,551.14,470.89,32.1,33.17,81.20500183105469
2025-12-08 16:00:00+00:00,126.58000183105467,97.41,552.25,470.87,32.160000000000004,33.17,81.42500305175781
2025-12-09 08:00:00+00:00,126.36000061035156,97.32,550.25,470.46,32.27,33.07,81.35749816894531
2025-12-09 09:00:00+00:00,126.27999877929688,97.19,549.4300000000001,469.59765625,32.21,33.08,81.56999969482422
2025-12-09 10:00:00+00:00,126.41999816894533,97.31,550.34,470.32,32.2,33.12,81.62249755859375
2025-12-09 11:00:00+00:00,126.45999908447266,97.34,550.48,470.63,32.26,33.14,81.58999633789062
2025-12-09 12:00:00+00:00,126.4800033569336,97.36919921875,550.76,470.69,32.3,33.1,81.61000061035156
2025-12-09 13:00:00+00:00,126.37091827392578,97.297001953125,550.3100000000001,470.03,32.22,33.07,81.56500244140625
2025-12-09 14:00:00+00:00,126.76000213623048,97.51,551.3100000000001,470.35,32.15,33.12,81.62000274658203
2025-12-09 15:00:00+00:00,126.77999877929688,97.62,552.07,471.8876171875,32.30239990234375,33.2,81.8324966430664
2025-12-09 16:00:00+00:00,126.6999969482422,97.55,551.84,471.51,32.27,33.19,81.80500793457031
2025-12-10 08:00:00+00:00,126.5,97.33,550.6119921875,471.9201953125,32.31,33.26341064453125,81.49749755859375
2025-12-10 09:00:00+00:00,126.4800033569336,97.317001953125,550.73,471.86,32.3,33.22,81.3949966430664
2025-12-10 10:00:00+00:00,126.36000061035156,97.18,549.9,470.89,32.24,33.22,81.40499877929688
2025-12-10 11:00:00+00:00,126.44000244140624,97.27,550.25,471.28,32.230000000000004,33.3,81.48750305175781
2025-12-10 12:00:00+00:00,126.36000061035156,97.214501953125,549.76,470.73,32.21,33.25,81.48162841796875
2025-12-10 13:00:00+00:00,126.23999786376952,97.165126953125,549.62,470.69,32.17,33.25,81.57499694824219
2025-12-10 14:00:00+00:00,126.33999633789062,97.2,549.84,469.82,32.05,33.2597998046875,81.4000015258789
2025-12-10 15:00:00+00:00,126.3000030517578,97.18,549.4,468.97,31.97492919921875,33.23865966796875,81.38999938964844
2025-12-10 16:00:00+00:00,126.45999908447266,97.3,550.09,470.06,32.045859375,33.25,81.50750732421875
2025-12-11 08:00:00+00:00,125.9800033569336,97.02,547.85,466.82,31.77,33.01,81.89749908447266
2025-12-11 09:00:00+00:00,126.16000366210938,97.15,548.67140625,467.77,31.82,33.04,81.9000015258789
2025-12-11 10:00:00+00:00,126.04000091552734,97.1,548.14,467.38,31.79,33.03,81.86250305175781
2025-12-11 11:00:00+00:00,126.16000366210938,97.15,548.75,467.41,31.81,33.03,81.73999786376953
2025-12-11 12:00:00+00:00,126.36000061035156,97.31,549.45,468.86,31.91,33.0577490234375,81.9124984741211
2025-12-11 13:00:00+00:00,126.0999984741211,97.11,547.94,467.16,31.78669921875,33.02,81.94499969482422
2025-12-11 14:00:00+00:00,125.72000122070312,96.87,545.75,462.99,31.35,32.94,82.13500213623047
2025-12-11 15:00:00+00:00,126.08000183105467,97.150595703125,547.6557421875,464.33,31.48,33.04,82.56500244140625
2025-12-11 16:00:00+00:00,126.08000183105467,97.06,547.48,463.74,31.44,33.06,82.66000366210938
2025-12-12 08:00:00+00:00,127.1999969482422,97.99,552.89,468.69,31.86,33.32,83.64219665527344
2025-12-12 09:00:00+00:00,126.95999908447266,97.79,551.64,467.28,31.72,33.27,83.83000183105469
2025-12-12 10:00:00+00:00,127.0199966430664,97.87,552.11,467.39,31.71,33.28,84.06999969482422
2025-12-12 11:00:00+00:00,126.9000015258789,97.78,551.61,466.64,31.67,33.27,84.19999694824219
2025-12-12 12:00:00+00:00,126.95999908447266,97.84,552.19,467.41,31.8,33.265869140625,84.01000213623047
2025-12-12 13:00:00+00:00,127.16000366210938,97.95,552.9833984375,468.31,31.84,33.31,84.25
2025-12-12 14:00:00+00:00,126.95999908447266,97.8,551.67,466.91,31.65,33.28241943359375,84.4574966430664
2025-12-12 15:00:00+00:00,126.12000274658205,97.31,546.62,462.12,31.27,32.97,83.27749633789062
2025-12-12 16:00:00+00:00,125.9800033569336,97.02,547.15,461.37,31.2,32.95,83.30750274658203
2025-12-15 08:00:00+00:00,126.33999633789062,97.44,548.9,462.17,31.14,33.01,84.38249969482422
2025-12-15 09:00:00+00:00,126.4800033569336,97.42,548.6705078125,462.27640625,31.16,33.02,84.3324966430664
2025-12-15 10:00:00+00:00,126.5999984741211,97.5,549.27,462.76,31.19,33.05,84.2699966430664
2025-12-15 11:00:00+00:00,126.62000274658205,97.52,549.04,462.85,31.2,33.06,84.31500244140625
2025-12-15 12:00:00+00:00,126.55999755859376,97.48,548.82,462.6,31.18,33.04,84.33999633789062
2025-12-15 13:00:00+00:00,126.55999755859376,97.47,549.1800000000001,463.21,31.22,33.04,84.08000183105469
2025-12-15 14:00:00+00:00,126.12000274658205,97.06,546.346171875,460.03,30.86,32.9297998046875,83.92500305175781
2025-12-15 15:00:00+00:00,125.9000015258789,96.9,545.39,458.86,30.78,32.910000000000004,83.82499694824219
2025-12-15 16:00:00+00:00,126.26000213623048,97.21,547.34,460.95046875,30.97,33.02,83.39250183105469
2025-12-16 08:00:00+00:00,125.37999725341795,96.6,543.52,455.32,30.52,32.57,83.19750213623047
2025-12-16 09:00:00+00:00,125.0,96.36,542.3,454.38,30.45,32.49,83.0875015258789
2025-12-16 10:00:00+00:00,125.13999938964844,96.42,542.98,455.08,30.52,32.52,83.0250015258789
2025-12-16 11:00:00+00:00,125.1999969482422,96.47,543.17,455.615546875,30.57,32.5,83.05999755859375
2025-12-16 12:00:00+00:00,125.1999969482422,96.49,543.11,455.6,30.55,32.480000000000004,83.37000274658203
2025-12-16 13:00:00+00:00,125.18000030517578,96.45,543.02,455.0094921875,30.53,32.49,83.6449966430664
2025-12-16 14:00:00+00:00,125.18000030517578,96.46,543.21,457.02,30.67,32.5,83.94249725341797
2025-12-16 15:00:00+00:00,125.13999938964844,96.44,542.94,456.8,30.63,32.480000000000004,83.84249877929688
2025-12-16 16:00:00+00:00,124.8000030517578,96.11,540.88,454.83,30.49,32.39,83.61499786376953
2025-12-17 08:00:00+00:00,126.0199966430664,97.1,547.22,461.78,30.95,32.82,83.83499908447266
2025-12-17 09:00:00+00:00,126.19246673583984,97.19,548.14,462.53,30.97,32.87,83.80750274658203
2025-12-17 10:00:00+00:00,126.13999938964844,97.23,548.08,462.67,31.03,32.86,83.8125
2025-12-17 11:00:00+00:00,126.1999969482422,97.19,548.41,463.0,31.07,32.86,83.80500030517578
2025-12-17 12:00:00+00:00,125.9884033203125,97.07453125,547.5500000000001,462.39,31.03,32.84,83.80999755859375
2025-12-17 13:00:00+00:00,125.86000061035156,96.95,546.62,461.59,30.92,32.8,84.29499816894531
2025-12-17 14:00:00+00:00,125.6999969482422,96.82,545.36,459.15,30.71,32.79,84.22250366210938
2025-12-17 15:00:00+00:00,124.58000183105467,96.0,539.9478125,452.91,30.24,32.425458984375,84.01000213623047
2025-12-17 16:00:00+00:00,124.63999938964844,96.04,540.33,453.46,30.25,32.46,83.93000030517578
2025-12-18 08:00:00+00:00,124.86000061035156,96.08,541.01,454.41,30.41,32.61,83.99749755859375
2025-12-18 09:00:00+00:00,125.10954284667967,96.28,542.1,455.47,30.49,32.6610107421875,83.94000244140625
2025-12-18 10:00:00+00:00,125.04000091552734,96.19,541.73,454.88,30.44488037109375,32.614528808593754,83.95249938964844
2025-12-18 11:00:00+00:00,125.12000274658205,96.27,542.17,455.27,30.47,32.65,83.96499633789062
2025-12-18 12:00:00+00:00,124.62000274658205,95.92,540.01,453.74,30.36,32.53,83.89250183105469
2025-12-18 13:00:00+00:00,124.76000213623048,96.03,540.6800000000001,455.0,30.46,32.59909912109375,84.19999694824219
2025-12-18 14:00:00+00:00,125.08000183105467,96.3,542.26,456.22,30.42,32.67969970703125,84.05000305175781
2025-12-18 15:00:00+00:00,125.5999984741211,96.721923828125,544.74,458.75,30.6,32.77,84.16999816894531
2025-12-18 16:00:00+00:00,125.67060089111328,96.69,544.54,458.3294921875,30.6,32.799619140625,84.76499938964844
2025-12-19 08:00:00+00:00,125.63999938964844,96.71,544.35,459.55,30.78,32.84,83.9800033569336
2025-12-19 09:00:00+00:00,125.63999938964844,96.69,544.32,459.56,30.76,32.87,84.02749633789062
2025-12-19 10:00:00+00:00,125.55999755859376,96.61,543.87,459.19,30.72,32.84985107421875,84.01249694824219
2025-12-19 11:00:00+00:00,125.54000091552734,96.61,543.87,459.05,30.72,32.87,83.99500274658203
2025-12-19 12:00:00+00:00,125.4000015258789,96.48,543.09,458.02,30.64,32.86,83.98750305175781
2025-12-19 13:00:00+00:00,125.4800033569336,96.58,543.47,458.76,30.67,32.89,84.05999755859375
2025-12-19 14:00:00+00:00,126.27999877929688,97.03,546.6701171875001,463.26,31.115390625,33.08403076171875,84.09750366210938
2025-12-19 15:00:00+00:00,126.27999877929688,97.13,546.8000000000001,461.96,30.98,33.09,84.4000015258789
2025-12-19 16:00:00+00:00,126.26000213623048,97.22,547.3000000000001,462.5,31.02,33.1051708984375,84.3949966430664
2025-12-22 08:00:00+00:00,126.0999984741211,97.07,546.89,463.637734375,31.23,33.04,85.56500244140625
2025-12-22 09:00:00+00:00,126.12000274658205,97.09,547.3000000000001,464.02,31.27,33.05632080078125,85.6449966430664
2025-12-22 10:00:00+00:00,126.04000091552734,97.02,546.84,463.540546875,31.25,33.05,85.6150131225586
2025-12-22 11:00:00+00:00,125.94000244140624,96.99,546.7,463.26,31.25,33.05,85.61000061035156
2025-12-22 12:00:00+00:00,126.05699920654295,97.07,547.1540625,464.13,31.29,33.08,85.70249938964844
2025-12-22 13:00:00+00:00,126.13999938964844,97.1,547.21,464.2,31.32,33.08,85.84750366210938
2025-12-22 14:00:00+00:00,126.0,97.07,547.0862890625,463.57,31.21,33.07,85.7874984741211
2025-12-22 15:00:00+00:00,126.0199966430664,97.06,546.67,462.39,31.13,33.02,86.0425033569336
2025-12-22 16:00:00+00:00,126.23999786376952,96.99,547.5600000000001,463.14,31.16,33.05,86.15249633789062
2025-12-23 08:00:00+00:00,125.93665313720705,96.99,545.67,460.99,31.04,32.92,87.1624984741211
2025-12-23 09:00:00+00:00,126.08000183105467,97.06,546.22,461.63,31.07,32.96,86.9375
2025-12-23 10:00:00+00:00,125.95999908447266,97.01193359375,545.71,461.07,31.03,32.92,87.04251098632812
2025-12-23 11:00:00+00:00,126.05999755859376,97.01,545.85,461.21,31.03,32.96,87.20500183105469
2025-12-23 12:00:00+00:00,126.04000091552734,97.03,545.74,461.01,31.01,32.980000000000004,87.08499908447266
2025-12-23 13:00:00+00:00,125.87999725341795,96.87,545.04,460.4,30.95,32.92,86.91000366210938
2025-12-23 14:00:00+00:00,126.22000122070312,97.19,547.0500000000001,461.8,31.05,32.97,86.29000091552734
2025-12-23 15:00:00+00:00,126.4000015258789,97.3,548.01,462.7,31.19,33.03008056640625,86.5425033569336
2025-12-23 16:00:00+00:00,126.4000015258789,97.32,548.02,462.91,31.26,33.04,86.61000061035156
2025-12-24 08:00:00+00:00,126.23999786376952,97.14662109375,547.17,462.37,31.2285693359375,33.081689453125,87.04750061035156
2025-12-24 09:00:00+00:00,126.26000213623048,97.18,547.25,462.43,31.25722900390625,33.14,87.2249984741211
2025-12-24 10:00:00+00:00,126.31999969482422,97.2,547.35,462.67,31.26,33.13,87.1875
2025-12-24 11:00:00+00:00,126.31999969482422,97.19,547.47,462.71,31.25800048828125,33.1435595703125,87.21420288085938
2025-12-29 08:00:00+00:00,126.58000183105467,97.4,549.033828125,462.8,31.32,33.31,86.61250305175781
2025-12-29 09:00:00+00:00,126.66000366210938,97.44,549.25,463.07,31.32,33.28,86.79499816894531
2025-12-29 10:00:00+00:00,126.58000183105467,97.48,549.5600000000001,462.39,31.28,33.3,86.7072982788086
2025-12-29 11:00:00+00:00,126.68000030517578,97.45,549.3741796875,463.26,31.32,33.300810546875,86.27999877929688
2025-12-29 12:00:00+00:00,126.64810180664062,97.415732421875,549.3000000000001,463.12,31.29,33.3,86.66999816894531
2025-12-29 13:00:00+00:00,126.4562530517578,97.28,548.1800000000001,461.61,31.23,33.24,85.8375015258789
2025-12-29 14:00:00+00:00,126.41999816894533,97.2,547.75,461.86,31.24,33.22,84.6875
2025-12-29 15:00:00+00:00,126.44000244140624,97.25,547.78,461.79,31.24,33.2,84.0
2025-12-29 16:00:00+00:00,126.37999725341795,97.23,547.9300000000001,462.09,31.27,33.230000000000004,84.17250061035156
2025-12-30 08:00:00+00:00,126.4665298461914,97.23,547.9300000000001,462.03,31.3,33.29,84.73500061035156
2025-12-30 09:00:00+00:00,126.4800033569336,97.23,547.71,461.84,31.27,33.32,84.90249633789062
2025-12-30 10:00:00+00:00,126.41999816894533,97.19,547.13,461.4,31.25,33.33,85.11499786376953
2025-12-30 11:00:00+00:00,126.5999984741211,97.34,547.95,462.16,31.27,33.37,85.12999725341797
2025-12-30 12:00:00+00:00,126.68000030517578,97.38,548.19,462.25,31.32,33.410000000000004,85.39250183105469
2025-12-30 13:00:00+00:00,126.76000213623048,97.44,548.5600000000001,462.04,31.32,33.44,85.18250274658203
2025-12-30 14:00:00+00:00,126.91999816894533,97.56,549.54,463.61,31.37,33.480000000000004,84.73249816894531
2025-12-30 15:00:00+00:00,126.91999816894533,97.53,549.09,463.4480078125,31.41,33.47,84.78500366210938
2025-12-30 16:00:00+00:00,127.04000091552734,97.64,549.61,463.95,31.42,33.5,84.83000183105469
2025-12-31 08:00:00+00:00,126.73999786376952,97.43,549.0,461.76,31.25,33.49,83.56749725341797
2025-12-31 09:00:00+00:00,126.72000122070312,97.4,548.45,461.73,31.26,33.46,84.0
2025-12-31 10:00:00+00:00,126.72000122070312,97.38,548.92,461.92,31.27,33.52,83.62000274658203
2025-12-31 11:00:00+00:00,126.6999969482422,97.341259765625,548.51,461.85,31.3,33.52,83.69999694824219
2026-01-02 08:00:00+00:00,127.3000030517578,97.49,548.52,463.6455078125,31.45,34.08091064453125,85.1875
2026-01-02 09:00:00+00:00,127.27999877929688,97.61,548.87,464.12,31.44,34.09,85.14250183105469
2026-01-02 10:00:00+00:00,127.24488067626952,97.57,549.0600000000001,464.21,31.48,34.1,85.36000061035156
2026-01-02 11:00:00+00:00,127.36000061035156,97.690927734375,549.25,464.4769921875,31.51,34.15,85.27749633789062
2026-01-02 12:00:00+00:00,127.23999786376952,97.65,549.13,463.76,31.45,34.15,85.29000091552734
2026-01-02 13:00:00+00:00,127.16000366210938,97.55,548.22,463.12,31.43,34.09,84.69000244140625
2026-01-02 14:00:00+00:00,127.18000030517578,97.55,548.34,463.63,31.54,34.18,84.53500366210938
2026-01-02 15:00:00+00:00,126.27999877929688,96.79,543.0,456.0,30.98,34.03,84.14750671386719
2026-01-02 16:00:00+00:00,126.36000061035156,96.84,543.48,456.57,31.02,34.04,83.90339660644531
2026-01-05 08:00:00+00:00,127.54000091552734,97.75,548.87,461.1,31.31,34.53449951171875,86.00499725341797
2026-01-05 09:00:00+00:00,127.37999725341795,97.61,547.7594921875,460.55,31.29,34.53,86.0824966430664
2026-01-05 10:00:00+00:00,127.27999877929688,97.59,547.48,460.74,31.32,34.47,86.0999984741211
2026-01-05 11:00:00+00:00,127.31999969482422,97.55,547.72,461.0887890625,31.32,34.46012939453125,85.80999755859375
2026-01-05 12:00:00+00:00,127.31999969482422,97.58,547.759453125,461.03,31.36,34.4493896484375,85.59750366210938
2026-01-05 13:00:00+00:00,127.37999725341795,97.63,548.11,461.58,31.37,34.42,85.74749755859375
2026-01-05 14:00:00+00:00,127.45999908447266,97.72,549.63,460.98,31.15,34.35,86.12249755859375
2026-01-05 15:00:00+00:00,127.54000091552734,97.76,548.21,461.38,31.15,34.46,86.36000061035156
2026-01-05 16:00:00+00:00,127.5,97.7532421875,548.0600000000001,461.35,31.13,34.45,86.22000122070312
2026-01-06 08:00:00+00:00,127.05999755859376,97.49,545.176640625,458.08,30.84,34.5,86.75
2026-01-06 09:00:00+00:00,127.22000122070312,97.36,546.11,458.8,30.89,34.52,86.32250213623047
2026-01-06 10:00:00+00:00,127.27999877929688,97.44,546.32,459.14,30.93,34.5327197265625,86.44500732421875
2026-01-06 11:00:00+00:00,127.37999725341795,97.58,546.89,459.67,30.96,34.58,86.6449966430664
2026-01-06 12:00:00+00:00,127.55999755859376,97.74,547.6800000000001,460.67,31.0,34.63,86.63500213623047
2026-01-06 13:00:00+00:00,127.5,97.67,547.04,459.9,30.97,34.64,86.73750305175781
2026-01-06 14:00:00+00:00,127.87999725341795,97.92,548.83,461.97,31.12,34.7902001953125,87.1500015258789
2026-01-06 15:00:00+00:00,127.86000061035156,97.93,548.822734375,462.02,31.09,34.77,86.86750030517578
2026-01-06 16:00:00+00:00,127.9000015258789,97.84,549.0,461.89,31.09,34.79,87.00749969482422
2026-01-07 08:00:00+00:00,128.09225463867188,98.28,550.99,463.33,31.1,34.730000000000004,86.7249984741211
2026-01-07 09:00:00+00:00,128.1199951171875,98.19,551.03,463.23,31.11,34.72,86.67749786376953
2026-01-07 10:00:00+00:00,128.10000610351562,98.185498046875,550.6800000000001,463.0,31.08,34.71,86.67250061035156
2026-01-07 11:00:00+00:00,128.1199951171875,98.17,550.96,463.42,31.1,34.71,86.31749725341797
2026-01-07 12:00:00+00:00,128.16000366210938,98.23,551.38,463.62,31.14,34.72,86.31500244140625
2026-01-07 13:00:00+00:00,128.17999267578125,98.27,551.63,464.01,31.11,34.71,86.42500305175781
2026-01-07 14:00:00+00:00,128.16000366210938,98.23,551.04,465.17203125,31.26,34.6,86.29000091552734
2026-01-07 15:00:00+00:00,128.32000732421875,98.403203125,552.73,466.63,31.39,34.71,86.30000305175781
2026-01-07 16:00:00+00:00,128.33612060546875,98.39,552.502578125,466.48,31.38,34.72,86.52249908447266
2026-01-08 08:00:00+00:00,128.1199951171875,98.2,551.34,465.98,31.28,34.6,86.03250122070312
2026-01-08 09:00:00+00:00,128.0800018310547,98.175498046875,551.08,465.78,31.24800048828125,34.63,86.04499816894531
2026-01-08 10:00:00+00:00,127.94000244140624,98.12,551.44,465.47,31.22,34.62,86.06999969482422
2026-01-08 11:00:00+00:00,128.0,98.13,550.79,465.49,31.21,34.63,85.84249877929688
2026-01-08 12:00:00+00:00,128.02000427246094,98.16,550.76,465.8,31.21,34.63,85.94999694824219
2026-01-08 13:00:00+00:00,128.1999969482422,98.25,552.3100000000001,466.74,31.25,34.6651708984375,85.87000274658203
2026-01-08 14:00:00+00:00,128.0800018310547,98.3,551.34,462.9230859375,30.8,34.660000000000004,86.11750030517578
2026-01-08 15:00:00+00:00,128.2476348876953,98.31,552.2,464.2,30.83,34.640270996093754,86.42250061035156
2026-01-08 16:00:00+00:00,128.16000366210938,98.3,552.0500000000001,463.38,30.76,34.62,86.45249938964844
2026-01-09 08:00:00+00:00,128.4199981689453,98.48,552.77,464.85,30.92,34.64,86.71749877929688
2026-01-09 09:00:00+00:00,128.6199951171875,98.63,553.77,465.92,30.98,34.7,86.79499816894531
2026-01-09 10:00:00+00:00,128.66000366210938,98.63,553.76,466.08,31.0,34.72,86.80000305175781
2026-01-09 11:00:00+00:00,128.66000366210938,98.66,553.72,466.22,31.0,34.74,86.88999938964844
2026-01-09 12:00:00+00:00,128.67999267578125,98.68,553.6800000000001,466.1,30.99,34.71,86.70249938964844
2026-01-09 13:00:00+00:00,128.77999877929688,98.75,554.17,466.57,31.01,34.74006103515625,86.95249938964844
2026-01-09 14:00:00+00:00,129.0800018310547,98.78,554.49,465.81,30.94,34.81626953125,87.24250793457031
2026-01-09 15:00:00+00:00,129.02000427246094,98.95,554.59,467.28,31.03,34.82,87.58000183105469
2026-01-09 16:00:00+00:00,129.22000122070312,99.12,555.94,468.55,31.13,34.86,87.43250274658203
2026-01-12 08:00:00+00:00,128.4600067138672,98.62,550.88,463.26,30.76,34.81,89.2300033569336
2026-01-12 09:00:00+00:00,128.55999755859375,98.55,551.2480078125,463.93,30.81,34.84,89.0625
2026-01-12 10:00:00+00:00,128.44000244140625,98.42,550.5,463.5,30.77,34.800000000000004,89.17500305175781
2026-01-12 11:00:00+00:00,128.53013610839844,98.52,551.25,464.22,30.83,34.83,88.99749755859375
2026-01-12 12:00:00+00:00,128.57745361328125,98.54,551.65,464.59,30.87,34.83,89.08000183105469
2026-01-12 13:00:00+00:00,128.45701599121094,98.48,550.9300000000001,463.95,30.84,34.82,89.60749816894531
2026-01-12 14:00:00+00:00,128.97999572753906,98.88,553.88,466.91,31.13,34.95,89.36499786376953
2026-01-12 15:00:00+00:00,129.1199951171875,98.47,553.884140625,467.08,31.15,35.08,89.73001098632812
2026-01-12 16:00:00+00:00,129.22000122070312,98.97,554.44,467.63,31.19,35.09,89.71749877929688
2026-01-13 08:00:00+00:00,129.0399932861328,98.88,554.38,466.99,31.11,34.89,89.16000366210938
2026-01-13 09:00:00+00:00,129.0,98.842998046875,554.21,466.93,31.08,34.9514501953125,89.0413818359375
2026-01-13 10:00:00+00:00,128.97999572753906,98.83,554.29,466.68,31.09,34.96,89.0199966430664
2026-01-13 11:00:00+00:00,129.0800018310547,98.92,554.75,467.04,31.09,34.99,89.06749725341797
2026-01-13 12:00:00+00:00,129.1199951171875,98.93,554.84,467.38,31.11,34.99,89.13500213623047
2026-01-13 13:00:00+00:00,129.2175750732422,98.91,555.17,468.22,31.21,35.027490234375,89.50749969482422
2026-01-13 14:00:00+00:00,129.24000549316406,98.97,555.3000000000001,468.5037890625,31.2,35.09,89.90750122070312
2026-01-13 15:00:00+00:00,129.36000061035156,99.05,555.48,468.02,31.21,35.14,89.67250061035156
2026-01-13 16:00:00+00:00,129.3000030517578,99.09,555.36,468.5033984375,31.24,35.15,89.25
2026-01-14 08:00:00+00:00,129.22000122070312,98.98,554.14,467.14,31.11,35.16093994140625,89.95999908447266
2026-01-14 09:00:00+00:00,129.1199951171875,98.94,553.69,466.73,31.06,35.160000000000004,89.86250305175781
2026-01-14 10:00:00+00:00,128.83999633789062,98.73,552.54,464.86,30.93,35.02,89.8949966430664
2026-01-14 11:00:00+00:00,128.8000030517578,98.73,552.65,465.11,30.97,35.0,89.87249755859375
2026-01-14 12:00:00+00:00,128.94000244140625,98.78,552.92,465.65,31.01,35.03,90.05999755859375
2026-01-14 13:00:00+00:00,128.89999389648438,98.75,552.72,465.38,31.0,35.0014990234375,89.97250366210938
2026-01-14 14:00:00+00:00,128.6199951171875,98.5,552.01,461.17,30.72,35.06,89.65000915527344
2026-01-14 15:00:00+00:00,128.39999389648438,98.3,549.35,460.33,30.59,35.050000000000004,89.63999938964844
2026-01-14 16:00:00+00:00,128.6999969482422,98.58,551.08,462.05,30.68,35.15,89.7074966430664
2026-01-15 08:00:00+00:00,129.36000061035156,99.02,553.6800000000001,465.37,30.94,35.300000000000004,89.38500213623047
2026-01-15 09:00:00+00:00,129.5800018310547,98.99,554.503984375,466.74,31.07,35.46069091796875,89.50250244140625
2026-01-15 10:00:00+00:00,129.8000030517578,99.28,555.35,467.47,31.13,35.56,89.68250274658203
2026-01-15 11:00:00+00:00,129.77999877929688,99.31,555.61,467.96,31.2,35.54,89.66000366210938
2026-01-15 12:00:00+00:00,129.9600067138672,99.4,556.2,468.58,31.2,35.550000000000004,89.56749725341797
2026-01-15 13:00:00+00:00,130.17999267578125,99.67,558.07,470.49,31.38,35.57,89.05000305175781
2026-01-15 14:00:00+00:00,130.3000030517578,99.65,558.25,470.21,31.39800048828125,35.58,89.51499938964844
2026-01-15 15:00:00+00:00,130.3000030517578,99.63,558.1852734375,469.75,31.33,35.65,89.59249877929688
2026-01-15 16:00:00+00:00,130.32000732421875,99.7,558.28,470.15,31.3443505859375,35.69,89.55500030517578
2026-01-16 08:00:00+00:00,130.0,99.52580078125,557.38,468.46,31.21,35.480000000000004,89.37249755859375
2026-01-16 09:00:00+00:00,129.94000244140625,99.48,557.08,468.33,31.1973193359375,35.44,89.31500244140625
2026-01-16 10:00:00+00:00,129.9372100830078,99.48,556.92,468.63,31.25,35.46,89.30249786376953
2026-01-16 11:00:00+00:00,129.80441284179688,99.37,556.14,468.32,31.2,35.4385009765625,89.52999877929688
2026-01-16 12:00:00+00:00,129.86000061035156,99.39,556.46,468.36,31.21,35.45,89.31749725341797
2026-01-16 13:00:00+00:00,129.75999450683594,99.35,556.3000000000001,468.3,31.21,35.42,89.32749938964844
2026-01-16 14:00:00+00:00,129.58743286132812,99.2,555.42,466.68296875,31.13,35.33,89.44999694824219
2026-01-16 15:00:00+00:00,129.66000366210938,99.35,556.1,466.33,31.14,35.3093603515625,88.75
2026-01-16 16:00:00+00:00,129.82000732421875,99.44,556.57,467.0,31.17,35.32,89.11750030517578
2026-01-19 08:00:00+00:00,128.8000030517578,98.46,550.39,460.1,30.64,35.410000000000004,90.5374984741211
2026-01-19 09:00:00+00:00,128.4199981689453,98.15,548.47,458.38,30.5,35.37,90.60749816894533
2026-01-19 10:00:00+00:00,128.33999633789062,98.07,548.24,458.0,30.47,35.34449951171875,90.572509765625
2026-01-19 11:00:00+00:00,128.44000244140625,98.14,548.6,458.37,30.47,35.37,90.51080322265624
2026-01-19 12:00:00+00:00,128.60000610351562,98.26,549.3000000000001,459.15,30.56,35.42,90.69499969482422
2026-01-19 13:00:00+00:00,128.5399932861328,98.23,548.6800000000001,458.7,30.52,35.42,90.57250213623048
2026-01-19 14:00:00+00:00,128.44000244140625,98.15,548.17,458.42,30.4760205078125,35.380200195312504,90.59249877929688
2026-01-19 15:00:00+00:00,128.44000244140625,98.12,548.33,458.51,30.49166015625,35.4,90.72000122070312
2026-01-19 16:00:00+00:00,128.33999633789062,98.06,548.0,458.43,30.51,35.38,90.69249725341795
2026-01-20 08:00:00+00:00,127.13999938964844,97.174501953125,542.99,454.52,30.23,34.96675048828125,91.822509765625
2026-01-20 09:00:00+00:00,126.88170623779295,97.04,540.58,453.358828125,30.14,34.81,91.87000274658205
2026-01-20 10:00:00+00:00,127.05999755859376,97.14,543.05,453.89,30.19,34.88,91.74500274658205
2026-01-20 11:00:00+00:00,127.25140380859376,97.34,544.26,454.94,30.29,34.96,91.8625030517578
2026-01-20 12:00:00+00:00,127.5999984741211,97.56,545.87,456.57,30.38,35.03,91.7699966430664
2026-01-20 13:00:00+00:00,127.33999633789062,97.375498046875,544.62,455.66,30.31,34.910000000000004,91.95249938964844
2026-01-20 14:00:00+00:00,127.5199966430664,97.49,545.72,457.18,30.4,35.04,92.0
2026-01-20 15:00:00+00:00,127.81999969482422,97.73,546.4300000000001,458.17,30.41,35.13,91.90750122070312
2026-01-20 16:00:00+00:00,127.76000213623048,97.72,546.27,458.189375,30.43,35.13030029296875,92.03500366210938
2026-01-21 08:00:00+00:00,127.4800033569336,97.4,543.94,455.93,30.22,35.2,94.20999908447266
2026-01-21 09:00:00+00:00,127.4000015258789,97.36,543.91,455.71,30.2,35.26,94.3499984741211
2026-01-21 10:00:00+00:00,127.58000183105467,97.44,544.45,456.2,30.26,35.2781298828125,94.37750244140624
2026-01-21 11:00:00+00:00,127.22000122070312,97.16,542.54,454.23,30.08,35.230000000000004,94.4499969482422
2026-01-21 12:00:00+00:00,127.2335968017578,97.18,542.41,454.33,30.15,35.230000000000004,94.4124984741211
2026-01-21 13:00:00+00:00,127.12000274658205,97.12,541.61,454.05,30.08,35.22,94.66500091552734
2026-01-21 14:00:00+00:00,127.91999816894533,97.7,545.621015625,457.96,30.3,35.410000000000004,94.16500091552734
2026-01-21 15:00:00+00:00,128.44000244140625,98.1,548.518125,461.14,30.48,35.57,94.09750366210938
2026-01-21 16:00:00+00:00,128.32000732421875,97.98,547.85,460.736484375,30.43,35.550000000000004,93.93250274658205
2026-01-22 08:00:00+00:00,129.22000122070312,98.75,552.47,465.51,30.74,35.69,93.77749633789062
2026-01-22 09:00:00+00:00,129.0399932861328,98.75,551.8000000000001,464.84,30.73,35.66617919921875,93.62249755859376
2026-01-22 10:00:00+00:00,129.02000427246094,98.6,551.66,464.54,30.68,35.65,93.7249984741211
2026-01-22 11:00:00+00:00,129.13999938964844,98.69,552.1705859375,465.1,30.68,35.67,93.79750061035156
2026-01-22 12:00:00+00:00,129.17999267578125,98.69,552.19,465.29,30.73,35.71,93.53250122070312
2026-01-22 13:00:00+00:00,129.33999633789062,98.84,553.27,466.35,30.7825390625,35.79,93.59098052978516
2026-01-22 14:00:00+00:00,128.8800048828125,98.46,550.15,462.6019921875,30.5,35.660400390625,93.9250030517578
2026-01-22 15:00:00+00:00,128.72000122070312,98.38,549.89,462.0,30.47,35.74902099609375,94.5250015258789
2026-01-22 16:00:00+00:00,128.83999633789062,98.38,549.9300000000001,462.66,30.53,35.74,94.66500091552734
2026-01-23 08:00:00+00:00,128.3800048828125,98.11,548.42,461.19,30.36,35.5,95.375
2026-01-23 09:00:00+00:00,127.94000244140624,97.77,546.4580078125,459.55,30.23,35.401669921875,95.46499633789062
2026-01-23 10:00:00+00:00,128.0,97.81,546.64,459.85,30.25,35.410000000000004,95.70500183105467
2026-01-23 11:00:00+00:00,128.17568969726562,97.919833984375,547.49,460.65,30.4,35.480000000000004,95.55249786376952
2026-01-23 12:00:00+00:00,128.1199951171875,97.94,547.5600000000001,460.76,30.4,35.49,95.87999725341795
2026-01-23 13:00:00+00:00,127.9000015258789,97.79,546.6,459.74,30.27,35.38028076171875,95.88500213623048
2026-01-23 14:00:00+00:00,128.0800018310547,97.86,547.12,460.92,30.34,35.45,95.9499969482422
2026-01-23 15:00:00+00:00,128.16000366210938,97.834296875,547.64,463.04,30.55,35.46,96.28500366210938
2026-01-23 16:00:00+00:00,128.02000427246094,97.85,546.83,462.11,30.51,35.44,96.72000122070312
2026-01-26 08:00:00+00:00,127.5,97.36,542.83,458.08,30.19,35.4,98.63500213623048
2026-01-26 09:00:00+00:00,127.12000274658205,97.04,540.91,455.83,30.08,35.27,98.68000030517578
2026-01-26 10:00:00+00:00,127.23999786376952,97.13,541.44,456.35,30.13,35.34,98.80999755859376
2026-01-26 11:00:00+00:00,127.31999969482422,97.18,541.74,456.89,30.16,35.37,98.82749938964844
2026-01-26 12:00:00+00:00,127.4800033569336,97.32,542.52,457.69,30.23,35.37,98.55500030517578
2026-01-26 13:00:00+00:00,127.54000091552734,97.4,543.15,457.91,30.27,35.38,98.375
2026-01-26 14:00:00+00:00,127.76000213623048,97.57,543.99,459.01,30.42,35.45,98.91500091552734
2026-01-26 15:00:00+00:00,127.73999786376952,97.57,543.69,459.23,30.42,35.45,98.83000183105467
2026-01-26 16:00:00+00:00,127.6999969482422,97.49,544.04,459.8,30.45,35.42,98.48999786376952
2026-01-27 08:00:00+00:00,128.22000122070312,97.84,546.38,462.26,30.67,35.67,98.62001037597656
2026-01-27 09:00:00+00:00,128.10000610351562,97.71,545.14,461.1613671875,30.6,35.730000000000004,98.98001098632812
2026-01-27 10:00:00+00:00,128.10000610351562,97.73,545.29,461.69,30.67,35.74,98.71749877929688
2026-01-27 11:00:00+00:00,128.05999755859375,97.68,545.117890625,461.94,30.66,35.72,98.56749725341795
2026-01-27 12:00:00+00:00,127.87999725341795,97.53,543.63,460.47,30.59,35.70449951171875,98.70500183105467
2026-01-27 13:00:00+00:00,127.95999908447266,97.57,543.6,460.4,30.6,35.735,98.58999633789062
2026-01-27 14:00:00+00:00,127.83999633789062,97.45,543.03,460.48,30.66,35.660000000000004,98.09249877929688
2026-01-27 15:00:00+00:00,128.1199951171875,97.6775,544.3,461.3,30.75550048828125,35.77,98.8000030517578
2026-01-27 16:00:00+00:00,128.0800018310547,97.63,543.95,460.99,30.79,35.78,98.96499633789062
2026-01-28 08:00:00+00:00,128.13999938964844,97.6,544.1730078125,463.8,31.03,36.16,102.76000213623048
2026-01-28 09:00:00+00:00,128.17999267578125,97.61,544.4,463.7,31.02,36.1589990234375,102.44499969482422
2026-01-28 10:00:00+00:00,128.17999267578125,97.62,544.4300000000001,464.16,31.07,36.19,102.30999755859376
2026-01-28 11:00:00+00:00,128.27999877929688,97.7,545.2,464.9,31.08,36.18969970703125,102.08000183105467
2026-01-28 12:00:00+00:00,127.83999633789062,97.37,543.52,463.5,30.9952392578125,36.11830078125,102.43499755859376
2026-01-28 13:00:00+00:00,128.0,97.49,544.46,464.15,30.93,36.127451171875,102.18499755859376
2026-01-28 14:00:00+00:00,127.90596771240234,97.49,544.35,463.51,30.84,36.02,102.61499786376952
2026-01-28 15:00:00+00:00,127.58000183105467,97.22,542.62,461.59,30.74,35.89,102.5
2026-01-28 16:00:00+00:00,127.72000122070312,97.38,543.34,462.47,30.835310058593752,35.96,102.63500213623048
2026-01-29 08:00:00+00:00,127.9000015258789,97.306396484375,542.89,462.44,30.55,36.1,106.93499755859376
2026-01-29 09:00:00+00:00,127.9000015258789,97.42,543.05,462.14,30.51,36.03,107.04000091552734
2026-01-29 10:00:00+00:00,127.95999908447266,97.45,543.46,462.45,30.51,35.99,106.47750854492188
2026-01-29 11:00:00+00:00,128.0,97.52,543.33,462.16,30.5,36.01,107.19500732421876
2026-01-29 12:00:00+00:00,127.81999969482422,97.40775390625,542.62,461.19,30.44,36.03,107.38999938964844
2026-01-29 13:00:00+00:00,128.02000427246094,97.55,543.1910546875,461.78,30.46,36.08,106.93499755859376
2026-01-29 14:00:00+00:00,127.12000274658205,96.739248046875,538.13,455.3580078125,29.99,35.9,106.68499755859376
2026-01-29 15:00:00+00:00,126.45999908447266,96.37,536.3,452.29,29.6,35.52,100.65750122070312
2026-01-29 16:00:00+00:00,126.5999984741211,96.5,537.15,453.84,29.75,35.65,102.68499755859376
2026-01-30 08:00:00+00:00,126.91999816894533,96.65,538.641484375,455.45,30.0,35.63,99.27749633789062
2026-01-30 09:00:00+00:00,126.87999725341795,96.74,538.71,455.48,29.98,35.53,97.33999633789062
2026-01-30 10:00:00+00:00,127.0,96.78,539.02,456.07,30.01,35.61,99.34750366210938
2026-01-30 11:00:00+00:00,127.32952117919922,97.05,540.37,457.11,30.13,35.75011962890625,99.69750213623048
2026-01-30 12:00:00+00:00,127.3000030517578,97.028017578125,540.2730859375,457.14,30.14,35.6626611328125,98.29000091552734
2026-01-30 13:00:00+00:00,127.3000030517578,97.04,540.608984375,457.35,30.17,35.67,97.39250183105467
2026-01-30 14:00:00+00:00,127.45999908447266,97.12,541.26,457.73,30.15,35.72,97.68000030517578
2026-01-30 15:00:00+00:00,127.4800033569336,97.29,542.59,458.6,30.2189990234375,35.7,98.0
2026-01-30 16:00:00+00:00,127.23999786376952,97.14,541.78,457.86,30.15,35.56,96.9600067138672
2026-02-02 08:00:00+00:00,126.62000274658205,96.7,539.96,451.71,29.64,34.900600585937504,90.0824966430664
2026-02-02 09:00:00+00:00,126.66000366210938,96.73,539.09,451.93,29.65,34.99,91.61499786376952
2026-02-02 10:00:00+00:00,126.63999938964844,96.72,539.1800000000001,451.38,29.62,34.9506298828125,91.32749938964844
2026-02-02 11:00:00+00:00,126.94000244140624,96.93,540.51,452.12,29.72,35.09,92.50749969482422
2026-02-02 12:00:00+00:00,127.08000183105467,97.11,541.29,453.16,29.83,35.17,93.05751037597656
2026-02-02 13:00:00+00:00,127.44000244140624,97.34,543.26,455.23,29.94,35.25,91.3499984741211
2026-02-02 14:00:00+00:00,127.58000183105467,97.57,544.9055078125,458.78,30.13,35.33,91.6624984741211
2026-02-02 15:00:00+00:00,128.3800048828125,98.16,548.21,461.52,30.35,35.46,89.62249755859375
2026-02-02 16:00:00+00:00,128.4600067138672,98.1,547.868828125,461.71,30.35,35.5,90.6875
2026-02-03 08:00:00+00:00,128.74000549316406,98.42,547.86,462.0,30.34,35.9,95.34040069580078
2026-02-03 09:00:00+00:00,128.69068908691406,98.23,548.131328125,462.53,30.34,35.89,95.4250030517578
2026-02-03 10:00:00+00:00,128.67999267578125,98.26,548.53,462.74,30.35,35.92,95.1374969482422
2026-02-03 11:00:00+00:00,128.72000122070312,98.254501953125,548.59,462.73,30.36,35.89,95.41999816894533
2026-02-03 12:00:00+00:00,128.6199951171875,98.13,548.1075,462.27,30.35,35.95,95.40750122070312
2026-02-03 13:00:00+00:00,128.66000366210938,98.11,548.23,462.54,30.34,36.0,95.75749969482422
2026-02-03 14:00:00+00:00,128.02000427246094,97.78,545.7869140625,456.6,29.72,35.82,95.47250366210938
2026-02-03 15:00:00+00:00,127.86000061035156,97.59,543.87,455.19,29.59,35.86,95.78250122070312
2026-02-03 16:00:00+00:00,127.62000274658205,97.37,542.5600000000001,453.33,29.44,35.79,96.5374984741211
2026-02-04 08:00:00+00:00,127.54000091552734,97.17,540.51,450.96,29.34,35.92,98.66000366210938
2026-02-04 09:00:00+00:00,127.63999938964844,97.235380859375,541.05,451.17,29.35,35.89,98.23999786376952
2026-02-04 10:00:00+00:00,127.72119903564452,97.38,541.53,451.8694140625,29.44,35.92,98.0225067138672
2026-02-04 11:00:00+00:00,128.05999755859375,97.57,542.6,452.51,29.46,35.97,98.0
2026-02-04 12:00:00+00:00,127.79499053955078,97.39,541.55,450.91,29.37,35.92,97.80750274658205
2026-02-04 13:00:00+00:00,127.81622314453124,97.39,541.29,450.22,29.26,35.92,98.1750030517578
2026-02-04 14:00:00+00:00,127.62000274658205,97.32,540.76,448.46,29.2,35.77,96.8000030517578
2026-02-04 15:00:00+00:00,127.91999816894533,97.52,542.01,448.11,29.11,35.74,95.4375
2026-02-04 16:00:00+00:00,127.85711669921876,97.47,542.175703125,448.1,29.13,35.61,95.6050033569336
2026-02-05 08:00:00+00:00,127.83999633789062,97.41,542.1800000000001,447.76,29.27,35.62,95.37999725341795
2026-02-05 09:00:00+00:00,128.05999755859375,97.63,544.05,449.27,29.38,35.68,94.2750015258789
2026-02-05 10:00:00+00:00,128.02000427246094,97.55,543.3344921875,448.74,29.35,35.6402001953125,94.63500213623048
2026-02-05 11:00:00+00:00,127.94000244140624,97.49,542.95,447.95,29.26,35.6,94.49500274658205
2026-02-05 12:00:00+00:00,127.4800033569336,97.11,541.01,444.59,29.01,35.44,94.1374969482422
2026-02-05 13:00:00+00:00,127.22000122070312,96.94,539.62,444.0,28.99,35.43,93.75
2026-02-05 14:00:00+00:00,127.77999877929688,97.24,540.91,445.653984375,29.0,35.67,94.09249877929688
2026-02-05 15:00:00+00:00,127.12000274658205,96.81,538.24,443.23,28.87,35.52,93.50499725341795
2026-02-05 16:00:00+00:00,127.41999816894533,97.09,540.0600000000001,445.7612109375,29.065,35.67,94.14250183105467
2026-02-06 08:00:00+00:00,126.9000015258789,96.7,537.1,441.35,28.79,35.49,94.3625030517578
2026-02-06 09:00:00+00:00,127.3000030517578,96.99,536.67,443.983515625,29.04,35.64,94.53500366210938
2026-02-06 10:00:00+00:00,127.44000244140624,97.12,539.28,444.8,29.13,35.7,94.58999633789062
2026-02-06 11:00:00+00:00,127.6999969482422,97.3,540.48,445.83,29.2002001953125,35.730000000000004,94.87000274658205
2026-02-06 12:00:00+00:00,127.41999816894533,97.040400390625,538.97,444.2466015625,29.1,35.638500976562504,95.08999633789062
2026-02-06 13:00:00+00:00,127.58000183105467,97.18,539.55,444.5,29.15,35.76,95.6500015258789
2026-02-06 14:00:00+00:00,127.9800033569336,97.17,541.2455468750001,444.898984375,29.34,35.9,96.05999755859376
2026-02-06 15:00:00+00:00,128.05999755859375,97.55,541.5600000000001,445.38,29.37,35.9,95.9000015258789
2026-02-06 16:00:00+00:00,128.25999450683594,97.73,542.91,447.22,29.56,35.96,95.82250213623048
2026-02-09 08:00:00+00:00,129.22000122070312,98.45,546.8100000000001,450.74,29.79,36.225830078125,97.58000183105467
2026-02-09 09:00:00+00:00,129.0,98.3,545.87,449.3805078125,29.67,36.15,97.1750030517578
2026-02-09 10:00:00+00:00,128.72000122070312,98.14,544.77,448.24,29.59,36.02820068359375,96.85250091552734
2026-02-09 11:00:00+00:00,128.47999572753906,97.95,543.62,447.44,29.53,36.02,97.25
2026-02-09 12:00:00+00:00,128.47999572753906,97.93,543.28,447.6,29.55,36.01,97.29750061035156
2026-02-09 13:00:00+00:00,128.5399932861328,98.06,544.1800000000001,447.63,29.58,36.0410009765625,97.19750213623048
2026-02-09 14:00:00+00:00,128.86000061035156,98.2,544.44,448.4908984375,29.92,36.31,97.82250213623048
2026-02-09 15:00:00+00:00,129.16000366210938,98.42,545.97,450.91,30.04,36.35,98.18000030517578
2026-02-09 16:00:00+00:00,129.25999450683594,98.57,546.48,451.88,30.14,36.36,98.47250366210938
2026-02-10 08:00:00+00:00,129.47999572753906,98.66,546.3100000000001,451.56,30.09,36.35,97.8000030517578
2026-02-10 09:00:00+00:00,129.63999938964844,98.78,546.73,452.13,30.12,36.3918310546875,97.94000244140624
2026-02-10 10:00:00+00:00,129.63999938964844,98.78,546.8000000000001,452.1,30.14,36.41,97.98500061035156
2026-02-10 11:00:00+00:00,129.72000122070312,98.8,547.1487890625,452.39,30.17,36.43,98.0999984741211
2026-02-10 12:00:00+00:00,129.22000122070312,98.45,545.02,451.14,30.1,36.25,97.6999969482422
2026-02-10 13:00:00+00:00,129.4199981689453,98.59,545.84,451.78,30.13,36.35,98.0
2026-02-10 14:00:00+00:00,129.8000030517578,98.91,547.22,452.46,30.19,36.4,97.8324966430664
2026-02-10 15:00:00+00:00,129.72000122070312,98.86,547.1,452.23,30.19,36.41,97.40249633789062
2026-02-10 16:00:00+00:00,129.6199951171875,98.77,546.8100000000001,451.95,30.13,36.41,97.3625030517578
2026-02-11 08:00:00+00:00,129.5,98.57,544.7,449.47,29.96,36.53,98.10250854492188
2026-02-11 09:00:00+00:00,129.32000732421875,98.49,544.0,448.51,29.85,36.51,98.2699966430664
2026-02-11 10:00:00+00:00,129.27999877929688,98.4,543.24,447.97,29.84,36.51,98.87000274658205
2026-02-11 11:00:00+00:00,129.36000061035156,98.52,543.9300000000001,448.7,29.92,36.5,99.2249984741211
2026-02-11 12:00:00+00:00,129.5,98.62,544.61,449.74,29.95,36.58,98.66500091552734
2026-02-11 13:00:00+00:00,130.36000061035156,99.09,548.9300000000001,454.4,30.34027099609375,36.75,98.32749938964844
2026-02-11 14:00:00+00:00,129.94000244140625,98.87,546.7511328125,451.456484375,30.11,36.79,98.20249938964844
2026-02-11 15:00:00+00:00,129.82000732421875,98.78,546.23,451.43,30.15,36.76,98.20249938964844
2026-02-11 16:00:00+00:00,129.66000366210938,98.68,545.36,450.1,30.01,36.74,98.2249984741211
2026-02-12 08:00:00+00:00,130.32000732421875,99.14,547.663984375,453.12,30.19,37.06,98.39749908447266
2026-02-12 09:00:00+00:00,130.3000030517578,99.0733984375,547.42,452.85,30.17,37.1,98.4749984741211
2026-02-12 10:00:00+00:00,130.2912139892578,99.11009765625,547.41,453.08,30.15,37.14,98.23999786376952
2026-02-12 11:00:00+00:00,130.275634765625,99.06,547.425625,452.97,30.19,37.13,98.2874984741211
2026-02-12 12:00:00+00:00,130.36000061035156,99.13,547.9,453.53,30.21,37.119599609375,98.06999969482422
2026-02-12 13:00:00+00:00,130.36000061035156,99.11,547.71,453.46,30.2,37.15,98.5
2026-02-12 14:00:00+00:00,129.77328491210938,98.68,545.1905078125,449.82,29.86,36.95,97.89749908447266
2026-02-12 15:00:00+00:00,129.32000732421875,98.25,542.57,446.58,29.61,36.92,98.20500183105467
2026-02-12 16:00:00+00:00,128.60000610351562,97.75,539.92,444.16,29.38,36.55695068359375,94.99112701416016
2026-02-13 08:00:00+00:00,128.32000732421875,97.44,537.582890625,443.4,29.37,36.63,96.72250366210938
2026-02-13 09:00:00+00:00,128.3000030517578,97.46,537.78,443.37,29.39,36.6089990234375,96.48249816894533
2026-02-13 10:00:00+00:00,128.16000366210938,97.34,537.3,442.75,29.32,36.54,96.0625
2026-02-13 11:00:00+00:00,128.25999450683594,97.43,537.59,443.05,29.34,36.55,96.09249877929688
2026-02-13 12:00:00+00:00,128.10000610351562,97.4,537.37,442.4,29.34,36.5,96.41500091552734
2026-02-13 13:00:00+00:00,128.36000061035156,97.51521484375,537.96,443.1635546875,29.37,36.52,96.7699966430664
2026-02-13 14:00:00+00:00,128.0,97.265986328125,536.5600000000001,442.09,29.13,36.29,96.97250366210938
2026-02-13 15:00:00+00:00,128.60000610351562,97.73,539.11,444.44,29.26,36.53,96.5875015258789
2026-02-13 16:00:00+00:00,128.6999969482422,97.74,539.35,444.5,29.2155810546875,36.63,97.58000183105467
2026-02-16 08:00:00+00:00,128.60000610351562,97.67,539.13,444.6,29.25,36.89,97.22969818115234
2026-02-16 09:00:00+00:00,128.75999450683594,97.75,539.83,445.14,29.31,36.8789990234375,97.375
2026-02-16 10:00:00+00:00,128.60000610351562,97.61,539.0600000000001,444.2808203125,29.23593017578125,36.83,97.19190216064452
2026-02-16 11:00:00+00:00,128.6199951171875,97.63,539.2449609375,444.34,29.22,36.79,97.1449966430664
2026-02-16 12:00:00+00:00,128.66000366210938,97.64,539.3,444.48,29.24,36.83,97.07250213623048
2026-02-16 13:00:00+00:00,128.60000610351562,97.71,539.58,444.36,29.25,36.78,96.97250366210938
2026-02-16 14:00:00+00:00,128.33999633789062,97.49,538.19,442.9405078125,29.17,36.8,96.79750061035156
2026-02-16 15:00:00+00:00,128.16000366210938,97.36,537.29,441.56,29.04,36.69,96.6475067138672
2026-02-16 16:00:00+00:00,128.36000061035156,97.46,537.98,442.21,29.17,36.71,96.75250244140624
2026-02-17 08:00:00+00:00,128.52000427246094,97.55,538.25,442.27,29.04,36.75,95.52999877929688
2026-02-17 09:00:00+00:00,128.6199951171875,97.655888671875,538.73,442.93,29.1,36.79,95.62000274658205
2026-02-17 10:00:00+00:00,128.27999877929688,97.4,537.42,441.39,28.94,36.67,95.36000061035156
2026-02-17 11:00:00+00:00,128.6697998046875,97.63,539.1800000000001,442.776640625,29.06,36.7535009765625,95.66999816894533
2026-02-17 12:00:00+00:00,128.52000427246094,97.63,538.8,442.42,29.05,36.75,95.72750091552734
2026-02-17 13:00:00+00:00,128.83999633789062,97.86,540.0,443.8308203125,29.11,36.78,94.55500030517578
2026-02-17 14:00:00+00:00,128.39999389648438,97.57,538.35,441.36,28.97,36.5697900390625,94.36499786376952
2026-02-17 15:00:00+00:00,128.86000061035156,97.91,540.22,444.22,29.29,36.67,94.68499755859376
2026-02-17 16:00:00+00:00,129.24659729003906,98.21,542.32,445.77,29.42,36.849599609375,94.79750061035156
2026-02-18 08:00:00+00:00,129.66000366210938,98.52,543.79,447.58,29.62,36.95053955078125,95.43000030517578
2026-02-18 09:00:00+00:00,129.6999969482422,98.54,543.6800000000001,447.47,29.63,36.98,95.44249725341795
2026-02-18 10:00:00+00:00,129.83999633789062,98.55,544.14,447.92,29.62,36.99,95.41999816894533
2026-02-18 11:00:00+00:00,129.63999938964844,98.49,543.27,447.3,29.58,36.96,95.35250091552734
2026-02-18 12:00:00+00:00,129.55999755859375,98.44,542.9300000000001,447.14,29.59,36.95,95.91999816894533
2026-02-18 13:00:00+00:00,129.5800018310547,98.39,542.79,446.79,29.58,36.9389990234375,96.0875015258789
2026-02-18 14:00:00+00:00,130.0399932861328,98.86,545.0,449.34,29.73,37.02,96.89250183105467
2026-02-18 15:00:00+00:00,130.47999572753906,99.1,546.5936328125,451.56,29.94,37.20614990234375,96.97250366210938
2026-02-18 16:00:00+00:00,130.32000732421875,99.03,546.37,451.79,29.98,37.23,96.97000122070312
2026-02-19 08:00:00+00:00,130.3000030517578,98.98,546.16,450.72,29.86,37.16,97.3625030517578
2026-02-19 09:00:00+00:00,130.05999755859375,98.87,545.55,449.55,29.78,37.1,96.98500061035156
2026-02-19 10:00:00+00:00,130.0399932861328,98.84,545.58,449.51,29.77,37.12,96.91000366210938
2026-02-19 11:00:00+00:00,130.32000732421875,99.01,546.88,450.67,29.83,37.17,96.74250030517578
2026-02-19 12:00:00+00:00,130.33999633789062,99.02,547.078984375,450.71,29.86,37.18464111328125,96.7624969482422
2026-02-19 13:00:00+00:00,130.22059631347656,98.94,546.32,450.24,29.78,37.15,96.97750091552734
2026-02-19 14:00:00+00:00,130.4600067138672,99.19,547.9331640625,451.4153125,29.9,37.13,97.197509765625
2026-02-19 15:00:00+00:00,130.52000427246094,99.01,547.82,451.79,29.91,37.17,97.30249786376952
2026-02-19 16:00:00+00:00,130.4600067138672,99.1,547.23,451.3298046875,29.8751611328125,37.17,96.93060302734376
2026-02-20 08:00:00+00:00,130.8000030517578,99.39,548.9300000000001,452.31,29.91,37.28,97.6125030517578
2026-02-20 09:00:00+00:00,130.63999938964844,99.24849609375,547.95,451.69,29.89,37.27,97.57250213623048
2026-02-20 10:00:00+00:00,130.4199981689453,99.1,546.87,450.81,29.79,37.23,97.69249725341795
2026-02-20 11:00:00+00:00,130.3000030517578,98.97,545.88,449.591328125,29.7,37.1958203125,97.39250183105467
2026-02-20 12:00:00+00:00,130.24000549316406,98.91,545.83,449.58,29.69,37.2,97.5425033569336
2026-02-20 13:00:00+00:00,130.0,98.73,545.15,448.14,29.57,37.15,97.8874969482422
2026-02-20 14:00:00+00:00,130.4600067138672,98.98,546.53,450.7519921875,29.76,37.34,98.0749969482422
2026-02-20 15:00:00+00:00,131.02000427246094,99.44,548.65,453.8,30.0,37.65,97.85749816894533
2026-02-20 16:00:00+00:00,130.67999267578125,99.21,547.49,451.6349609375,29.84,37.64,98.06999969482422
2026-02-23 08:00:00+00:00,130.52000427246094,99.01,545.83,450.0,29.69,37.61,99.75
2026-02-23 09:00:00+00:00,130.8000030517578,99.214599609375,547.6,451.24,29.75,37.66862060546875,99.91999816894533
2026-02-23 10:00:00+00:00,130.74000549316406,99.21,547.4019921875,450.98,29.74,37.638349609375,100.1875
2026-02-23 11:00:00+00:00,130.75999450683594,99.21,547.47,450.85,29.71,37.62,99.9800033569336
2026-02-23 12:00:00+00:00,130.63999938964844,99.12,546.86,450.51,29.7,37.609169921875,100.22250366210938
2026-02-23 13:00:00+00:00,130.67999267578125,99.15,547.0,450.38,29.7,37.61,99.87249755859376
2026-02-23 14:00:00+00:00,130.5800018310547,99.09,545.95,449.85,29.75,37.73,100.75250244140624
2026-02-23 15:00:00+00:00,130.02000427246094,98.65,543.75,447.37,29.52,37.51,100.84750366210938
2026-02-23 16:00:00+00:00,130.05999755859375,98.66658203125,543.76078125,447.62,29.58,37.5097998046875,101.21499633789062
2026-02-24 08:00:00+00:00,130.0800018310547,98.82349609375,544.38,448.53,29.67,37.7258203125,100.4175033569336
2026-02-24 09:00:00+00:00,130.24000549316406,98.72,544.7,448.94,29.69,37.79,100.39749908447266
2026-02-24 10:00:00+00:00,130.27999877929688,98.75,544.83125,449.11,29.67,37.82,100.39250183105467
2026-02-24 11:00:00+00:00,130.3800048828125,98.81,545.0,449.13,29.69,37.84,100.38249969482422
2026-02-24 12:00:00+00:00,130.13999938964844,98.63,543.8475,448.93,29.62,37.81,99.9875030517578
2026-02-24 13:00:00+00:00,130.39999389648438,98.84,544.9694921875,450.09,29.72,37.8414990234375,99.24749755859376
2026-02-24 14:00:00+00:00,130.32000732421875,98.72,544.32,449.58,29.68,37.89,99.53500366210938
2026-02-24 15:00:00+00:00,130.47999572753906,98.87,545.4,450.8805078125,29.8144091796875,38.01,99.95999908447266
2026-02-24 16:00:00+00:00,130.5,98.69,545.05,450.87,29.78,38.04,99.84249877929688
2026-02-25 08:00:00+00:00,131.1199951171875,99.33,547.52,452.68,29.88,38.2,100.64250183105467
2026-02-25 09:00:00+00:00,131.16000366210938,99.35,547.79,452.75,29.91,38.1927099609375,100.79499816894533
2026-02-25 10:00:00+00:00,131.17999267578125,99.34,547.77,452.7051171875,29.89,38.26,100.43250274658205
2026-02-25 11:00:00+00:00,131.4600067138672,99.55,549.09,454.0,30.0,38.3368798828125,100.55500030517578
2026-02-25 12:00:00+00:00,131.36000061035156,99.44,548.59,453.64,29.96,38.39,100.56999969482422
2026-02-25 13:00:00+00:00,131.52000427246094,99.54,549.09,454.3,30.04,38.4,100.65499877929688
2026-02-25 14:00:00+00:00,131.52000427246094,99.62,549.75,457.33,30.33,38.35,100.73999786376952
2026-02-25 15:00:00+00:00,131.3800048828125,99.52,548.7805078125,456.07,30.26,38.22,100.80750274658205
2026-02-25 16:00:00+00:00,131.44000244140625,99.62,549.37,456.06,30.28,38.27,100.95800018310548
2026-02-26 08:00:00+00:00,131.83999633789062,99.82,550.67,457.59,30.4,38.44,100.53751373291016
2026-02-26 09:00:00+00:00,131.9199981689453,99.87,551.0787109375,458.00578125,30.43,38.5,100.67749786376952
2026-02-26 10:00:00+00:00,131.6999969482422,99.77,550.38,457.35,30.36,38.37,100.30500030517578
2026-02-26 11:00:00+00:00,131.89999389648438,99.87,550.8651953125,457.62,30.38,38.4,100.22250366210938
2026-02-26 12:00:00+00:00,131.6999969482422,99.77,550.4766015625,457.14,30.36595947265625,38.35,100.5999984741211
2026-02-26 13:00:00+00:00,131.86000061035156,99.93,551.46,457.81,30.41,38.33,100.30500030517578
2026-02-26 14:00:00+00:00,131.3000030517578,99.5,548.568828125,454.036484375,29.95,37.98,100.29750061035156
2026-02-26 15:00:00+00:00,131.1999969482422,99.5,547.16,451.513515625,29.71,37.99,100.61000061035156
2026-02-26 16:00:00+00:00,131.3800048828125,99.57,545.0,452.86,29.83,38.02,100.53500366210938
2026-02-27 08:00:00+00:00,131.74000549316406,99.82,548.45,453.45,29.84,38.1364990234375,100.51499938964844
2026-02-27 09:00:00+00:00,131.6199951171875,99.8,548.51,453.24,29.82,38.09,100.44750213623048
2026-02-27 10:00:00+00:00,131.60000610351562,99.76,548.21,452.88,29.77,38.0989990234375,100.49250030517578
2026-02-27 11:00:00+00:00,131.5800018310547,99.72,547.8079296875001,452.42,29.7,38.09,100.62000274658205
2026-02-27 12:00:00+00:00,131.4199981689453,99.6,546.9294921875,451.48,29.63,38.03,100.68499755859376
2026-02-27 13:00:00+00:00,131.36000061035156,99.59,547.3100000000001,451.8,29.58,37.95,101.38500213623048
2026-02-27 14:00:00+00:00,131.1199951171875,99.34,545.89,451.59,29.45,37.93,101.3874969482422
2026-02-27 15:00:00+00:00,131.66000366210938,99.21,548.66,453.696171875,29.6,38.16,101.6999969482422
2026-02-27 16:00:00+00:00,131.5399932861328,99.68,547.72,452.98,29.51319091796875,38.11,101.60501098632812
2026-03-02 08:00:00+00:00,130.4600067138672,98.99,545.1800000000001,449.34,29.02,37.51,104.68251037597656
2026-03-02 09:00:00+00:00,130.6199951171875,98.75,546.01,449.77,28.98,37.52,104.66560363769533
2026-03-02 10:00:00+00:00,130.3800048828125,98.93,545.07,449.1,28.955625,37.45,104.54000091552734
2026-03-02 11:00:00+00:00,130.32000732421875,98.88,544.82,449.39,29.026298828125,37.44,104.4625015258789
2026-03-02 12:00:00+00:00,130.13999938964844,98.74,544.86,448.98,28.96,37.265,104.74749755859376
2026-03-02 13:00:00+00:00,130.10000610351562,98.75,545.92,448.93,29.0,37.27,104.69750213623048
2026-03-02 14:00:00+00:00,130.5800018310547,99.0728515625,547.45,452.64,29.44,37.49777099609375,103.50749969482422
2026-03-02 15:00:00+00:00,130.9600067138672,98.8,550.17,455.0025,29.56,37.45,103.1750030517578
2026-03-02 16:00:00+00:00,130.9600067138672,99.46,549.42,454.1173046875,29.56,37.44196044921875,103.07250213623048
2026-03-03 08:00:00+00:00,129.1199951171875,98.27,546.26,450.07,29.2,36.38,102.78500366210938
2026-03-03 09:00:00+00:00,128.6199951171875,98.09,545.5,449.11,29.15,36.0375,102.32250213623048
2026-03-03 10:00:00+00:00,128.66000366210938,98.0505859375,545.77,449.3655859375,29.19,35.96,101.84500122070312
2026-03-03 11:00:00+00:00,128.8000030517578,98.52,546.19,449.870703125,29.22,36.09,99.88249969482422
2026-03-03 12:00:00+00:00,128.97999572753906,98.27,546.49,450.63,29.32,36.13,101.41500091552734
2026-03-03 13:00:00+00:00,128.52000427246094,97.94849609375,545.26,449.75,29.24,35.83,100.125
2026-03-03 14:00:00+00:00,127.9800033569336,97.63,544.25,450.16,29.32,35.34,97.75
2026-03-03 15:00:00+00:00,127.85399627685548,97.53,543.13,448.763359375,29.26,35.5,98.8874969482422
2026-03-03 16:00:00+00:00,128.5399932861328,98.0,546.2,451.56,29.4439501953125,35.74950927734375,99.2699966430664
2026-03-04 08:00:00+00:00,128.55999755859375,98.17,546.64,451.1980078125,29.36,35.31,100.3000030517578
2026-03-04 09:00:00+00:00,128.9600067138672,98.46,547.54,452.37,29.53,35.660000000000004,100.51499938964844
2026-03-04 10:00:00+00:00,129.33999633789062,98.67,548.1,454.5,29.63,35.7706591796875,100.75250244140624
2026-03-04 11:00:00+00:00,129.1999969482422,98.58,547.5,452.88,29.54,35.71,100.76499938964844
2026-03-04 12:00:00+00:00,129.36000061035156,98.64,548.17,453.53,29.56,35.84,100.35250091552734
2026-03-04 13:00:00+00:00,129.6199951171875,98.84,549.22,454.79,29.69,35.94,100.3000030517578
2026-03-04 14:00:00+00:00,129.24000549316406,98.6,547.96,454.78,29.61,35.78662109375,99.93250274658205
2026-03-04 15:00:00+00:00,130.13999938964844,99.26,551.69,459.13,29.88,36.12949951171875,99.96499633789062
2026-03-04 16:00:00+00:00,129.97999572753906,99.13,551.67,458.8801953125,29.86,36.09,99.88249969482422
2026-03-05 08:00:00+00:00,129.86000061035156,99.02,551.7316015625,459.18,29.97,36.00550048828125,100.2750015258789
2026-03-05 09:00:00+00:00,130.10000610351562,99.23,551.79,459.55,30.02,36.14,100.1999969482422
2026-03-05 10:00:00+00:00,130.05999755859375,99.22,551.69,459.44,30.02,36.12,100.24500274658205
2026-03-05 11:00:00+00:00,129.89999389648438,99.18,551.4,459.27,29.97,36.06,100.1875
2026-03-05 12:00:00+00:00,129.60000610351562,98.93,550.39,458.18,29.9,35.93,100.21499633789062
2026-03-05 13:00:00+00:00,129.32000732421875,98.69,549.87,457.576484375,29.8277099609375,35.71,99.30500030517578
2026-03-05 14:00:00+00:00,129.83999633789062,98.78,552.14,459.89,30.13,35.95,98.99500274658205
2026-03-05 15:00:00+00:00,129.27999877929688,98.7,550.62,459.83,30.15,35.57,99.01499938964844
2026-03-05 16:00:00+00:00,128.83999633789062,98.38,549.59,458.64,30.08,35.37,98.30249786376952
2026-03-06 08:00:00+00:00,129.24000549316406,98.51,548.53328125,458.27,30.01,35.99,99.15249633789062
2026-03-06 09:00:00+00:00,128.74000549316406,98.17,547.51,456.74,29.89,35.68,98.8499984741211
2026-03-06 10:00:00+00:00,128.74000549316406,98.19,547.9300000000001,456.83,29.88,35.7,98.74250793457033
2026-03-06 11:00:00+00:00,128.36000061035156,97.88,546.35,455.89,29.77,35.52,98.54251098632812
2026-03-06 12:00:00+00:00,128.17999267578125,97.79,545.9300000000001,455.09,29.76,35.410000000000004,98.6675033569336
2026-03-06 13:00:00+00:00,127.1999969482422,97.0805078125,542.58,451.57,29.52,35.09,98.6999969482422
2026-03-06 14:00:00+00:00,126.8000030517578,96.84,540.811015625,452.54,29.71,35.050000000000004,99.55500030517578
2026-03-06 15:00:00+00:00,127.4800033569336,97.34,543.495703125,454.78,29.86,35.262600097656254,99.79000091552734
2026-03-06 16:00:00+00:00,127.21769714355467,97.05,541.37,453.0,29.75,35.21,99.79000091552734
2026-03-09 08:00:00+00:00,125.72000122070312,95.84,535.96,445.92,29.08,34.69,98.9124984741211
2026-03-09 09:00:00+00:00,126.18000030517578,96.18,537.23,447.31,29.18,34.86,99.08000183105467
2026-03-09 10:00:00+00:00,125.8000030517578,95.92,535.76,446.25,29.13,34.68,98.79000091552734
2026-03-09 11:00:00+00:00,125.8000030517578,95.96,536.02,446.31,29.12,34.64,98.75749969482422
2026-03-09 12:00:00+00:00,125.73999786376952,95.89,535.64,446.17,29.12,34.59,98.875
2026-03-09 13:00:00+00:00,125.54000091552734,95.7,534.313515625,445.3552734375,29.19,34.71,98.58000183105467
2026-03-09 14:00:00+00:00,126.16000366210938,95.88,536.481171875,448.276953125,29.42,34.89,98.8949966430664
2026-03-09 15:00:00+00:00,126.5,96.38,537.6745703125,449.73,29.51,35.160000000000004,99.0124969482422
2026-03-09 16:00:00+00:00,126.68000030517578,96.46,538.49,450.28,29.6,35.12,99.0749969482422
2026-03-10 08:00:00+00:00,128.24000549316406,97.7021875,543.49515625,455.45,29.9,35.82,100.62999725341795
2026-03-10 09:00:00+00:00,128.32000732421875,97.72,543.46,455.59,29.88,35.85,100.61000061035156
2026-03-10 10:00:00+00:00,128.25599670410156,97.64,543.28,455.39,29.87,35.79845947265625,100.42749786376952
2026-03-10 11:00:00+00:00,127.85399627685548,97.38,541.59,453.87,29.76,35.68,100.40249633789062
2026-03-10 12:00:00+00:00,127.76000213623048,97.7,541.35,453.78,29.74,35.68,100.63999938964844
2026-03-10 13:00:00+00:00,127.45999908447266,97.1,540.45,453.778046875,29.71,35.59,101.00250244140624
2026-03-10 14:00:00+00:00,128.52000427246094,97.8,540.82,456.18,29.94,36.1,101.04000091552734
2026-03-10 15:00:00+00:00,128.55999755859375,97.85,544.3605078125,456.62,29.99,36.1,101.4800033569336
2026-03-10 16:00:00+00:00,128.44000244140625,97.76,544.27,456.3637890625,29.97,36.02,101.5250015258789
2026-03-11 08:00:00+00:00,127.66000366210938,97.17,541.9300000000001,454.655,29.9,35.81,100.6750030517578
2026-03-11 09:00:00+00:00,127.44000244140624,97.03,541.34,453.71,29.84,35.68,100.70249938964844
2026-03-11 10:00:00+00:00,127.81999969482422,97.32,542.34,454.62,29.92,35.83,100.66500091552734
2026-03-11 11:00:00+00:00,127.5999984741211,97.12,541.79,454.29,29.87,35.69,100.50250244140624
2026-03-11 12:00:00+00:00,127.5999984741211,97.14,542.08,454.98,29.93,35.660000000000004,100.27999877929688
2026-03-11 13:00:00+00:00,127.9800033569336,97.41,543.23,456.63,30.09,35.89,100.34249877929688
2026-03-11 14:00:00+00:00,128.04080200195312,97.45,542.8188671875,456.32,30.04,35.95,100.57749938964844
2026-03-11 15:00:00+00:00,127.54000091552734,97.07,541.16,454.87,29.95,35.75,100.3324966430664
2026-03-11 16:00:00+00:00,127.5199966430664,97.03,541.14,454.87,29.91,35.71,100.28500366210938
2026-03-12 08:00:00+00:00,127.58000183105467,97.12,541.39,454.22,29.94,35.75,100.5
2026-03-12 09:00:00+00:00,127.62000274658205,97.13,541.25,454.53,29.95,35.785229492187504,100.6999969482422
2026-03-12 10:00:00+00:00,127.4800033569336,97.0,540.6800000000001,453.79,29.91,35.76,100.58000183105467
2026-03-12 11:00:00+00:00,127.31999969482422,96.95,540.303125,453.3,29.89,35.71,100.49749755859376
2026-03-12 12:00:00+00:00,127.27999877929688,96.93,540.16,453.43,29.88,35.63,100.54750061035156
2026-03-12 13:00:00+00:00,126.66000366210938,96.49,537.89,450.86,29.59,35.14,100.0250015258789
2026-03-12 14:00:00+00:00,126.5999984741211,96.44,538.3303906250001,450.38,29.65,35.0,99.81749725341795
2026-03-12 15:00:00+00:00,126.8000030517578,96.64,539.23,451.447109375,29.76,35.09,99.5625
2026-03-12 16:00:00+00:00,126.73999786376952,96.64,538.681171875,450.91,29.76,35.03323974609375,99.64250183105467
2026-03-13 08:00:00+00:00,126.72000122070312,96.62,539.7,451.67,29.77,35.13,98.65750122070312
2026-03-13 09:00:00+00:00,126.86000061035156,96.7,540.1,451.97,29.8,35.160000000000004,98.78500366210938
2026-03-13 10:00:00+00:00,127.36000061035156,97.04,541.32,453.45,29.9,35.35,98.88500213623048
2026-03-13 11:00:00+00:00,127.66000366210938,97.277919921875,542.78765625,454.58,29.97,35.38,99.11000061035156
2026-03-13 12:00:00+00:00,127.66000366210938,97.28,542.47,454.26,30.0,35.47,99.33499908447266
2026-03-13 13:00:00+00:00,127.81999969482422,97.35,543.17,454.9330078125,29.94,35.56,98.97250366210938
2026-03-13 14:00:00+00:00,126.83999633789062,96.72,539.91,451.6391015625,29.66,35.21,97.94249725341795
2026-03-13 15:00:00+00:00,126.6999969482422,96.553681640625,538.9143750000001,450.44,29.54,35.14,97.822509765625
2026-03-13 16:00:00+00:00,126.81999969482422,96.66681640625,539.73,451.22,29.57,35.15,97.76750183105467
2026-03-16 08:00:00+00:00,126.91999816894533,96.63,539.89,452.26,29.63,35.36,96.85250091552734
2026-03-16 09:00:00+00:00,126.73999786376952,96.51,539.16,451.82,29.6,35.4,96.56749725341795
2026-03-16 10:00:00+00:00,127.23999786376952,96.88,540.59,452.87,29.69,35.53,97.0
2026-03-16 11:00:00+00:00,127.26000213623048,96.87,540.4058203125,453.01,29.71445068359375,35.57,96.95500183105467
2026-03-16 12:00:00+00:00,127.4800033569336,96.98,541.1,453.67,29.74,35.69,97.4275131225586
2026-03-16 13:00:00+00:00,127.8000030517578,97.24,541.89,454.04,29.79,35.85,97.56500244140624
2026-03-16 14:00:00+00:00,127.68000030517578,97.12,541.3100000000001,453.7094921875,29.76375,35.800000000000004,96.94000244140624
2026-03-16 15:00:00+00:00,127.4000015258789,97.04,540.37,453.44,29.83,35.72,96.77999877929688
2026-03-16 16:00:00+00:00,127.26000213623048,96.862783203125,539.98,452.75,29.77,35.64,96.65249633789062
2026-03-17 08:00:00+00:00,126.94000244140624,96.54400390625,537.76,450.12,29.56,35.74,97.45999908447266
2026-03-17 09:00:00+00:00,127.31999969482422,96.83,538.94,451.3359765625,29.63,35.833889160156254,97.28250122070312
2026-03-17 10:00:00+00:00,127.3000030517578,96.83,539.19,451.49,29.65,35.800000000000004,97.05999755859376
2026-03-17 11:00:00+00:00,127.27999877929688,96.840224609375,539.3694921875,451.4,29.62,35.82,97.08000183105467
2026-03-17 12:00:00+00:00,127.73999786376952,97.1304296875,540.97,453.13,29.74,35.968159179687504,97.26499938964844
2026-03-17 13:00:00+00:00,128.17999267578125,97.49,542.92,455.2180078125,29.85,36.0868896484375,97.3550033569336
2026-03-17 14:00:00+00:00,128.0399932861328,97.42,542.12,455.0,29.8,36.12843017578125,97.18499755859376
2026-03-17 15:00:00+00:00,127.72000122070312,97.13,540.75,453.7574609375,29.67,35.980000000000004,96.95249938964844
2026-03-17 16:00:00+00:00,127.72000122070312,97.14,540.74,453.99,29.69,36.0,97.11499786376952
2026-03-18 08:00:00+00:00,128.39999389648438,97.56,543.16,456.761015625,29.95,36.44,96.78250122070312
2026-03-18 09:00:00+00:00,128.32000732421875,97.51,542.78,456.48,29.93,36.404499511718754,96.86000061035156
2026-03-18 10:00:00+00:00,128.27999877929688,97.46,542.45,456.41,29.94,36.3589990234375,96.4175033569336
2026-03-18 11:00:00+00:00,128.02000427246094,97.3,541.554609375,455.37,29.87,36.23134033203125,95.65499877929688
2026-03-18 12:00:00+00:00,127.18000030517578,96.73,540.67,452.64,29.67430908203125,35.84,94.70249938964844
2026-03-18 13:00:00+00:00,127.37999725341795,96.9,539.95,453.87,29.81,35.9,94.65750122070312
2026-03-18 14:00:00+00:00,126.95999908447266,96.58,538.05,452.2371484375,29.67,35.76,94.55750274658205
2026-03-18 15:00:00+00:00,127.0199966430664,96.64,538.57,453.08,29.73,35.81,94.38249969482422
2026-03-18 16:00:00+00:00,126.94000244140624,96.58,538.11,452.16,29.67,35.74,94.73249816894533
2026-03-19 08:00:00+00:00,125.77999877929688,95.78,535.42,448.8194921875,29.44,35.29,91.38500213623048
2026-03-19 09:00:00+00:00,125.91999816894533,95.84,535.54,449.213515625,29.48,35.35,91.1750030517578
2026-03-19 10:00:00+00:00,125.68000030517578,95.65,535.15,448.78046875,29.44,35.19,90.79000091552734
2026-03-19 11:00:00+00:00,125.41999816894533,95.49,533.94,447.76,29.3,35.07,90.24749755859376
2026-03-19 12:00:00+00:00,124.73999786376952,94.99,531.14,445.42,29.17,34.85,88.74749755859375
2026-03-19 13:00:00+00:00,124.73999786376952,95.02,530.3072265625,444.61,29.14,34.87,89.75
2026-03-19 14:00:00+00:00,124.55999755859376,94.84,529.47,444.25,29.25,34.95,89.2874984741211
2026-03-19 15:00:00+00:00,124.62000274658205,94.89,529.39,444.02,29.24,34.95,89.19750213623047
2026-03-19 16:00:00+00:00,124.54000091552734,94.81,529.1507421875,443.37,29.22,34.980000000000004,89.30500030517578
2026-03-20 08:00:00+00:00,124.76000213623048,94.98,529.3,443.7,29.17,35.02,91.072509765625
2026-03-20 09:00:00+00:00,124.36000061035156,94.7,528.12,442.53,29.08,34.84,90.5425033569336
2026-03-20 10:00:00+00:00,124.22000122070312,94.61,527.65,442.16,29.04,34.85,90.10250091552734
2026-03-20 11:00:00+00:00,124.4000015258789,94.73,527.84,442.22,29.07,34.910000000000004,90.64250183105467
2026-03-20 12:00:00+00:00,124.68000030517578,94.92,529.07,443.63,29.17,34.95,90.80750274658205
2026-03-20 13:00:00+00:00,124.0,94.54,527.3666796875,440.99,28.94,34.62,89.55999755859375
2026-03-20 14:00:00+00:00,123.8000030517578,94.48,528.3644921875,442.01,29.02,34.53511962890625,88.52999877929688
2026-03-20 15:00:00+00:00,124.08000183105467,94.62,529.38,443.0,29.12,34.58,88.38749694824219
2026-03-20 16:00:00+00:00,123.86000061035156,94.4,528.59,442.15,29.06,34.51,88.97750091552734
2026-03-23 08:00:00+00:00,122.0999984741211,93.15,522.14,435.96,28.6,33.730000000000004,82.52249908447266
2026-03-23 09:00:00+00:00,122.0999984741211,93.11,522.55,436.39,28.6,33.65,82.58999633789062
2026-03-23 10:00:00+00:00,122.05999755859376,93.16,522.9300000000001,436.47,28.62,33.65,82.875
2026-03-23 11:00:00+00:00,124.21125030517578,94.72,529.34,442.50921875,29.05,34.660000000000004,84.95249938964844
2026-03-23 12:00:00+00:00,124.86000061035156,95.02,530.82,444.27,29.17219970703125,34.93,86.9175033569336
2026-03-23 13:00:00+00:00,124.8000030517578,94.98,530.53,444.101484375,29.25,34.94,86.38749694824219
2026-03-23 14:00:00+00:00,124.87999725341795,95.02173828125,530.32,443.69,29.2,35.0352001953125,86.57749938964844
2026-03-23 15:00:00+00:00,124.23999786376952,94.5,528.5344921875001,442.06,28.95,34.75,84.67749786376953
2026-03-23 16:00:00+00:00,123.76000213623048,95.13,526.72,440.0,28.9,34.61,84.51249694824219
2026-03-24 08:00:00+00:00,123.72000122070312,94.29,527.2355078125,441.31,28.98,34.569599609375004,85.6624984741211
2026-03-24 09:00:00+00:00,123.83999633789062,94.42,527.3650390625,441.46,29.02,34.57,85.97750091552734
2026-03-24 10:00:00+00:00,123.83999633789062,94.36,527.07,441.28,28.99,34.54,86.11000061035156
2026-03-24 11:00:00+00:00,123.91999816894533,94.35,527.28,441.14,28.99,34.5494189453125,85.55000305175781
2026-03-24 12:00:00+00:00,123.31999969482422,93.96,525.21,439.4,28.87,34.300000000000004,84.9749984741211
2026-03-24 13:00:00+00:00,123.4000015258789,93.99,524.64,438.86,28.74,34.39,84.9175033569336
2026-03-24 14:00:00+00:00,123.76000213623048,94.34,526.33,437.73,28.72375,34.51,85.58000183105469
2026-03-24 15:00:00+00:00,123.95999908447266,94.52,527.95,440.23,28.9,34.54,85.64250183105469
2026-03-24 16:00:00+00:00,124.13999938964844,94.57,528.14,440.44,28.91,34.6,85.80000305175781
2026-03-25 08:00:00+00:00,124.94000244140624,95.1,529.38,441.89,29.05,35.09,88.41000366210938
2026-03-25 09:00:00+00:00,125.0,95.17,530.19,442.52,29.11,35.07,88.3572998046875
2026-03-25 10:00:00+00:00,124.91999816894533,95.13400390625,529.42,441.98,29.09,35.14,88.4625015258789
2026-03-25 11:00:00+00:00,125.12000274658205,95.27,529.96,442.32,29.13,35.17,88.8125
2026-03-25 12:00:00+00:00,125.04000091552734,95.24,530.16,442.64,29.09,35.13,88.23001098632812
2026-03-25 13:00:00+00:00,124.83999633789062,95.16,529.3392968750001,441.95,29.0,35.02,88.18000030517578
2026-03-25 14:00:00+00:00,125.18000030517578,95.31,530.59,443.51,29.17,35.20716064453125,88.58999633789062
2026-03-25 15:00:00+00:00,124.94052124023438,95.12,529.7290234375,441.900390625,29.05,35.13,88.50499725341797
2026-03-25 16:00:00+00:00,125.0199966430664,95.17,530.02,442.26,29.06,35.17,88.4000015258789
2026-03-26 08:00:00+00:00,124.22000122070312,94.682607421875,527.3100000000001,439.43,28.83,34.62,85.95999908447266
2026-03-26 09:00:00+00:00,123.94000244140624,94.49,526.5,438.68,28.78,34.6,85.7750015258789
2026-03-26 10:00:00+00:00,124.0199966430664,94.532001953125,526.6800000000001,439.04,28.8,34.6,86.24250030517578
2026-03-26 11:00:00+00:00,123.86000061035156,94.4,526.6610546875,438.57,28.75,34.480000000000004,85.77249908447266
2026-03-26 12:00:00+00:00,123.95999908447266,94.49,526.7925390625,438.72,28.79,34.51,86.00749969482422
2026-03-26 13:00:00+00:00,124.31999969482422,94.77,528.05,439.85,28.73,34.57054931640625,86.34249877929688
2026-03-26 14:00:00+00:00,123.9000015258789,94.49,526.39,437.4,28.64,34.43,86.625
2026-03-26 15:00:00+00:00,123.83999633789062,94.77,528.34,437.7,28.7,34.480000000000004,86.10749816894531
2026-03-26 16:00:00+00:00,123.58000183105467,94.25,524.9395703125,436.43,28.61,34.36,85.3375015258789
2026-03-27 08:00:00+00:00,123.04000091552734,93.80640625,522.64,433.27,28.36,34.300000000000004,85.86000061035156
2026-03-27 09:00:00+00:00,122.87999725341795,93.69,522.3,432.72,28.32,34.24,85.93000030517578
2026-03-27 10:00:00+00:00,122.55999755859376,93.47,520.95,431.31,28.18,34.072099609375,85.66500091552734
2026-03-27 11:00:00+00:00,122.83999633789062,93.65,521.89,432.04,28.24,34.15,85.69999694824219
2026-03-27 12:00:00+00:00,122.73999786376952,93.57,521.19,431.29,28.15,34.160000000000004,86.12750244140625
2026-03-27 13:00:00+00:00,122.4000015258789,93.17,518.2,428.64,28.01,33.97,85.88999938964844
2026-03-27 14:00:00+00:00,122.26000213623048,93.22,518.4680078125,428.4332421875,28.01,34.09,87.5250015258789
2026-03-27 15:00:00+00:00,122.4000015258789,93.35,519.4300000000001,429.8,28.12,34.148798828125,87.7874984741211
2026-03-27 16:00:00+00:00,122.23999786376952,93.18,518.14,428.4939453125,28.02,34.12,87.87000274658203
2026-03-30 07:00:00+00:00,122.45999908447266,93.34,518.3233984375,428.59,28.01,34.2,87.87000274658203
2026-03-30 08:00:00+00:00,122.77999877929688,93.6,519.6800000000001,429.65,28.1,34.27,88.09500122070312
2026-03-30 09:00:00+00:00,122.54000091552734,93.37,518.7286328125,428.92,28.03,34.21,87.9574966430664
2026-03-30 10:00:00+00:00,122.6999969482422,93.53,519.38,429.23,28.02,34.19,87.97000122070312
2026-03-30 11:00:00+00:00,122.9000015258789,93.613935546875,520.08,430.14,28.12,34.27,88.47750091552734
2026-03-30 12:00:00+00:00,123.12000274658205,93.84900390625,521.289609375,430.91,28.19,34.38,88.69000244140625
2026-03-30 13:00:00+00:00,122.66000366210938,93.53,519.08,429.02,27.88,34.07,87.73249816894531
2026-03-30 14:00:00+00:00,123.0,93.83,520.89,429.65,27.9,34.21,88.08000183105469
2026-03-30 15:00:00+00:00,122.87999725341795,93.71,520.5782421875,429.2,27.84,34.21,87.9574966430664
2026-03-31 07:00:00+00:00,123.18000030517578,93.98,521.88,429.42,27.87,33.96,88.5999984741211
2026-03-31 08:00:00+00:00,122.87999725341795,93.97,520.22,428.12,27.8,33.84,88.6675033569336
2026-03-31 09:00:00+00:00,122.83999633789062,93.71,519.87,427.97,27.79,33.83,88.3949966430664
2026-03-31 10:00:00+00:00,122.87999725341795,93.79,519.91,428.12,27.79,33.77,88.25499725341797
2026-03-31 11:00:00+00:00,123.04000091552734,93.84,520.34,428.32,27.82636962890625,33.92215087890625,88.91000366210938
2026-03-31 12:00:00+00:00,123.05999755859376,93.88,520.24,428.43,27.83,33.96,88.79750061035156
2026-03-31 13:00:00+00:00,123.54000091552734,94.21,522.3831640625,431.34,28.05,34.160000000000004,89.33499908447266
2026-03-31 14:00:00+00:00,123.4800033569336,94.13,522.35,430.5118359375,28.036298828125,34.2,89.26499938964844
2026-03-31 15:00:00+00:00,123.68000030517578,94.25,523.22,431.73,28.1,34.31,89.48999786376953
2026-04-01 07:00:00+00:00,125.9800033569336,96.01,531.22,440.69,28.87,35.25969970703125,91.4124984741211
2026-04-01 08:00:00+00:00,125.86000061035156,95.92,529.91,439.71,28.8,35.19,91.77249908447266
2026-04-01 09:00:00+00:00,125.72000122070312,95.9,530.2234375,439.51,28.77,35.12,91.64250183105467
2026-04-01 10:00:00+00:00,125.9000015258789,96.011796875,530.9255078125,440.35,28.86,35.17574951171875,91.80999755859376
2026-04-01 11:00:00+00:00,126.04000091552734,96.02,531.17,440.68,28.91,35.2,92.26499938964844
2026-04-01 12:00:00+00:00,125.5199966430664,95.72,529.86,439.05,28.75202880859375,35.09,91.69499969482422
2026-04-01 13:00:00+00:00,125.62000274658205,95.76,530.9,439.93,28.78,35.1644189453125,91.95249938964844
2026-04-01 14:00:00+00:00,126.05999755859376,96.01,531.7,441.81,28.89,35.33,92.38500213623048
2026-04-01 15:00:00+00:00,126.18000030517578,96.09,531.59,441.95,28.91,35.37,92.63249969482422
2026-04-02 07:00:00+00:00,125.0999984741211,95.25,528.0,438.5,28.62,34.7427001953125,90.09750366210938
2026-04-02 08:00:00+00:00,125.19000244140624,95.54,529.13,438.343515625,28.57,34.78,89.6449966430664
2026-04-02 09:00:00+00:00,125.16000366210938,95.45,529.08,438.1877734375,28.59,34.74,89.69000244140625
2026-04-02 10:00:00+00:00,125.04000091552734,95.42,529.32,438.4,28.57,34.68,89.69000244140625
2026-04-02 11:00:00+00:00,124.5199966430664,94.98,526.24,435.56,28.38,34.53,89.26499938964844
2026-04-02 12:00:00+00:00,124.5199966430664,95.01,526.77,435.91,28.43,34.49969970703125,89.27249908447266
2026-04-02 13:00:00+00:00,125.31999969482422,95.29,529.95,438.808984375,28.7,34.72,90.13249969482422
2026-04-02 14:00:00+00:00,126.31759643554688,96.35,533.37,442.93,29.05,35.08720947265625,90.86750030517578
2026-04-02 15:00:00+00:00,126.13999938964844,96.25,533.7068359375,443.3,29.08,34.96,90.7300033569336
2026-04-07 07:00:00+00:00,126.5999984741211,96.39,534.91,444.9,29.22,35.21,90.1500015258789
2026-04-07 08:00:00+00:00,126.77999877929688,96.41,535.15,445.28,29.25,35.42077880859375,90.94499969482422
2026-04-07 09:00:00+00:00,126.96410369873048,96.81,536.32,446.36,29.29,35.45,90.74250030517578
2026-04-07 10:00:00+00:00,126.22000122070312,96.25599609375,533.98,443.8,29.12,35.17,90.29499816894533
2026-04-07 11:00:00+00:00,126.27999877929688,96.35,534.26,443.9090625,29.13,35.2,90.43499755859376
2026-04-07 12:00:00+00:00,126.3000030517578,96.27,533.54,443.78,29.12,35.2135009765625,90.2925033569336
2026-04-07 13:00:00+00:00,125.91999816894533,96.08,532.95,442.44,29.03,35.00614990234375,90.11750030517578
2026-04-07 14:00:00+00:00,125.58000183105467,95.81,531.0600000000001,440.23,28.83,34.89,89.875
2026-04-07 15:00:00+00:00,125.73999786376952,96.797900390625,531.49,441.1,28.9327001953125,34.919189453125,90.25250244140624
2026-04-08 07:00:00+00:00,128.97999572753906,98.09,542.67,454.66,30.03,36.69,93.42749786376952
2026-04-08 08:00:00+00:00,129.25999450683594,98.18,543.55,455.97,30.2,36.8,93.0425033569336
2026-04-08 09:00:00+00:00,129.25999450683594,98.29,543.52921875,455.84,30.19,36.78,92.80249786376952
2026-04-08 10:00:00+00:00,129.25340270996094,98.28,543.05,455.39,30.12,36.77,92.8324966430664
2026-04-08 11:00:00+00:00,129.22000122070312,98.22,543.5600000000001,454.515,30.05,36.83,93.12000274658205
2026-04-08 12:00:00+00:00,129.17999267578125,98.09,541.52,454.39,30.05,36.9,93.15750122070312
2026-04-08 13:00:00+00:00,129.02000427246094,98.17,540.83,452.9075,29.91,36.859279785156254,92.72250366210938
2026-04-08 14:00:00+00:00,128.5,97.63,539.4683203125,451.21,29.66,36.56257080078125,91.93250274658205
2026-04-08 15:00:00+00:00,128.66000366210938,97.8,540.09,451.9930078125,29.78,36.71,92.21749877929688
2026-04-09 07:00:00+00:00,128.6387939453125,97.84,542.21,453.02,29.77,36.38,91.64250183105467
2026-04-09 08:00:00+00:00,128.47999572753906,97.74,541.5322265625,452.51,29.78,36.37,91.7300033569336
2026-04-09 09:00:00+00:00,128.6199951171875,97.849208984375,542.08,453.2416015625,29.85,36.4,91.7750015258789
2026-04-09 10:00:00+00:00,128.5399932861328,97.82,541.8044921875,452.875,29.81,36.39,92.00499725341795
2026-04-09 11:00:00+00:00,128.47999572753906,97.8,541.25,452.66,29.75,36.42,92.30999755859376
2026-04-09 12:00:00+00:00,128.63999938964844,97.85,541.89,453.02,29.8,36.42,92.11000061035156
2026-04-09 13:00:00+00:00,128.77999877929688,97.91,542.71,452.93,29.7,36.49,92.4375
2026-04-09 14:00:00+00:00,128.72000122070312,97.93,542.6,453.2455078125,29.74,36.45,92.49500274658205
2026-04-09 15:00:00+00:00,128.8319549560547,97.99,542.95,453.39,29.74,36.52,92.7375030517578
2026-04-10 07:00:00+00:00,129.53480529785156,98.55,546.5837109375,457.09,30.0,36.82,92.1500015258789
2026-04-10 08:00:00+00:00,129.32000732421875,98.36,545.46,456.219375,29.94,36.8,91.9749984741211
2026-04-10 09:00:00+00:00,129.55999755859375,98.46,545.66,456.5591015625,29.95,36.9,92.2249984741211
2026-04-10 10:00:00+00:00,129.66000366210938,98.55,545.8213671875,456.8,29.97,36.919599609375,92.32749938964844
2026-04-10 11:00:00+00:00,129.5,98.52,545.53,456.45,29.94,36.86737060546875,92.5425033569336
2026-04-10 12:00:00+00:00,129.6199951171875,98.533837890625,545.52,456.72,29.98,36.88,92.56749725341795
2026-04-10 13:00:00+00:00,129.5800018310547,98.485498046875,545.15,457.05,30.09,36.97,92.67250061035156
2026-04-10 14:00:00+00:00,129.55999755859375,98.51,545.77,457.38,30.23,36.93,92.65249633789062
2026-04-10 15:00:00+00:00,129.4600067138672,98.442275390625,545.259921875,457.02,30.24,36.912990722656254,92.72000122070312
2026-04-13 07:00:00+00:00,128.5800018310547,97.8,541.86,453.95,29.9,36.64,91.81749725341795
2026-04-13 08:00:00+00:00,128.60000610351562,97.91,542.13,454.07,29.95,36.59,91.67250061035156
2026-04-13 09:00:00+00:00,128.60000610351562,97.78,542.14,454.31,29.95,36.62,91.49749755859376
2026-04-13 10:00:00+00:00,128.67999267578125,97.86,542.42,454.698125,30.0,36.63,91.61000061035156
2026-04-13 11:00:00+00:00,128.39999389648438,97.71,541.8477734375,454.21,29.93,36.56,91.3550033569336
2026-04-13 12:00:00+00:00,128.63999938964844,97.86,542.59,454.97,30.0,36.61,91.5999984741211
2026-04-13 13:00:00+00:00,129.13999938964844,98.29,544.55,456.8,30.16,36.76035888671875,91.81749725341795
2026-04-13 14:00:00+00:00,129.36000061035156,98.34,545.0600000000001,457.42,30.37,36.81,91.58499908447266
2026-04-13 15:00:00+00:00,129.24099731445312,98.27,544.67,457.04,30.36,36.78,91.2925033569336
2026-04-14 07:00:00+00:00,130.05999755859375,98.8540625,547.37,459.82,30.6,37.22,92.6999969482422
2026-04-14 08:00:00+00:00,130.1199951171875,98.92,547.77,460.4989453125,30.63,37.24449951171875,92.85749816894533
2026-04-14 09:00:00+00:00,129.9600067138672,98.74,547.11,459.92,30.58,37.20800048828125,92.72000122070312
2026-04-14 10:00:00+00:00,129.72000122070312,98.64,546.1,459.26,30.52,37.16,92.55249786376952
2026-04-14 11:00:00+00:00,129.82000732421875,98.7,546.21,459.25,30.56,37.21800048828125,92.65750122070312
2026-04-14 12:00:00+00:00,129.75999450683594,98.62,545.805390625,459.03,30.51,37.15,92.59500122070312
2026-04-14 13:00:00+00:00,130.0,98.84,547.17,460.033515625,30.55,37.27,93.04000091552734
2026-04-14 14:00:00+00:00,130.32000732421875,99.089599609375,548.73,461.422578125,30.63,37.38,93.22250366210938
2026-04-14 15:00:00+00:00,130.5399932861328,99.23599609375,549.88,462.55,30.665991210937506,37.4,93.22000122070312
2026-04-15 07:00:00+00:00,130.86000061035156,99.49,552.14,465.92,30.9856201171875,37.42,93.35250091552734
2026-04-15 08:00:00+00:00,130.8800048828125,99.52,552.29,466.24,31.05,37.46,93.47750091552734
2026-04-15 09:00:00+00:00,130.75999450683594,99.42,551.84,465.5,30.97,37.38,93.11750030517578
2026-04-15 10:00:00+00:00,130.8800048828125,99.48,552.15,465.81,31.01,37.42,93.16000366210938
2026-04-15 11:00:00+00:00,130.89999389648438,99.53,552.5600000000001,465.91,31.04,37.41282958984375,93.36499786376952
2026-04-15 12:00:00+00:00,130.90530395507812,99.51,552.5346875,465.84,30.97,37.44,93.375
2026-04-15 13:00:00+00:00,131.0800018310547,99.65,553.16,467.23,31.22,37.46282958984375,93.70249938964844
2026-04-15 14:00:00+00:00,131.10000610351562,99.69,553.49,468.4594921875,31.37,37.53,93.42749786376952
2026-04-15 15:00:00+00:00,131.16000366210938,99.57,553.82,468.61,31.36,37.57,93.15499877929688
2026-04-16 07:00:00+00:00,131.89999389648438,100.2,557.37,474.2075390625,31.77,37.85,93.5625
2026-04-16 08:00:00+00:00,131.86000061035156,100.23015625,557.51,474.21,31.78,37.83,93.40499877929688
2026-04-16 09:00:00+00:00,131.94000244140625,100.32,558.14,474.84,31.83,37.79805908203125,93.41000366210938
2026-04-16 10:00:00+00:00,131.8800048828125,100.29,557.6,473.8138671875,31.69,37.68,93.45249938964844
2026-04-16 11:00:00+00:00,131.96119689941406,100.35,557.75,473.94,31.74,37.73256103515625,93.58000183105467
2026-04-16 12:00:00+00:00,131.9199981689453,100.33,557.822734375,473.61,31.68,37.67,93.47000122070312
2026-04-16 13:00:00+00:00,131.6999969482422,100.13,557.0494921875,472.27,31.56,37.57,93.04499816894533
2026-04-16 14:00:00+00:00,131.9199981689453,100.03,558.3000000000001,474.59,31.79,37.77,92.9375
2026-04-16 15:00:00+00:00,132.0399932861328,100.35,559.15,475.2,31.84,37.85,93.1999969482422
2026-04-17 07:00:00+00:00,132.1999969482422,100.51,560.29,476.05,32.02,37.8,92.8499984741211
2026-04-17 08:00:00+00:00,132.3000030517578,100.57517578125,560.2507421875,476.341484375,32.07,37.86,93.06999969482422
2026-04-17 09:00:00+00:00,132.34249877929688,100.63,560.38,476.73,32.12,37.9,92.97660064697266
2026-04-17 10:00:00+00:00,132.33999633789062,100.6,560.75,476.72,32.11,37.87,92.8874969482422
2026-04-17 11:00:00+00:00,132.44000244140625,100.68,561.09,477.1969921875,32.19,37.95,93.1374969482422
2026-04-17 12:00:00+00:00,133.0800018310547,101.04,562.03,478.68,32.3,38.39,94.0199966430664
2026-04-17 13:00:00+00:00,133.16000366210938,101.10669921875,562.5,478.4,32.230000000000004,38.46,94.6875
2026-04-17 14:00:00+00:00,133.6999969482422,101.5,564.45,480.3,32.34,38.65678955078125,94.5875015258789
2026-04-17 15:00:00+00:00,133.63999938964844,101.510791015625,565.0500000000001,481.08,32.410000000000004,38.54,94.44499969482422
2026-04-20 09:00:00+00:00,132.9199981689453,101.07,563.6866796875,479.8586328125,32.19931884765625,37.99,93.0
2026-04-20 10:00:00+00:00,132.89999389648438,101.07,563.58,479.96,32.22,37.99,93.06749725341795
2026-04-20 11:00:00+00:00,132.96859741210938,101.08,563.65,480.12,32.24,38.06,93.33999633789062
2026-04-20 12:00:00+00:00,133.0800018310547,101.18,564.52,480.93,32.33,38.05,93.19000244140624
2026-04-20 13:00:00+00:00,133.39999389648438,101.42,565.2053906250001,480.8740625,32.410000000000004,38.2189990234375,93.5
2026-04-20 14:00:00+00:00,133.0399932861328,101.14,563.5600000000001,478.5919921875,32.21,38.04,93.24250030517578
2026-04-20 15:00:00+00:00,133.1079864501953,101.23,564.78,479.0,32.25,38.17,93.29750061035156
2026-04-21 07:00:00+00:00,133.6199951171875,101.58,566.64,482.43,32.49,38.44,92.84750366210938
2026-04-21 08:00:00+00:00,133.74000549316406,101.67,567.24,483.08,32.53,38.48,92.8949966430664
2026-04-21 09:00:00+00:00,133.8000030517578,101.76,567.53,483.07,32.52,38.5,92.8499984741211
2026-04-21 10:00:00+00:00,133.89999389648438,101.8,567.88,483.48,32.57,38.5044189453125,92.94000244140624
2026-04-21 11:00:00+00:00,133.72000122070312,101.68,567.6,481.46,32.56,38.41,93.05750274658205
2026-04-21 12:00:00+00:00,133.47999572753906,101.512373046875,566.7522265625,482.2751171875,32.50238037109375,38.32,92.6999969482422
2026-04-21 13:00:00+00:00,133.5,101.47,566.51,482.09,32.55,38.33,92.6999969482422
2026-04-21 14:00:00+00:00,132.86000061035156,101.08,564.72,481.08,32.51,38.07,91.96749877929688
2026-04-21 15:00:00+00:00,132.77999877929688,100.96,564.1,480.98,32.51,38.05,92.0374984741211
2026-04-22 07:00:00+00:00,132.97999572753906,101.1,564.72,482.5,32.7,38.24,92.38249969482422
2026-04-22 08:00:00+00:00,132.8000030517578,100.98,564.25,481.78,32.65,38.15,92.3324966430664
2026-04-22 09:00:00+00:00,132.75999450683594,100.99,564.2773046875,482.33,32.673310546875,38.16,92.29000091552734
2026-04-22 10:00:00+00:00,132.8000030517578,101.04,564.49,482.31,32.64,38.17,92.33999633789062
2026-04-22 11:00:00+00:00,133.05999755859375,101.16,565.616796875,483.08,32.69,38.22,92.18499755859376
2026-04-22 12:00:00+00:00,132.97999572753906,101.14,565.6800000000001,483.151484375,32.67550048828125,38.18,92.06749725341795
2026-04-22 13:00:00+00:00,132.97999572753906,101.07,565.73,482.98,32.63,38.18030029296875,92.23999786376952
2026-04-22 14:00:00+00:00,133.17999267578125,101.21,566.98,485.62,32.910000000000004,38.34,91.9000015258789
2026-04-22 15:00:00+00:00,133.16000366210938,101.18,566.89,485.7515234375,32.96,38.4,91.90750122070312
2026-04-23 07:00:00+00:00,132.9600067138672,101.1,566.6800000000001,486.71,32.99550048828125,38.06,91.5374984741211
2026-04-23 08:00:00+00:00,132.52000427246094,100.80349609375,564.99,484.78,32.87,37.93,91.29750061035156
2026-04-23 09:00:00+00:00,132.5,100.79,565.37,485.2548828125,32.89,37.91,91.10250091552734
2026-04-23 10:00:00+00:00,132.8000030517578,101.03,566.5,486.51,32.99,37.9585009765625,91.12999725341795
2026-04-23 11:00:00+00:00,132.89999389648438,101.08,566.98,486.71,32.99,38.07,91.55999755859376
2026-04-23 12:00:00+00:00,133.0399932861328,101.2,567.14,486.97,33.00373046875,38.09,91.9800033569336
2026-04-23 13:00:00+00:00,133.0800018310547,101.23,567.49,486.57,32.93,38.07,91.6999969482422
2026-04-23 14:00:00+00:00,133.3000030517578,101.4,565.72,487.69,33.01,38.19,91.86750030517578
2026-04-23 15:00:00+00:00,133.39999389648438,101.42,568.41,488.49,33.05,38.22,91.8550033569336
2026-04-24 07:00:00+00:00,133.1199951171875,101.26,567.6604687500001,489.21,32.980000000000004,38.27,91.04499816894533
2026-04-24 08:00:00+00:00,132.86000061035156,101.05,567.17,488.98,32.980000000000004,38.21,91.0250015258789
2026-04-24 09:00:00+00:00,132.77999877929688,101.0,566.75,488.9987890625,32.97,38.14,90.8499984741211
2026-04-24 10:00:00+00:00,132.9199981689453,101.12,567.09,489.84,33.03,38.24,90.76499938964844
2026-04-24 11:00:00+00:00,133.3800048828125,101.39,568.37,491.51,33.18,38.47,91.36000061035156
2026-04-24 12:00:00+00:00,133.0,101.12,567.57,490.69,33.11,38.39,91.20999908447266
2026-04-24 13:00:00+00:00,133.16000366210938,101.11,567.13,489.94,33.06,38.37,91.42749786376952
2026-04-24 14:00:00+00:00,133.13999938964844,101.48,568.07,491.605859375,33.34,38.4289990234375,91.6875
2026-04-24 15:00:00+00:00,133.17999267578125,101.22,568.4,492.17,33.35,38.5,91.60749816894533
2026-04-27 07:00:00+00:00,133.16000366210938,101.16,567.78,492.49,33.39,38.54,91.48249816894533
2026-04-27 08:00:00+00:00,133.13999938964844,101.12,567.5,492.4,33.33,38.54,91.3375015258789
2026-04-27 09:00:00+00:00,133.1999969482422,101.18,567.62,492.68,33.38198974609375,38.57,91.27249908447266
2026-04-27 10:00:00+00:00,133.25999450683594,101.22,567.65,492.78,33.375759277343754,38.61,91.37000274658205
2026-04-27 11:00:00+00:00,133.25999450683594,101.24,567.86,492.98,33.46,38.59,91.29750061035156
2026-04-27 12:00:00+00:00,133.10000610351562,101.13,567.33,491.95,33.36,38.51,91.16999816894533
2026-04-27 13:00:00+00:00,133.25999450683594,101.28,568.53,492.37,33.33,38.59,91.13999938964844
2026-04-27 14:00:00+00:00,132.9199981689453,101.05,567.52,491.13,33.18,38.45,90.76000213623048
2026-04-27 15:00:00+00:00,132.94000244140625,101.01,567.27,490.9,33.22,38.45,90.8115005493164
2026-04-28 07:00:00+00:00,133.44000244140625,101.41,570.0500000000001,492.06,33.45,38.4,89.9000015258789
2026-04-28 08:00:00+00:00,133.5447998046875,101.53,570.5500000000001,492.64,33.46,38.4,89.84249877929688
2026-04-28 09:00:00+00:00,133.5,101.52,570.4300000000001,491.99,33.37,38.35,89.36000061035156
2026-04-28 10:00:00+00:00,133.5399932861328,101.52,570.5500000000001,491.8,33.33,38.37,89.31999969482422
2026-04-28 11:00:00+00:00,132.94137573242188,101.45,568.69,489.326015625,33.04,38.11,88.52999877929688
2026-04-28 12:00:00+00:00,133.0,101.15,568.47,489.42,33.1,38.1289990234375,89.12750244140625
2026-04-28 13:00:00+00:00,133.4199981689453,101.53,570.1800000000001,490.68,33.27,38.2039501953125,88.8499984741211
2026-04-28 14:00:00+00:00,132.6999969482422,100.91,566.73,488.18,32.96326904296875,38.02,88.75250244140625
2026-04-28 15:00:00+00:00,132.6199951171875,100.87,566.74,487.06,32.94,38.03,88.80000305175781
2026-04-29 07:00:00+00:00,132.97999572753906,101.03,568.59,490.81,33.28,38.45,88.625
2026-04-29 08:00:00+00:00,132.97999572753906,101.01,568.63,490.94,33.298000488281254,38.38,88.7874984741211
2026-04-29 09:00:00+00:00,132.86000061035156,100.86,568.12,490.47,33.26,38.32,88.3949966430664
2026-04-29 10:00:00+00:00,132.9600067138672,100.96,568.36,490.81,33.32,38.38,88.64250183105469
2026-04-29 11:00:00+00:00,132.9600067138672,101.0,568.48,490.92,33.32,38.4275,88.5374984741211
2026-04-29 12:00:00+00:00,132.83999633789062,100.97,568.1800000000001,490.64,33.27,38.3,88.2125015258789
2026-04-29 13:00:00+00:00,132.86000061035156,100.93,568.64,491.46,33.28,38.22,87.78500366210938
2026-04-29 14:00:00+00:00,132.75999450683594,100.83,568.19,491.8,33.3,38.24,88.06999969482422
2026-04-29 15:00:00+00:00,132.75999450683594,100.81,568.3100000000001,492.0,33.25,38.18330078125,88.12000274658203
2026-04-30 07:00:00+00:00,132.67999267578125,100.87,568.4250000000001,493.62,33.3,38.13,89.19999694824219
2026-04-30 08:00:00+00:00,132.8000030517578,100.95,568.92,493.84,33.34,38.16,89.58999633789062
2026-04-30 09:00:00+00:00,132.86000061035156,101.04,568.7,493.35,33.31,38.22,89.73750305175781
2026-04-30 10:00:00+00:00,133.17999267578125,101.07,568.24,492.6,33.2,38.213720703125,89.93499755859375
2026-04-30 11:00:00+00:00,133.22000122070312,101.35,569.85,494.11,33.35,38.27,89.83999633789062
2026-04-30 12:00:00+00:00,133.4600067138672,101.47,570.76,495.76,33.43,38.36,90.01249694824219
2026-04-30 13:00:00+00:00,132.86000061035156,101.03,567.58,490.499765625,32.88,38.15,89.48249816894531
2026-04-30 14:00:00+00:00,132.86000061035156,101.04,566.85,490.183984375,32.75,38.17,89.64250183105469
2026-04-30 15:00:00+00:00,133.0,101.11,567.63,491.18,32.78,38.23844970703125,89.71749877929688
2026-05-01 07:00:00+00:00,133.5399932861328,101.56,570.5600000000001,493.4,32.96,38.4,88.80000305175781
2026-05-01 08:00:00+00:00,133.4600067138672,101.52,570.46,492.91,32.93,38.35923095703125,88.62249755859375
2026-05-01 09:00:00+00:00,133.6199951171875,101.6251953125,571.1800000000001,493.62,32.980000000000004,38.38,88.50250244140625
2026-05-01 10:00:00+00:00,133.52000427246094,101.57,570.73,493.0894921875,32.94,38.32,88.61000061035156
2026-05-01 11:00:00+00:00,133.39999389648438,101.5,570.35,492.36,32.97,38.31,88.7300033569336
2026-05-01 12:00:00+00:00,133.39328002929688,101.43,570.1119921875,492.35,32.94,38.3,89.06749725341797
2026-05-01 13:00:00+00:00,134.0,101.775,572.38,497.67,33.29,38.71,89.75
2026-05-01 14:00:00+00:00,133.89999389648438,101.7764453125,572.1534375,497.19,33.21,38.695,89.87999725341797
2026-05-01 15:00:00+00:00,133.9199981689453,101.82,572.3000000000001,497.61,33.28,38.6718603515625,89.9625015258789
2026-05-05 07:00:00+00:00,134.06900024414062,101.76169921875,573.15,501.265234375,33.54,39.0,88.2074966430664
2026-05-05 08:00:00+00:00,134.17999267578125,101.85462890625,573.45,502.07,33.58,39.08,88.4375
2026-05-05 09:00:00+00:00,134.22000122070312,101.89,573.63,502.13,33.57,39.08,88.4124984741211
2026-05-05 10:00:00+00:00,134.1999969482422,101.87,573.6,502.0,33.55,39.10070068359375,88.19249725341797
2026-05-05 11:00:00+00:00,134.27999877929688,101.92,574.07,502.37,33.59,39.16,88.5
2026-05-05 12:00:00+00:00,134.32000732421875,101.92,574.13,502.83,33.65,39.2189990234375,88.55750274658203
2026-05-05 13:00:00+00:00,134.5399932861328,101.96,575.0,504.63,33.730000000000004,39.47,88.82749938964844
2026-05-05 14:00:00+00:00,134.5,101.99,574.82,504.35,33.76,39.48,88.91000366210938
2026-05-05 15:00:00+00:00,134.6199951171875,102.028193359375,574.87,504.63,33.79,39.54,88.83999633789062
2026-05-06 07:00:00+00:00,135.5399932861328,102.57,575.76,507.47,33.97,40.0169091796875,90.80750274658205
2026-05-06 08:00:00+00:00,136.0,102.88,576.51,508.91,34.12,40.25,91.1125030517578
2026-05-06 09:00:00+00:00,136.0511932373047,102.95,577.12,509.336484375,34.14,40.3,91.22250366210938
2026-05-06 10:00:00+00:00,136.4199981689453,103.14,578.0600000000001,510.17,34.24,40.5,91.5625
2026-05-06 11:00:00+00:00,136.1999969482422,103.08,577.53,509.9380078125,34.31,40.37,91.0749969482422
2026-05-06 12:00:00+00:00,136.0448455810547,102.93,577.37,508.89,34.19,40.21,90.80750274658205
2026-05-06 13:00:00+00:00,136.1199951171875,103.03,578.16,509.5,34.24,40.2381103515625,91.23249816894533
2026-05-06 14:00:00+00:00,136.5,102.88,580.25,510.4759375,34.300000000000004,40.33,91.26000213623048
2026-05-06 15:00:00+00:00,136.55999755859375,102.93,580.44,511.6,34.45,40.46,91.11000061035156
2026-05-07 07:00:00+00:00,137.0399932861328,103.7,582.04,514.38,34.69669921875,40.69,92.05840301513672
2026-05-07 08:00:00+00:00,136.86000061035156,103.69,581.63,513.6,34.63,40.57199951171875,91.80249786376952
2026-05-07 09:00:00+00:00,136.77999877929688,103.5,581.52,513.73,34.61,40.55,91.75250244140624
2026-05-07 10:00:00+00:00,136.77999877929688,103.51,581.58,513.57,34.59,40.53,91.8949966430664
2026-05-07 11:00:00+00:00,136.83999633789062,103.55,581.88,513.6800000000001,34.63,40.61,92.0
2026-05-07 12:00:00+00:00,136.8800048828125,103.58,581.9705859375,513.96,34.65,40.63,92.1500015258789
2026-05-07 13:00:00+00:00,136.5800018310547,103.25,581.12,514.648515625,34.730000000000004,40.43,92.09500122070312
2026-05-07 14:00:00+00:00,136.63999938964844,103.43900390625,582.15,516.97,35.01,40.48135986328125,92.4124984741211
2026-05-07 15:00:00+00:00,136.53941345214844,103.37,582.0,516.16,34.96,40.4,91.9625015258789
2026-05-08 07:00:00+00:00,136.47999572753906,103.3,582.73,516.94,34.96,40.32,91.36750030517578
2026-05-08 08:00:00+00:00,136.27999877929688,103.16,581.94,516.4,34.94,40.29,91.5
2026-05-08 09:00:00+00:00,136.27999877929688,103.19,581.78,516.13,34.92,40.24,91.4375
2026-05-08 10:00:00+00:00,136.47999572753906,103.3,582.57,516.77,34.97,40.32,91.56999969482422
2026-05-08 11:00:00+00:00,136.39999389648438,103.274501953125,582.46,516.91,34.99,40.31,91.54750061035156
2026-05-08 12:00:00+00:00,136.45843505859375,103.27,582.0,517.3,34.99,40.44,91.6675033569336
2026-05-08 13:00:00+00:00,136.9199981689453,103.29,582.78,519.6698046875,35.26,40.69,92.12000274658205
2026-05-08 14:00:00+00:00,136.60000610351562,103.32,583.1800000000001,521.27,35.33,40.63,91.5199966430664
2026-05-08 15:00:00+00:00,136.5800018310547,103.25,583.0600000000001,521.35,35.33,40.65,91.4625015258789
2026-05-11 07:00:00+00:00,136.75999450683594,103.43,584.15,525.13,35.64,40.6,90.54499816894533
2026-05-11 08:00:00+00:00,136.5800018310547,103.36,583.71,524.4300000000001,35.57,40.508999023437504,90.5749969482422
2026-05-11 09:00:00+00:00,136.75999450683594,103.43,584.27,524.99,35.62,40.58,90.34750366210938
2026-05-11 10:00:00+00:00,136.8000030517578,103.47,583.78,525.26,35.62,40.54,90.51750183105467
2026-05-11 11:00:00+00:00,136.67999267578125,103.35,583.88,525.22,35.64,40.65,90.69499969482422
2026-05-11 12:00:00+00:00,136.5822296142578,103.3,583.23,524.11,35.56,40.59,91.19000244140624
2026-05-11 13:00:00+00:00,136.97999572753906,103.52,584.58,524.22,35.64,40.63,91.9000015258789
2026-05-11 14:00:00+00:00,136.89999389648438,103.54,584.66,524.9,35.87,40.72,91.6875
2026-05-11 15:00:00+00:00,136.9199981689453,103.32,584.62,525.15,35.89,40.74,91.83999633789062
2026-05-12 07:00:00+00:00,137.17999267578125,103.9,587.8348828125,526.92,35.93,40.2,91.20500183105467
2026-05-12 08:00:00+00:00,136.9600067138672,103.81,586.78,525.96,35.9,40.08,91.25499725341795
2026-05-12 09:00:00+00:00,136.86000061035156,103.75,586.4300000000001,525.53,35.86,40.01,91.19750213623048
2026-05-12 10:00:00+00:00,136.9600067138672,103.82,586.71,525.74,35.87,39.99,91.06500244140624
2026-05-12 11:00:00+00:00,136.8800048828125,103.79,586.6,524.87,35.84,39.97,91.33999633789062
2026-05-12 12:00:00+00:00,137.0800018310547,103.89,587.19,525.8,35.89,40.06,91.32749938964844
2026-05-12 13:00:00+00:00,136.8000030517578,103.72,586.46,525.34,35.84,39.91,90.79000091552734
2026-05-12 14:00:00+00:00,136.44000244140625,103.455,584.98,522.63,35.59,39.66,90.6374969482422
2026-05-12 15:00:00+00:00,136.27999877929688,103.4,584.46,520.64,35.35,39.49,90.31749725341795
2026-05-13 07:00:00+00:00,137.82000732421875,104.17,589.999921875,528.87,36.18,40.36656982421875,91.25499725341795
2026-05-13 08:00:00+00:00,137.74000549316406,104.29921875,589.99,529.67,36.24,40.36,91.24040222167967
2026-05-13 09:00:00+00:00,137.74000549316406,104.326337890625,590.4,530.2097265625,36.33,40.36,91.20500183105467
2026-05-13 10:00:00+00:00,137.8000030517578,104.33,590.54,529.98,36.29,40.35,91.0999984741211
2026-05-13 11:00:00+00:00,137.86000061035156,104.38,590.5741796875,529.91,36.2997998046875,40.38712890625,91.15750122070312
2026-05-13 12:00:00+00:00,137.5399932861328,104.17,589.6800000000001,527.99,36.1,40.17,90.8874969482422
2026-05-13 13:00:00+00:00,137.44000244140625,104.04,588.04,525.9300000000001,35.82,40.354260253906254,90.81749725341795
2026-05-13 14:00:00+00:00,137.77999877929688,104.04,589.2871484375,528.45,36.11,40.52,90.82749938964844
2026-05-13 15:00:00+00:00,137.8000030517578,104.28900390625,589.586796875,528.25,36.03,40.52,91.0
2026-05-14 07:00:00+00:00,138.36000061035156,104.84,593.66,533.57,36.48,40.58,91.0500030517578
2026-05-14 08:00:00+00:00,138.52000427246094,104.93,593.71,533.0600000000001,36.42,40.59,91.09249877929688
2026-05-14 09:00:00+00:00,138.44000244140625,104.9,593.6800000000001,532.59,36.41,40.56,91.2074966430664
2026-05-14 10:00:00+00:00,138.55999755859375,105.01,594.039453125,532.69,36.38,40.61,91.12999725341795
2026-05-14 11:00:00+00:00,138.77999877929688,105.09,594.9,533.34,36.43,40.66,91.11000061035156
2026-05-14 12:00:00+00:00,138.66000366210938,105.05330078125,594.41,532.11,36.37,40.6,91.3000030517578
2026-05-14 13:00:00+00:00,138.5800018310547,105.0,594.0600000000001,533.1466015625,36.47,40.57,90.85250091552734
2026-05-14 14:00:00+00:00,139.25999450683594,105.5,597.38,536.21,36.9,40.78,90.8000030517578
2026-05-14 15:00:00+00:00,139.47999572753906,105.67,598.7,537.94,37.06,40.84,90.94139862060548
2026-05-15 07:00:00+00:00,139.22000122070312,105.67,599.46,536.16,36.92,40.1,88.66500091552734
2026-05-15 08:00:00+00:00,138.83999633789062,105.46,598.4300000000001,534.34,36.75,39.97,88.33000183105469
2026-05-15 09:00:00+00:00,138.67999267578125,105.37,598.0600000000001,533.63,36.65,39.84654052734375,88.18000030517578
2026-05-15 10:00:00+00:00,138.81947326660156,105.45,597.96,533.94,36.77,40.06,88.64749908447266
2026-05-15 11:00:00+00:00,138.5800018310547,105.27,597.92,533.67671875,36.71,39.92,88.34500122070312
2026-05-15 12:00:00+00:00,138.47999572753906,105.19,597.140390625,532.72,36.59,39.8658203125,88.22250366210938
2026-05-15 13:00:00+00:00,138.5,105.15,597.29,532.41,36.48,39.75,87.95249938964844
2026-05-15 14:00:00+00:00,138.8000030517578,105.44,598.5600000000001,534.6671875,36.8,39.91,88.5199966430664
2026-05-15 15:00:00+00:00,139.05999755859375,105.58,599.79,536.66,36.99,40.05,88.19499969482422
2026-05-18 07:00:00+00:00,137.8000030517578,104.62,593.87,531.53,36.6,39.83,88.21749877929688
2026-05-18 08:00:00+00:00,138.02000427246094,104.74,594.1800000000001,532.73,36.74,39.9,88.30000305175781
2026-05-18 09:00:00+00:00,138.0399932861328,104.8,594.5,532.44,36.7,39.8625,88.16000366210938
2026-05-18 10:00:00+00:00,137.9199981689453,104.73,594.33,531.71,36.617490234375,39.76,88.09750366210938
2026-05-18 11:00:00+00:00,138.05999755859375,104.79,594.36,531.61,36.67,39.87916015625,88.3375015258789
2026-05-18 12:00:00+00:00,138.63999938964844,105.16,596.35,535.15,36.93,40.15,88.71749877929688
2026-05-18 13:00:00+00:00,138.5800018310547,105.22,596.21,532.1800000000001,36.43,39.92,88.8324966430664
2026-05-18 14:00:00+00:00,138.05999755859375,104.91,594.35,529.47,36.15,39.67,88.21749877929688
2026-05-18 15:00:00+00:00,137.52000427246094,104.5,592.53,527.37,36.01006103515625,39.49,88.0
2026-05-19 07:00:00+00:00,138.1999969482422,105.055498046875,594.48,529.15,36.19,39.4,88.43000030517578
2026-05-19 08:00:00+00:00,137.94000244140625,104.87,593.57,528.0,36.13,39.29,88.13500213623047
2026-05-19 09:00:00+00:00,137.49769592285156,104.57,591.58,525.63,35.96,39.05,88.11250305175781
2026-05-19 10:00:00+00:00,137.4990234375,104.61,591.71,525.77,35.95,39.06,88.0425033569336
2026-05-19 11:00:00+00:00,137.3000030517578,104.45,591.22,524.72,35.910000000000004,38.9210888671875,87.9000015258789
2026-05-19 12:00:00+00:00,137.5,104.57,591.85,525.59,35.93,38.95,88.05000305175781
2026-05-19 13:00:00+00:00,137.63999938964844,104.7,591.65,526.21,36.06,38.95,87.39749908447266
2026-05-19 14:00:00+00:00,137.0399932861328,104.2,589.9300000000001,524.12,35.88,38.91,87.1875
2026-05-19 15:00:00+00:00,136.97999572753906,104.23,589.39,523.65,35.81,38.93,87.2925033569336
2026-05-20 07:00:00+00:00,137.16000366210938,104.345498046875,591.6779296875001,528.64,36.22,39.07,86.90249633789062
2026-05-20 08:00:00+00:00,137.55999755859375,104.62,592.88,529.9902734375,36.27,39.182099609375,87.03250122070312
2026-05-20 09:00:00+00:00,137.63999938964844,104.66,593.11,530.3787890625,36.35,39.28,87.0250015258789
2026-05-20 10:00:00+00:00,137.52000427246094,104.59,592.405390625,529.65,36.3,39.27,87.19249725341797
2026-05-20 11:00:00+00:00,137.47999572753906,104.53,592.35,529.065,36.26,39.19,87.2750015258789
2026-05-20 12:00:00+00:00,137.60000610351562,104.61,592.73,529.6,36.3,39.25,87.23999786376953
2026-05-20 13:00:00+00:00,137.66000366210938,104.66,592.51,529.53,36.2,39.34,86.97250366210938
2026-05-20 14:00:00+00:00,138.0399932861328,104.94,593.27,531.36,36.4,39.59,87.98750305175781
2026-05-20 15:00:00+00:00,138.02000427246094,104.88,592.9300000000001,531.07,36.4,39.58,87.90750122070312
2026-05-21 07:00:00+00:00,138.25999450683594,105.02,594.53,532.66,36.46,39.794689941406254,87.71499633789062
2026-05-21 08:00:00+00:00,138.4600067138672,105.25173828125,595.2308203125,533.33,36.51,39.82,87.90499877929688
2026-05-21 09:00:00+00:00,138.49037170410156,105.26,595.11,533.0600000000001,36.49,39.87639892578125,87.86499786376953
2026-05-21 10:00:00+00:00,137.89999389648438,104.84,593.4050390625,531.2,36.43,39.6,87.51499938964844
2026-05-21 11:00:00+00:00,138.02798461914062,104.92,593.86,531.41,36.45,39.63,87.56500244140625
2026-05-21 12:00:00+00:00,137.97999572753906,104.86,593.4,530.61,36.4,39.64449951171875,87.37000274658203
2026-05-21 13:00:00+00:00,138.44000244140625,105.25,595.39,532.64,36.66,39.903779296875,87.5824966430664
2026-05-21 14:00:00+00:00,138.3000030517578,105.19,593.87,530.75,36.49,39.72,87.50499725341797
2026-05-21 15:00:00+00:00,138.32000732421875,105.16,594.41,532.21,36.495048828125,39.77,87.38500213623047
2026-05-22 07:00:00+00:00,139.27999877929688,105.88,598.48,537.37,36.91,40.24,87.74500274658203
2026-05-22 08:00:00+00:00,139.14356994628906,105.81,598.3000000000001,537.01,36.89,40.10449951171875,87.71749877929688
2026-05-22 09:00:00+00:00,139.14784240722656,105.78,598.12,536.42,36.81694091796875,40.13030029296875,88.0
2026-05-22 10:00:00+00:00,138.95814514160156,105.663896484375,597.6,535.49,36.76,40.01,87.59500122070312
2026-05-22 11:00:00+00:00,139.1199951171875,105.73,598.1526953125,536.2,36.83,40.05068115234375,87.7249984741211
2026-05-22 12:00:00+00:00,139.3800048828125,105.93,598.96,537.0,36.88,40.12,87.7249984741211
2026-05-22 13:00:00+00:00,139.4199981689453,106.05,599.4300000000001,538.21,36.96,40.17,87.5824966430664
2026-05-22 14:00:00+00:00,139.3000030517578,105.93,599.16,538.26,36.97,40.16,87.33999633789062
2026-05-22 15:00:00+00:00,139.4600067138672,106.05,599.91,539.07,37.0531298828125,40.2,87.68499755859375
2026-05-26 07:00:00+00:00,140.13999938964844,106.3,599.99,539.15,37.08,40.9312109375,88.05500030517578
2026-05-26 08:00:00+00:00,140.13999938964844,106.26,599.8103125,539.78,37.08,40.9,87.7750015258789
2026-05-26 09:00:00+00:00,140.16000366210938,106.3,599.96,540.0,37.13,40.97,87.68499755859375
2026-05-26 10:00:00+00:00,140.32000732421875,106.36,600.37,540.1,37.17,41.0,87.9749984741211
2026-05-26 11:00:00+00:00,140.39999389648438,106.43099609375,600.73,540.89,37.24,41.01,87.44249725341797
2026-05-26 12:00:00+00:00,140.5399932861328,106.5,600.9,541.98,37.31,41.1,87.69999694824219
2026-05-26 13:00:00+00:00,140.55999755859375,106.43,601.09,543.14,37.38,41.32,87.5625
2026-05-26 14:00:00+00:00,140.75999450683594,106.48,602.276015625,545.11,37.55,41.34,87.60250091552734
2026-05-26 15:00:00+00:00,140.5399932861328,106.45,601.44,544.41,37.46,41.32,87.44000244140625
2026-05-27 07:00:00+00:00,140.83999633789062,106.61,602.76,546.85,37.55,41.46,86.96499633789062
2026-05-27 08:00:00+00:00,140.94000244140625,106.76,603.2640234375,547.84,37.62,41.61,87.22000122070312
2026-05-27 09:00:00+00:00,141.05999755859375,106.82,603.45,548.21,37.62,41.65,87.12999725341797
2026-05-27 10:00:00+00:00,141.1298370361328,106.83,603.89,548.85,37.71,41.6565576171875,86.32499694824219
2026-05-27 11:00:00+00:00,141.0399932861328,106.74,603.21,549.62,37.73,41.77,85.87999725341797
2026-05-27 12:00:00+00:00,141.0399932861328,106.71,602.95,549.33,37.76,41.8,86.11000061035156
2026-05-27 13:00:00+00:00,140.63999938964844,106.49,601.52,545.58,37.37,41.674501953125,85.87750244140625
2026-05-27 14:00:00+00:00,140.67999267578125,106.53,602.4,544.15,37.182202148437504,41.51,86.04000091552734
2026-05-27 15:00:00+00:00,140.55999755859375,106.46,601.683671875,544.0387890625,37.14,41.44,86.05000305175781
2026-05-28 07:00:00+00:00,140.60000610351562,106.53,603.4,545.62,37.36,41.08,85.0999984741211
2026-05-28 08:00:00+00:00,140.6199951171875,106.5,603.48,545.8595703125,37.43,41.07,85.11499786376953
2026-05-28 09:00:00+00:00,140.65858459472656,106.6,603.7,546.08,37.44,41.17,85.24500274658203
2026-05-28 10:00:00+00:00,140.44000244140625,106.41,602.88,544.54,37.29,41.0,85.05999755859375
2026-05-28 11:00:00+00:00,140.3800048828125,106.33,602.42,544.7,37.25,41.01083984375,85.13749694824219
2026-05-28 12:00:00+00:00,140.6199951171875,106.48,603.07,546.54,37.4,41.1614990234375,86.01249694824219
2026-05-28 13:00:00+00:00,140.5800018310547,106.43,603.03,545.49,37.52,41.1,85.94499969482422
2026-05-28 14:00:00+00:00,140.94000244140625,106.64,604.27,548.323515625,37.68,41.42,86.64749908447266
2026-05-28 15:00:00+00:00,141.25999450683594,106.85,604.99,549.5617187500001,37.84,41.64,86.86499786376953
2026-05-29 07:00:00+00:00,141.72000122070312,107.13,606.72,550.6,38.12,41.81,87.80249786376953
2026-05-29 08:00:00+00:00,141.8000030517578,107.25,607.13,551.59,38.19,41.83,87.59249877929688
2026-05-29 09:00:00+00:00,141.8800048828125,107.31,607.41,551.89,38.17,41.9,87.90499877929688
2026-05-29 10:00:00+00:00,141.86000061035156,107.31,607.4,551.73,38.2,41.83,88.01499938964844
2026-05-29 11:00:00+00:00,141.8000030517578,107.25,607.1,551.49,38.19,41.87,87.98500061035156
2026-05-29 12:00:00+00:00,141.72000122070312,107.19,606.6736328125,551.25,38.21,41.84,87.76499938964844
2026-05-29 13:00:00+00:00,141.83999633789062,107.22,607.6800000000001,554.09,38.69,41.85,87.99250030517578
2026-05-29 14:00:00+00:00,141.3800048828125,106.865654296875,604.49,549.5500000000001,38.36,41.638427734375,88.625
2026-05-29 15:00:00+00:00,141.36000061035156,106.99,605.8000000000001,550.8100000000001,38.45,41.62,88.87999725341797
2026-06-01 07:00:00+00:00,141.86000061035156,107.15,607.21,553.24,38.94,42.3,87.31999969482422
2026-06-01 08:00:00+00:00,141.8000030517578,107.13,606.99,552.59,38.96,42.24,87.26499938964844
2026-06-01 09:00:00+00:00,141.8270721435547,107.12,607.15,552.39,38.93,42.29,87.24749755859375
2026-06-01 10:00:00+00:00,141.9600067138672,107.17,607.6,552.92,39.03,42.4,87.375
2026-06-01 11:00:00+00:00,141.89999389648438,107.13,607.27,552.19,39.022890625,42.36,87.4375
2026-06-01 12:00:00+00:00,141.82000732421875,107.07,606.88,551.9,38.98,42.26,87.34500122070312
2026-06-01 13:00:00+00:00,141.74000549316406,106.97,606.37,551.27,39.36,42.04,86.3550033569336
2026-06-01 14:00:00+00:00,141.3800048828125,106.77,606.13,552.9,39.219208984375,42.13,86.5
2026-06-01 15:00:00+00:00,141.52000427246094,106.86,606.16,553.37,39.24,42.24,86.7074966430664
2026-06-02 07:00:00+00:00,142.00669860839844,107.11,606.34,553.11,39.49,42.44,87.97000122070312
2026-06-02 08:00:00+00:00,142.05999755859375,107.08,606.86,553.88,39.56,42.49,87.83000183105469
2026-06-02 09:00:00+00:00,141.94000244140625,107.05,606.22,554.0,39.58,42.47,87.87999725341797
2026-06-02 10:00:00+00:00,141.88760375976562,107.03,606.02,553.4280078125,39.55,42.41,87.95999908447266
2026-06-02 11:00:00+00:00,141.8000030517578,106.92,605.62,553.11,39.55,42.45,87.83000183105469
2026-06-02 12:00:00+00:00,141.77999877929688,106.92,605.59,553.14,39.56,42.46,87.58000183105469
2026-06-02 13:00:00+00:00,141.94000244140625,106.99,606.3033203125,554.33640625,39.84,42.53999023437501,87.37999725341797
2026-06-02 14:00:00+00:00,142.32000732421875,107.31,607.99,555.3000000000001,39.63,42.62,87.38500213623047
2026-06-02 15:00:00+00:00,142.39999389648438,107.38,608.03,555.5500000000001,39.71,42.69,87.42500305175781
2026-06-03 07:00:00+00:00,142.44000244140625,107.48,608.3000000000001,557.44,39.82,42.57,86.4000015258789
2026-06-03 08:00:00+00:00,142.4600067138672,107.52,608.8100000000001,557.83,39.85,42.6,86.2249984741211
2026-06-03 09:00:00+00:00,142.32000732421875,107.4,607.98,558.0726953125001,39.86,42.57,86.19499969482422
2026-06-03 10:00:00+00:00,142.3800048828125,107.43,608.16,558.4,39.86,42.6,86.5250015258789
2026-06-03 11:00:00+00:00,142.4199981689453,107.48,608.3498828125,558.77,40.02510986328125,42.63,86.57250213623047
2026-06-03 12:00:00+00:00,142.32000732421875,107.4,608.27,558.36,39.96,42.53,86.52749633789062
2026-06-03 13:00:00+00:00,141.77999877929688,107.45,607.5500000000001,555.94,39.34,42.25,86.23750305175781
2026-06-03 14:00:00+00:00,141.9600067138672,107.16,606.69,557.36,39.37,42.38,86.46749877929688
2026-06-03 15:00:00+00:00,141.9600067138672,107.15,606.75,557.3000000000001,39.47,42.36,86.19499969482422
2026-06-04 07:00:00+00:00,141.36000061035156,106.84,604.69,554.87,38.97,41.83,86.56999969482422
2026-06-04 08:00:00+00:00,140.94000244140625,106.56,603.34,551.91,38.67,41.55,86.58999633789062
2026-06-04 09:00:00+00:00,141.0399932861328,106.67,603.54,551.14,38.62,41.52,86.73500061035156
2026-06-04 10:00:00+00:00,140.6199951171875,106.35,602.12,549.25,38.43,41.36,86.7699966430664
2026-06-04 11:00:00+00:00,140.77999877929688,106.462998046875,602.13,549.28,38.38,41.42,87.5425033569336
2026-06-04 12:00:00+00:00,140.94000244140625,106.59,602.713515625,550.0600000000001,38.42,41.47,87.375
2026-06-04 13:00:00+00:00,141.09280395507812,106.8,603.85,549.1923046875,38.16,41.36,87.32499694824219
2026-06-04 14:00:00+00:00,141.33999633789062,106.92,604.91,551.29,38.42,41.58,86.63500213623047
2026-06-04 15:00:00+00:00,141.72000122070312,106.79,606.5675781250001,553.16,38.57,41.73,86.75250244140625
2026-06-05 07:00:00+00:00,140.77999877929688,106.75,603.9,547.62,38.24,40.75,86.55999755859375
2026-06-05 08:00:00+00:00,140.8000030517578,106.75,603.7,547.36,38.2,40.79,86.57749938964844
2026-06-05 09:00:00+00:00,140.89999389648438,106.84,603.94,547.6789062500001,38.24,40.82,86.5999984741211
2026-06-05 10:00:00+00:00,140.8800048828125,106.81,603.5,547.28,38.24,40.909970703125,86.66000366210938
2026-06-05 11:00:00+00:00,140.8000030517578,106.79,603.4046093750001,546.6,38.2,40.79,86.70999908447266
2026-06-05 12:00:00+00:00,140.97999572753906,106.92,605.11,547.52203125,38.25,40.61,85.49250030517578
2026-06-05 13:00:00+00:00,140.13999938964844,106.46,602.26,542.79,37.63,40.30156982421875,84.71499633789062
2026-06-05 14:00:00+00:00,140.4600067138672,106.48,603.87,544.51,37.8,40.4,84.7300033569336
2026-06-05 15:00:00+00:00,140.22000122070312,106.46,602.95,542.73,37.59,40.21,84.45500183105469
2026-06-08 07:00:00+00:00,139.22000122070312,105.56,597.26,536.13,37.13,39.85,83.32499694824219
2026-06-08 08:00:00+00:00,139.0800018310547,105.65,598.16,535.03,37.02,39.78050048828125,83.20999908447266
2026-06-08 09:00:00+00:00,139.32000732421875,105.82,598.9,535.83,37.14,39.94,83.29750061035156
2026-06-08 10:00:00+00:00,139.27999877929688,105.775224609375,598.44,535.49,37.1,39.84,83.45999908447266
2026-06-08 11:00:00+00:00,139.5800018310547,105.92,598.9300000000001,537.0627734375,37.25,40.17,83.99250030517578
2026-06-08 12:00:00+00:00,139.9199981689453,106.04,600.46,539.45,37.42,40.33,84.06999969482422
2026-06-08 13:00:00+00:00,139.47999572753906,105.89,598.42,537.23,37.20490966796875,40.07,83.94999694824219
2026-06-08 14:00:00+00:00,140.22000122070312,106.36,601.6,543.264921875,37.68,40.30947998046875,83.98999786376953
2026-06-08 15:00:00+00:00,139.89999389648438,106.19,600.501796875,542.36,37.6,40.23,84.01750183105469
2026-06-09 07:00:00+00:00,139.60000610351562,105.76,597.58,540.62,37.386640625,40.67,83.94750213623047
2026-06-09 08:00:00+00:00,139.74000549316406,105.84,597.84,541.24,37.45,40.8048583984375,83.94924926757812
2026-06-09 09:00:00+00:00,139.83999633789062,105.9,598.1,541.63,37.47,40.83201904296875,84.03500366210938
2026-06-09 10:00:00+00:00,139.82620239257812,105.85,597.88,541.26,37.4,40.86,84.15249633789062
2026-06-09 11:00:00+00:00,139.66000366210938,105.701064453125,596.79,540.8936328125,37.32,40.85,84.25
2026-06-09 12:00:00+00:00,139.8000030517578,105.8,598.35,541.86,37.4,40.87,84.19249725341797
2026-06-09 13:00:00+00:00,139.89999389648438,106.0,599.21,541.0,37.24,40.64,84.0
2026-06-09 14:00:00+00:00,138.6999969482422,105.12,593.5500000000001,532.97,36.56,40.22,83.38749694824219
2026-06-09 15:00:00+00:00,137.52000427246094,104.327607421875,588.71,526.86,36.04,39.75,83.03500366210938
2026-06-10 07:00:00+00:00,138.10000610351562,104.65,591.26,528.41,36.21,39.87,81.22000122070312
2026-06-10 08:00:00+00:00,137.4600067138672,104.23,588.99,524.811328125,35.87,39.58341064453125,80.87750244140625
2026-06-10 09:00:00+00:00,137.36000061035156,104.18,588.72,524.7,35.87,39.5075,80.86250305175781
2026-06-10 10:00:00+00:00,137.39999389648438,104.28,589.5,525.8100000000001,35.97,39.54929931640625,80.98750305175781
2026-06-10 11:00:00+00:00,137.10000610351562,104.04,588.3100000000001,523.7,35.72,39.29,80.46499633789062
2026-06-10 12:00:00+00:00,137.6199951171875,104.41,590.16,526.17,36.02,39.70032958984376,80.46499633789062
2026-06-10 13:00:00+00:00,138.0800018310547,104.66,592.36,529.531015625,36.18,39.95,81.08000183105469
2026-06-10 14:00:00+00:00,137.68121337890625,104.38,589.2,526.84,36.05,39.83,80.01249694824219
2026-06-10 15:00:00+00:00,137.47999572753906,104.2,588.6,525.3173828125,35.9,39.74,80.07499694824219
2026-06-11 07:00:00+00:00,137.60000610351562,104.34,588.63,526.3,36.0,39.78,79.6449966430664
2026-06-11 08:00:00+00:00,138.0,104.63,590.32,528.33,36.15,39.9435302734375,79.25
2026-06-11 09:00:00+00:00,137.97999572753906,104.62,589.98,527.67,36.1,39.92,79.35749816894531
2026-06-11 10:00:00+00:00,137.9199981689453,104.61,589.91,527.771015625,36.12,39.95,79.36000061035156
2026-06-11 11:00:00+00:00,138.0800018310547,104.647099609375,589.91,528.09,36.13,39.99,79.1675033569336
2026-06-11 12:00:00+00:00,137.74000549316406,104.36,588.75,526.662265625,35.96,39.84,79.12999725341797
2026-06-11 13:00:00+00:00,137.8800048828125,104.41,589.36,528.39,36.12,40.16,79.30000305175781
2026-06-11 14:00:00+00:00,137.39999389648438,104.16,587.03,525.01,35.76,39.92,79.0425033569336
2026-06-11 15:00:00+00:00,137.6199951171875,104.37,587.87,526.6006640625,35.910000000000004,40.09,79.21749877929688
2026-06-12 07:00:00+00:00,139.36000061035156,105.49212890625,595.4,536.13,36.58,40.79,81.29750061035156
2026-06-12 08:00:00+00:00,139.55999755859375,105.65,594.67,536.89421875,36.63,40.97,81.88249969482422
2026-06-12 09:00:00+00:00,139.8800048828125,105.89,596.14,539.21,36.77,41.12,81.91500091552734
2026-06-12 10:00:00+00:00,139.63999938964844,105.73,595.3109375,538.0600000000001,36.73,40.98,81.70500183105469
2026-06-12 11:00:00+00:00,139.94000244140625,105.94,596.88,539.8708203125,36.84,41.0884716796875,81.62999725341797
2026-06-12 12:00:00+00:00,139.3800048828125,105.52,594.5355078125,536.41,36.54,40.92,81.2750015258789
2026-06-12 13:00:00+00:00,139.25999450683594,105.48,592.6800000000001,535.33,36.48,41.02,81.18000030517578
2026-06-12 14:00:00+00:00,140.10000610351562,105.96591796875,596.69,539.94,36.74,41.2830322265625,81.57499694824219
2026-06-12 15:00:00+00:00,140.25999450683594,106.11,597.6,541.0780078125,36.89,41.36,81.9800033569336
2026-06-15 07:00:00+00:00,141.72000122070312,107.040595703125,602.26,549.9,37.65,42.0955615234375,83.8949966430664
2026-06-15 08:00:00+00:00,141.86000061035156,107.14,603.13,551.2,37.73,42.2,84.10250091552734
2026-06-15 09:00:00+00:00,141.67999267578125,107.05,602.645078125,550.41,37.68,42.1302001953125,84.1449966430664
2026-06-15 10:00:00+00:00,141.86000061035156,107.09,602.92,550.6,37.629990234375,42.24,84.14749908447266
2026-06-15 11:00:00+00:00,141.94000244140625,107.14,603.59,551.42,37.65,42.361049804687504,84.10749816894531
2026-06-15 12:00:00+00:00,141.89999389648438,107.17,603.3100000000001,550.6811328125,37.59,42.41,84.32620239257812
2026-06-15 13:00:00+00:00,141.94000244140625,107.12,604.28,552.75,37.66,42.3343017578125,84.48500061035156
2026-06-15 14:00:00+00:00,141.9199981689453,107.19,604.963984375,553.97,37.73,42.3,84.5457534790039
2026-06-15 15:00:00+00:00,142.1199951171875,107.25,605.65,555.28,37.86,42.42,84.48249816894531
2026-06-16 07:00:00+00:00,142.24000549316406,107.48,606.12,555.91,37.98,42.23,84.05750274658203
2026-06-16 08:00:00+00:00,142.36000061035156,107.48,605.97,557.34,38.08,42.36,84.30000305175781
2026-06-16 09:00:00+00:00,142.33999633789062,107.47,605.6800000000001,556.57,38.01,42.37,84.33999633789062
2026-06-16 10:00:00+00:00,142.33999633789062,107.48404296875,605.9300000000001,557.1819921875,38.06,42.42,84.34075164794922
2026-06-16 11:00:00+00:00,142.44000244140625,107.59,606.6680078125,557.85,38.09,42.38,84.21749877929688
2026-06-16 12:00:00+00:00,142.25999450683594,107.51,606.37,555.8780078125,37.95,42.33,84.48249816894531
2026-06-16 13:00:00+00:00,142.4199981689453,107.56,606.62,555.85,37.83,42.42,84.09249877929688
2026-06-16 14:00:00+00:00,141.83999633789062,107.24,604.08,551.19,37.42,41.9593994140625,83.87999725341797
2026-06-16 15:00:00+00:00,141.86000061035156,107.43,604.5600000000001,550.49,37.37,42.03,83.93250274658203
2026-06-17 07:00:00+00:00,142.24000549316406,107.31,604.29,550.74,37.44,42.49,83.95249938964844
2026-06-17 08:00:00+00:00,142.0399932861328,107.27,603.85,549.9,37.41,42.36,83.87750244140625
2026-06-17 09:00:00+00:00,142.05999755859375,107.17,603.34,548.985625,37.32,42.330400390625,84.00250244140625
2026-06-17 10:00:00+00:00,142.10000610351562,107.28,603.5500000000001,549.1490234375,37.37,42.3,84.0625
2026-06-17 11:00:00+00:00,142.02000427246094,107.2130078125,603.47,548.66,37.28,42.24,83.8375015258789
2026-06-17 12:00:00+00:00,142.13999938964844,107.29541015625,603.71,549.6,37.41,42.37,84.03919982910156
2026-06-17 13:00:00+00:00,142.0,107.2075,602.97,547.72,37.35,42.31,84.2249984741211
2026-06-17 14:00:00+00:00,142.17999267578125,107.27,603.1,548.1,37.33,42.47,84.2750015258789
2026-06-17 15:00:00+00:00,142.36000061035156,107.382041015625,603.41,548.952890625,37.43,42.6,84.47750091552734
2026-06-18 07:00:00+00:00,143.02000427246094,107.84,606.16,554.16,37.88,43.06,83.19999694824219
2026-06-18 08:00:00+00:00,143.16000366210938,108.0,607.87,555.0673828125,37.96,43.12,82.7699966430664
2026-06-18 09:00:00+00:00,143.5399932861328,108.23400390625,609.1,556.76,38.1,43.18,82.81749725341797
2026-06-18 10:00:00+00:00,143.5399932861328,108.12,609.21,556.42,38.06,43.11,82.55999755859375
2026-06-18 11:00:00+00:00,143.44000244140625,108.15,609.01,556.95,38.04,43.18,82.30000305175781
2026-06-18 12:00:00+00:00,143.5800018310547,108.28,609.35,557.79,38.08,43.3,82.42250061035156
2026-06-18 13:00:00+00:00,143.3800048828125,108.02,607.63,556.3451562500001,38.08,43.27,82.53500366210938
2026-06-18 14:00:00+00:00,143.5800018310547,108.18,609.22,559.23,38.28,43.58,82.50499725341797
2026-06-18 15:00:00+00:00,143.5399932861328,108.06,608.1800000000001,559.01,38.15,43.51,82.15499877929688
2026-06-19 07:00:00+00:00,143.74000549316406,108.39,610.5500000000001,561.52,38.41,43.35,80.67749786376953
2026-06-19 08:00:00+00:00,143.47999572753906,108.14,609.3000000000001,560.39,38.31576904296875,43.26,80.85250091552734
2026-06-19 09:00:00+00:00,143.39999389648438,108.1,608.88,559.9,38.27458984375,43.23250976562501,80.73249816894531
2026-06-19 10:00:00+00:00,143.08529663085938,107.96,608.0,558.86,38.16,43.17,80.50499725341797
2026-06-19 11:00:00+00:00,143.22000122070312,107.97,608.22,559.27,38.18,43.22,80.54750061035156
2026-06-19 12:00:00+00:00,143.5,108.12400390625,609.09,560.15,38.27,43.36,81.06999969482422
2026-06-19 13:00:00+00:00,143.52000427246094,108.21,609.9,561.44,38.39,43.23,80.52999877929688
2026-06-19 14:00:00+00:00,143.47999572753906,108.23,609.86,561.15,38.35,43.14,80.49749755859375
2026-06-19 15:00:00+00:00,143.4600067138672,108.23,610.0,561.16,38.38,43.14,80.54499816894531
2026-06-22 07:00:00+00:00,143.9199981689453,108.42,611.39,563.919296875,38.59,43.6935009765625,81.2874984741211
2026-06-22 08:00:00+00:00,143.77999877929688,108.31,610.59,563.0,38.5,43.66,81.40249633789062
2026-06-22 09:00:00+00:00,143.47999572753906,108.1,609.23,561.5487109375,38.42,43.67,81.6500015258789
2026-06-22 10:00:00+00:00,143.5800018310547,108.11,609.2,561.51,38.41,43.67,81.55000305175781
2026-06-22 11:00:00+00:00,143.6999969482422,108.17,609.66,562.0600000000001,38.43,43.75,81.61250305175781
2026-06-22 12:00:00+00:00,143.52000427246094,108.09,608.76,562.2,38.49,43.75,81.3499984741211
2026-06-22 13:00:00+00:00,144.17999267578125,108.59,612.02,565.59,38.85,43.98,81.4800033569336
2026-06-22 14:00:00+00:00,143.36000061035156,107.88,606.9300000000001,559.2,38.38,43.74,81.44999694824219
2026-06-22 15:00:00+00:00,143.33999633789062,107.89,606.77,558.33,38.34,43.78,81.26000213623047
2026-06-23 07:00:00+00:00,140.82000732421875,106.43,599.87,547.1408203125001,37.41,41.6397998046875,79.52749633789062
2026-06-23 08:00:00+00:00,140.74000549316406,106.46,599.61,546.01,37.34,41.63,79.64250183105469
2026-06-23 09:00:00+00:00,141.0399932861328,106.62,600.54,546.64,37.39,41.8,79.94249725341797
2026-06-23 10:00:00+00:00,140.89999389648438,106.52,600.0500000000001,545.92,37.33,41.68,79.93499755859375
2026-06-23 11:00:00+00:00,141.25999450683594,106.81,601.9,547.47,37.46,41.87,80.02749633789062
2026-06-23 12:00:00+00:00,140.94000244140625,106.58,600.35,544.715546875,37.26,41.69,79.80750274658203
2026-06-23 13:00:00+00:00,141.5399932861328,106.96,602.79,547.99,37.51,41.96,80.24749755859375
2026-06-23 14:00:00+00:00,141.63999938964844,107.05,603.23,546.86,37.42,41.89,80.12999725341797
2026-06-23 15:00:00+00:00,141.27999877929688,106.88,601.49,545.95,37.22,41.76,80.06500244140625
2026-06-24 07:00:00+00:00,141.1999969482422,106.86,602.09,546.1,37.29,41.8389990234375,79.05750274658203
2026-06-24 08:00:00+00:00,141.3000030517578,106.91,602.17,546.83,37.3,41.91,79.05999755859375
2026-06-24 09:00:00+00:00,141.44000244140625,107.02,602.95,547.45,37.33,41.86,78.86000061035156
2026-06-24 10:00:00+00:00,141.5800018310547,107.19,604.08,547.986484375,37.41,41.9081982421875,78.68499755859375
2026-06-24 11:00:00+00:00,141.8000030517578,107.31,604.99,548.7948828125,37.47,42.0,78.51499938964844
2026-06-24 12:00:00+00:00,141.55999755859375,107.2,604.42,547.6,37.36,41.8,77.38249969482422
2026-06-24 13:00:00+00:00,141.63999938964844,107.21,604.69,545.766875,37.19,41.79,78.38749694824219
2026-06-24 14:00:00+00:00,142.32000732421875,107.74939453125,607.8419921875001,550.0,37.51,41.95663085937501,77.74749755859375
2026-06-24 15:00:00+00:00,142.1199951171875,107.61,606.5600000000001,547.5094921875,37.35,41.84,77.88500213623047
2026-06-25 07:00:00+00:00,142.39999389648438,107.54,606.02,553.87,37.85,42.56,77.375
2026-06-25 08:00:00+00:00,142.16000366210938,107.41,604.86,552.5,37.7,42.45,77.38500213623047
2026-06-25 09:00:00+00:00,142.25999450683594,107.5,605.47,552.94,37.72,42.425390625,77.36000061035156
2026-06-25 10:00:00+00:00,142.47999572753906,107.62,606.27,554.24,37.87,42.5,77.29750061035156
2026-06-25 11:00:00+00:00,142.44000244140625,107.67,606.32,554.28,37.82,42.49,77.20249938964844
2026-06-25 12:00:00+00:00,142.5399932861328,107.69,606.26,554.58,37.89,42.6692919921875,77.83000183105469
2026-06-25 13:00:00+00:00,140.83999633789062,106.47,597.99,537.67,36.26885986328125,41.68,77.61750030517578
2026-06-25 14:00:00+00:00,141.74000549316406,107.17,601.99,543.1784765625,36.7,42.04,77.82499694824219
2026-06-25 15:00:00+00:00,141.4199981689453,106.89,600.5500000000001,542.75,36.58,41.93,78.12249755859375
2026-06-26 07:00:00+00:00,140.77999877929688,106.52,598.9300000000001,541.2819140625,36.54,41.36,78.19999694824219
2026-06-26 08:00:00+00:00,140.22000122070312,106.13,596.3000000000001,538.58,36.29,41.11,78.20249938964844
2026-06-26 09:00:00+00:00,140.1999969482422,106.07,596.2,537.7030078125,36.24,41.15,78.52749633789062
2026-06-26 10:00:00+00:00,140.13999938964844,106.03,596.08,537.35,36.25592041015625,41.077919921875,78.6500015258789
2026-06-26 11:00:00+00:00,140.1199951171875,106.03,596.36,537.65,36.27,41.09,78.4800033569336
2026-06-26 12:00:00+00:00,140.1575469970703,106.03,596.27,536.94,36.2,41.08,78.76499938964844
2026-06-26 13:00:00+00:00,140.9600067138672,106.26,597.32,538.99,36.27,41.33,79.01000213623047
2026-06-26 14:00:00+00:00,140.89999389648438,106.611396484375,599.79,541.4,36.46,41.47,79.16999816894531
2026-06-26 15:00:00+00:00,141.25999450683594,106.71,600.37,541.7831640625,36.44,41.56759765625,79.24250030517578
2026-06-29 07:00:00+00:00,141.36000061035156,106.9,601.8000000000001,543.352890625,36.75,41.55,78.875
2026-06-29 08:00:00+00:00,141.24000549316406,106.91,602.25,543.66,36.8,41.58,78.49749755859375
2026-06-29 09:00:00+00:00,141.1999969482422,106.85,602.0500000000001,543.26,36.77,41.5,78.19750213623047
2026-06-29 10:00:00+00:00,141.33999633789062,106.94,602.58,544.28,36.75,41.55,78.32749938964844
2026-06-29 11:00:00+00:00,141.18313598632812,106.92,602.0500000000001,543.39,36.76,41.49,78.36000061035156
2026-06-29 12:00:00+00:00,141.17340087890625,106.89,602.04,543.35,36.75,41.44,78.43000030517578
2026-06-29 13:00:00+00:00,141.0,106.79,601.4300000000001,542.46,36.39,41.14,78.2249984741211
2026-06-29 14:00:00+00:00,140.97999572753906,106.82,602.0,543.0600000000001,36.49,41.13,78.08000183105469
2026-06-29 15:00:00+00:00,140.97999572753906,106.84,601.6800000000001,545.0,36.53,41.2,78.07749938964844
2026-06-30 07:00:00+00:00,141.83999633789062,107.47,605.42,550.59,37.02,41.690400390625,78.20249938964844
2026-06-30 08:00:00+00:00,141.82000732421875,107.42,605.62,550.4,37.03,41.68,77.8949966430664
2026-06-30 09:00:00+00:00,141.9199981689453,107.51,605.54,550.3705078125,36.98,41.69,78.01249694824219
2026-06-30 10:00:00+00:00,142.10000610351562,107.6,606.24,551.5242578125,37.11,41.8,78.16500091552734
2026-06-30 11:00:00+00:00,142.17999267578125,107.67,606.5,551.92,37.18,41.88,78.24250030517578
2026-06-30 12:00:00+00:00,142.0,107.52,605.9,550.07,36.98,41.79,77.80249786376953
2026-06-30 13:00:00+00:00,142.5,107.84,607.99,556.0,37.60995117187501,42.0,78.18000030517578
2026-06-30 14:00:00+00:00,141.9199981689453,107.36,605.07,552.96,37.37,41.91,78.33999633789062
2026-06-30 15:00:00+00:00,142.1999969482422,107.693046875,606.92,555.15,37.51,41.98,78.15750122070312
2026-07-01 07:00:00+00:00,142.0399932861328,107.69,607.0,555.75,37.66,41.55,77.12750244140625
2026-07-01 08:00:00+00:00,142.0800018310547,107.74,607.33,555.75,37.62,41.55,77.09500122070312
2026-07-01 09:00:00+00:00,142.10000610351562,107.71,607.5500000000001,555.74,37.68,41.55,77.30000305175781
2026-07-01 10:00:00+00:00,142.1236572265625,107.721474609375,607.57,555.94,37.68,41.61,77.57250213623047
2026-07-01 11:00:00+00:00,142.10000610351562,107.67,607.71,555.5812500000001,37.67,41.58,78.20249938964844
2026-07-01 12:00:00+00:00,142.0,107.69,607.89,554.2505859375,37.431259765625,41.38,78.0425033569336
2026-07-01 13:00:00+00:00,142.0800018310547,107.6625,607.0175,554.1,37.29,41.43,79.35250091552734
2026-07-01 14:00:00+00:00,141.94000244140625,107.66,607.85,550.765,37.12,41.21,79.38999938964844
2026-07-01 15:00:00+00:00,142.39999389648438,108.02,609.62,553.84,37.38,41.42,79.2249984741211
2026-07-02 07:00:00+00:00,140.94000244140625,107.07,603.82,543.16,36.72,40.4,78.87999725341797
2026-07-02 08:00:00+00:00,141.0399932861328,107.16,603.69,545.17,36.77,40.52,79.09750366210938
2026-07-02 09:00:00+00:00,141.05999755859375,107.19,603.86,544.1945703125,36.73,40.38,78.86750030517578
2026-07-02 10:00:00+00:00,141.17999267578125,107.33,604.66,545.51,36.81,40.48,78.88749694824219
2026-07-02 11:00:00+00:00,141.5,107.51,605.91,547.21,36.92,40.6,78.87000274658203
2026-07-02 12:00:00+00:00,141.55999755859375,107.48,604.87,547.203515625,36.99,40.80840087890625,79.89749908447266
2026-07-02 13:00:00+00:00,142.1199951171875,107.77,606.4,548.46,37.17,41.13,80.25749969482422
2026-07-02 14:00:00+00:00,141.4199981689453,107.42,603.76,540.4205859375,36.61,40.5,80.10749816894531
2026-07-02 15:00:00+00:00,140.94000244140625,107.17,602.4300000000001,538.46,36.43,40.402370605468754,79.98750305175781
2026-07-03 07:00:00+00:00,141.86000061035156,107.5,603.65,541.35,36.53,41.28,81.04000091552734
2026-07-03 08:00:00+00:00,141.8000030517578,107.47,603.9300000000001,541.75,36.62,41.2210009765625,81.12750244140625
2026-07-03 09:00:00+00:00,141.94000244140625,107.56,604.51,542.476484375,36.73,41.27,80.95500183105469
2026-07-03 10:00:00+00:00,141.9600067138672,107.59,604.5500000000001,542.51,36.68,41.34,81.0425033569336
2026-07-03 11:00:00+00:00,142.0,107.57,604.5500000000001,542.72,36.71,41.38,81.08000183105469
2026-07-03 12:00:00+00:00,142.0,107.64,604.53,542.79,36.72,41.384501953125,81.04499816894531
2026-07-03 13:00:00+00:00,142.17010498046875,107.7,605.04,543.75,36.73,41.46,80.78250122070312
2026-07-03 14:00:00+00:00,142.24000549316406,107.75,605.23,543.143515625,36.7,41.45,80.8949966430664
2026-07-03 15:00:00+00:00,142.17999267578125,107.72,605.02,543.07,36.66,41.48,80.85749816894531
2026-07-06 07:00:00+00:00,142.3800048828125,107.95,605.79,542.3487890625,36.64,41.36,80.79000091552734
2026-07-06 08:00:00+00:00,142.4199981689453,107.97,606.4,543.0124609375,36.69,41.35,80.53250122070312
2026-07-06 09:00:00+00:00,142.3800048828125,107.97,606.73,543.2,36.65,41.3,80.38500213623047
2026-07-06 10:00:00+00:00,142.27999877929688,107.89,606.1228125,543.22,36.66,41.31,80.6050033569336
2026-07-06 11:00:00+00:00,142.0800018310547,107.74,605.57,543.015,36.69,41.23,80.59500122070312
2026-07-06 12:00:00+00:00,142.17999267578125,107.8,606.1,544.07,36.76,41.25,80.33999633789062
2026-07-06 13:00:00+00:00,142.20809936523438,107.83,606.1,543.7646484375,37.0,41.35,80.24749755859375
2026-07-06 14:00:00+00:00,142.3000030517578,107.93,606.91,545.1624609375,37.02,41.4,80.25250244140625
2026-07-06 15:00:00+00:00,142.47999572753906,108.05,607.33,545.66,37.08,41.47,80.51750183105469
2026-07-07 07:00:00+00:00,141.55999755859375,107.7,605.28,537.5,36.38,40.46,80.02999877929688
2026-07-07 08:00:00+00:00,141.55999755859375,107.64,605.28,537.17,36.37,40.475170898437504,80.05500030517578
2026-07-07 09:00:00+00:00,141.6999969482422,107.76,605.963984375,537.58,36.38,40.46,80.15499877929688
2026-07-07 10:00:00+00:00,141.5884246826172,107.67,605.5,537.3,36.32,40.4530810546875,80.22750091552734
2026-07-07 11:00:00+00:00,141.52000427246094,107.66,605.36,536.94,36.24,40.44,80.6449966430664
2026-07-07 12:00:00+00:00,141.6999969482422,107.75,606.07,537.14,36.29,40.46,80.94499969482422
2026-07-07 13:00:00+00:00,141.47999572753906,107.63,605.1,534.5904296875,35.97,40.358798828125,80.6675033569336
2026-07-07 14:00:00+00:00,140.97999572753906,107.22,602.92,531.5175,35.84,40.14,80.60250091552734
2026-07-07 15:00:00+00:00,140.86000061035156,107.19,602.87,531.298828125,35.95,39.99,80.375
2026-07-08 07:00:00+00:00,140.93455505371094,107.12,603.58,533.21,36.13,40.304890136718754,79.94999694824219
2026-07-08 08:00:00+00:00,139.67999267578125,106.32,599.91,527.39,35.63,39.579599609375,78.65750122070312
2026-07-08 09:00:00+00:00,139.44000244140625,106.22,599.24,526.37,35.550000000000004,39.5,78.4375
2026-07-08 10:00:00+00:00,139.77999877929688,106.37,599.97,527.3619921875,35.62,39.72,78.62999725341797
2026-07-08 11:00:00+00:00,140.16000366210938,106.62,601.52,529.0419921875,35.77712890625,39.81,78.7925033569336
2026-07-08 12:00:00+00:00,140.25999450683594,106.72,601.9300000000001,530.090859375,35.86,39.97,78.9800033569336
2026-07-08 13:00:00+00:00,140.4199981689453,106.69,601.37,532.9653125,36.3027001953125,40.19,78.9574966430664
2026-07-08 14:00:00+00:00,139.86000061035156,106.32,599.46,529.804375,36.1,39.97,78.4000015258789
2026-07-08 15:00:00+00:00,139.52000427246094,106.07,598.408671875,527.61,35.93,39.79,78.19999694824219
2026-07-09 07:00:00+00:00,140.5399932861328,106.84,602.73,537.0069921875,36.87010009765625,40.18,79.69499969482422
2026-07-09 08:00:00+00:00,140.44000244140625,106.73,602.12,536.6969921875,36.8,40.2,79.72000122070312
2026-07-09 09:00:00+00:00,140.32000732421875,106.67,601.69,536.44,36.81,40.17,79.66000366210938
2026-07-09 10:00:00+00:00,140.32000732421875,106.62,601.95,536.2,36.76,40.17,79.52999877929688
2026-07-09 11:00:00+00:00,140.66000366210938,106.84,602.83,538.32,36.99,40.41,79.70999908447266
2026-07-09 12:00:00+00:00,140.82000732421875,106.91,603.27,539.21,37.1,40.57,79.69249725341797
2026-07-09 13:00:00+00:00,141.44000244140625,107.15,604.13,541.690234375,37.18,40.7289990234375,79.95999908447266
2026-07-09 14:00:00+00:00,141.22000122070312,107.2,604.3000000000001,540.35,37.07,40.71,80.06999969482422
2026-07-09 15:00:00+00:00,141.32000732421875,107.28,604.97,541.13,37.22,40.74,80.06999969482422
2026-07-10 07:00:00+00:00,141.10000610351562,107.17,603.61,538.59,36.89,40.55,79.67500305175781
2026-07-10 08:00:00+00:00,141.16000366210938,107.25,604.51,538.91,36.97,40.54944091796875,79.4749984741211
2026-07-10 09:00:00+00:00,141.33999633789062,107.36,605.03,539.8100000000001,37.0,40.66,79.63249969482422
2026-07-10 10:00:00+00:00,141.3000030517578,107.32,604.78,539.33,36.97,40.65,79.6449966430664
2026-07-10 11:00:00+00:00,141.22000122070312,107.26,604.57,538.98,36.92,40.575710449218754,79.58499908447266
2026-07-10 12:00:00+00:00,141.33999633789062,107.367724609375,605.12,539.21,36.93,40.6,79.5625
2026-07-10 13:00:00+00:00,141.63999938964844,107.56,606.82,542.2,37.23,40.65,79.5425033569336
2026-07-10 14:00:00+00:00,141.39999389648438,107.35,605.32,539.67,37.01,40.66,79.3949966430664
2026-07-10 15:00:00+00:00,141.6199951171875,107.56,606.58,542.22,37.2,40.82028076171875,79.56749725341797
2026-07-13 07:00:00+00:00,140.94000244140625,107.388623046875,606.33,537.35,36.87,39.73,78.8375015258789
2026-07-13 08:00:00+00:00,141.27999877929688,107.6,607.15,538.89,37.02,39.87,79.05000305175781
2026-07-13 09:00:00+00:00,141.32351684570312,107.66,607.61,539.72,37.08,39.94,78.92500305175781
2026-07-13 10:00:00+00:00,141.1199951171875,107.54,607.19,539.11,37.05,39.84,78.76000213623047
2026-07-13 11:00:00+00:00,141.1199951171875,107.47,606.9,538.8905078125,37.0,39.81,78.70249938964844
2026-07-13 12:00:00+00:00,141.13999938964844,107.52650390625,606.84,538.35,37.02,39.81,78.89749908447266
2026-07-13 13:00:00+00:00,141.39999389648438,107.75,608.22,537.4358593750001,36.96,39.88,78.45249938964844
2026-07-13 14:00:00+00:00,141.36000061035156,107.68,608.01,539.246484375,37.1,39.94,77.84500122070312
2026-07-13 15:00:00+00:00,141.3000030517578,107.64,607.61,539.0600000000001,37.13,39.9,77.92500305175781
2026-07-14 07:00:00+00:00,140.77999877929688,107.26,605.67,537.38,36.93,39.6,77.98500061035156
2026-07-14 08:00:00+00:00,140.5936737060547,107.14,604.67,536.94,36.85,39.53,77.89749908447266
2026-07-14 09:00:00+00:00,140.66000366210938,107.17,604.51,537.12,36.88,39.54,77.99749755859375
2026-07-14 10:00:00+00:00,140.67999267578125,107.17,604.86,537.51,36.86,39.6,77.98249816894531
2026-07-14 11:00:00+00:00,140.63999938964844,107.14,604.2419921875,537.42,36.76,39.64,78.20249938964844
2026-07-14 12:00:00+00:00,141.02000427246094,107.4,605.396015625,539.14,36.91,39.8439404296875,79.07250213623047
2026-07-14 13:00:00+00:00,141.22000122070312,107.5,604.95,538.95,36.9,39.959599609375,79.08499908447266
2026-07-14 14:00:00+00:00,141.39999389648438,107.6,605.97,539.299921875,37.01,40.03,79.24500274658203
2026-07-14 15:00:00+00:00,141.60000610351562,107.73,607.15,541.66,37.18,40.09,79.2249984741211
2026-07-15 07:00:00+00:00,141.6199951171875,107.7,607.41,543.47,37.38,40.34,78.06749725341797
2026-07-15 08:00:00+00:00,141.67999267578125,107.8,608.0,542.64,37.32,40.27,78.2300033569336
2026-07-15 09:00:00+00:00,141.67999267578125,107.78,607.89,542.63,37.35,40.25,78.12750244140625
2026-07-15 10:00:00+00:00,141.52000427246094,107.69,607.28,542.46,37.32,40.19,78.13999938964844
2026-07-15 11:00:00+00:00,141.3800048828125,107.6,606.57,541.6,37.29,40.13,78.35250091552734
2026-07-15 12:00:00+00:00,141.52000427246094,107.685498046875,607.066484375,542.25,37.27,40.23,78.94750213623047
2026-07-15 13:00:00+00:00,141.32000732421875,107.58,606.54,538.91,37.05,40.15,78.79000091552734
2026-07-15 14:00:00+00:00,140.6999969482422,107.19,603.9065234375,533.55,36.63,39.68,78.77249908447266
2026-07-15 15:00:00+00:00,140.52000427246094,107.08,603.73,533.58,36.59,39.69,78.55750274658203
2026-07-16 07:00:00+00:00,139.77999877929688,106.59,601.59,530.66,36.46,39.22969970703125,78.19999694824219
2026-07-16 08:00:00+00:00,140.0,106.81,602.61,531.62,36.51,39.263349609375,78.24250030517578
2026-07-16 09:00:00+00:00,140.10000610351562,106.84,602.98,531.0600000000001,36.45,39.2,78.22750091552734
2026-07-16 10:00:00+00:00,140.0800018310547,106.86,602.97,531.25,36.46,39.2,78.1500015258789
2026-07-16 11:00:00+00:00,139.86000061035156,106.74,602.44,529.62,36.32,39.09,78.3324966430664
2026-07-16 12:00:00+00:00,139.6199951171875,106.57,601.87,529.0,36.33,38.97,77.46749877929688
2026-07-16 13:00:00+00:00,139.63999938964844,106.63,601.61,528.58,36.06,39.06,77.37792205810547
2026-07-16 14:00:00+00:00,140.27999877929688,107.04,604.08,529.94,36.19,39.13,77.5425033569336
2026-07-16 15:00:00+00:00,140.3800048828125,107.09,604.13,529.85,36.21,39.19,77.81749725341797
2026-07-17 07:00:00+00:00,138.6999969482422,106.05,597.89,517.88,35.53,37.93,77.45999908447266
2026-07-17 08:00:00+00:00,138.55999755859375,106.01,597.6,517.23,35.52,37.88,77.4749984741211
2026-07-17 09:00:00+00:00,138.75999450683594,106.09,598.37,518.89,35.59,38.07,77.55000305175781
2026-07-17 10:00:00+00:00,139.10899353027344,106.34,599.5600000000001,520.58,35.72,38.28,77.41999816894531
2026-07-17 11:00:00+00:00,139.0800018310547,106.32,599.25,519.86,35.67217041015625,38.28,77.4749984741211
2026-07-17 12:00:00+00:00,138.83999633789062,106.2,598.663125,518.5189843750001,35.59,38.1,76.91999816894531
2026-07-17 13:00:00+00:00,138.8800048828125,106.17,598.41,517.83,35.51007080078125,38.209599609375,77.50250244140625
2026-07-17 14:00:00+00:00,139.0399932861328,106.227265625,598.8000000000001,519.16,35.7389990234375,38.43,77.5875015258789
2026-07-17 15:00:00+00:00,139.16000366210938,106.29,598.87,519.3100000000001,35.78,38.51,77.84249877929688
2026-07-20 07:00:00+00:00,139.0,106.13,597.51,521.333515625,35.980000000000004,38.58,77.91999816894531
2026-07-20 08:00:00+00:00,139.0399932861328,106.13,597.6,520.99,35.92,38.63,77.9749984741211
2026-07-20 09:00:00+00:00,139.25999450683594,106.28,598.57,522.63,36.07,38.75,77.99500274658203
2026-07-20 10:00:00+00:00,139.17999267578125,106.2,598.24,522.4300000000001,36.05,38.75,78.06999969482422
2026-07-20 11:00:00+00:00,139.5800018310547,106.46,599.65,524.75,36.185849609375,38.89,78.125
2026-07-20 12:00:00+00:00,139.32000732421875,106.35,599.3100000000001,524.12,36.18,38.8,77.75250244140625
2026-07-20 13:00:00+00:00,139.5800018310547,106.27,598.83,524.69,36.07,38.83,77.74500274658203
2026-07-20 14:00:00+00:00,139.0800018310547,106.14,598.02,522.5,35.95,38.69,77.71499633789062
2026-07-20 15:00:00+00:00,139.66000366210938,106.5,600.42,525.3100000000001,36.17,38.88,77.9000015258789
2026-07-21 07:00:00+00:00,139.74000549316406,106.41,599.304765625,526.54,36.34,39.46,78.95999908447266
2026-07-21 08:00:00+00:00,139.9600067138672,106.53,600.3000000000001,527.83,36.4,39.59,78.80999755859375
2026-07-21 09:00:00+00:00,139.97999572753906,106.6,600.21,527.717890625,36.43,39.59,78.87999725341797
2026-07-21 10:00:00+00:00,140.0800018310547,106.63,600.7,528.17,36.45,39.62969970703125,78.8499984741211
2026-07-21 11:00:00+00:00,140.0399932861328,106.62,600.6710546875,528.48,36.53,39.63,78.67250061035156
2026-07-21 12:00:00+00:00,140.1999969482422,106.72,601.46,529.5,36.56,39.63,78.64250183105469
2026-07-21 13:00:00+00:00,140.24000549316406,106.75,601.9,529.4119921875,36.57343017578125,39.6,78.63249969482422
2026-07-21 14:00:00+00:00,140.63999938964844,107.11,603.3100000000001,531.2694921875,36.76,39.793359375,78.90499877929688
2026-07-21 15:00:00+00:00,140.86000061035156,107.22,604.17,532.36,36.86,39.9,79.07499694824219
2026-07-22 07:00:00+00:00,140.25999450683594,106.9,601.9,527.65,36.53,39.4,79.7249984741211
2026-07-22 08:00:00+00:00,140.63999938964844,107.19,603.08,528.99,36.61,39.49,79.9000015258789
2026-07-22 09:00:00+00:00,140.63999938964844,107.19,603.14,529.4300000000001,36.6135009765625,39.46,79.81500244140625
2026-07-22 10:00:00+00:00,140.75999450683594,107.28,603.57,530.08,36.69,39.55,79.88999938964844
2026-07-22 11:00:00+00:00,140.52000427246094,107.10095703125,602.5981640625,528.25,36.56,39.37,79.97750091552734
2026-07-22 12:00:00+00:00,140.52000427246094,107.1525,602.86,527.8747265625,36.5,39.44,79.7699966430664
2026-07-22 13:00:00+00:00,140.94000244140625,107.41,604.1,531.3,36.8,39.73,80.6050033569336
2026-07-22 14:00:00+00:00,140.94000244140625,107.34,604.11,531.14,36.85,39.68,80.48249816894531
2026-07-22 15:00:00+00:00,141.1199951171875,107.54,605.497578125,532.71,37.04,39.82,80.65249633789062
2026-07-23 07:00:00+00:00,140.5,106.92,601.44,526.94,36.83,39.96,79.43499755859375
2026-07-23 08:00:00+00:00,140.75999450683594,107.1,603.0,529.21,37.03,40.05800048828125,79.4175033569336
2026-07-23 09:00:00+00:00,140.5399932861328,106.97,602.0,528.17,36.94,40.01944091796875,79.33999633789062
2026-07-23 10:00:00+00:00,140.82000732421875,107.1,603.17,529.28,37.08,40.08,79.37000274658203
2026-07-23 11:00:00+00:00,140.47999572753906,106.9,601.73,527.14,36.97,39.88,79.2249984741211
2026-07-23 12:00:00+00:00,139.89999389648438,106.496591796875,600.1,524.4819921875,36.7,39.56,78.80000305175781
2026-07-23 13:00:00+00:00,139.8950958251953,106.54,599.92,523.96,36.85,39.6397998046875,78.44999694824219
2026-07-23 14:00:00+00:00,139.83999633789062,106.45,599.15,522.2,36.66,39.59,78.74250030517578
2026-07-23 15:00:00+00:00,139.4600067138672,106.19,597.69,519.75,36.5,39.4,78.51750183105469
2026-07-24 07:00:00+00:00,139.86000061035156,106.55,599.5600000000001,521.59,36.64,39.34,78.53250122070312
2026-07-24 08:00:00+00:00,139.9600067138672,106.72,600.16,522.37,36.67,39.38,78.69249725341797
2026-07-24 09:00:00+00:00,140.24000549316406,106.85,601.1,523.95,36.8,39.46,78.7300033569336
2026-07-24 10:00:00+00:00,140.02000427246094,106.720302734375,600.27,522.73,36.72,39.42550048828125,78.75250244140625
2026-07-24 11:00:00+00:00,140.1999969482422,106.82,600.74,523.47,36.79,39.53,78.74749755859375
2026-07-24 12:00:00+00:00,139.94000244140625,106.6825,600.08,522.2919921875,36.68,39.35,78.68250274658203
2026-07-24 13:00:00+00:00,139.52000427246094,106.46365234375,598.57,516.9565234375,36.28,38.97,78.91999816894531
2026-07-24 14:00:00+00:00,140.0,106.75,600.32,519.1,36.55,39.16010009765625,78.82749938964844
2026-07-24 15:00:00+00:00,140.17999267578125,106.900498046875,601.26,519.3,36.6,39.21,79.0425033569336
2026-07-27 07:00:00+00:00,140.86000061035156,107.36,603.4,522.57,36.83,39.49,79.3324966430664
2026-07-27 08:00:00+00:00,141.05999755859375,107.57,604.27,523.88,36.92,39.58,79.44249725341797
2026-07-27 09:00:00+00:00,141.24000549316406,107.63,604.99,524.3305078125001,36.95,39.60449951171875,79.46749877929688
2026-07-27 10:00:00+00:00,141.3800048828125,107.76,605.61,524.713515625,36.93,39.63,79.5199966430664
2026-07-27 11:00:00+00:00,141.24000549316406,107.69,604.95,523.49,36.89,39.54,79.41500091552734
2026-07-27 12:00:00+00:00,141.24000549316406,107.6,604.79,523.87,36.9,39.57,79.2249984741211
2026-07-27 13:00:00+00:00,140.60000610351562,107.25,602.32,517.856015625,36.32,39.18,79.04499816894531
2026-07-27 14:00:00+00:00,140.24000549316406,107.07,600.76,514.88,36.05,38.99,79.0875015258789
2026-07-27 15:00:00+00:00,139.94000244140625,106.81,599.33,512.82,35.89,38.84,79.08999633789062
2026-07-28 07:00:00+00:00,139.60000610351562,106.78,599.66,510.9194921875,35.72,38.2,78.51499938964844
2026-07-28 08:00:00+00:00,139.67999267578125,106.79,599.9,511.61,35.76,38.22,78.43000030517578
2026-07-28 09:00:00+00:00,139.77999877929688,106.94,600.69,511.86,35.800000000000004,38.15,78.02749633789062
2026-07-28 10:00:00+00:00,139.75999450683594,106.93,600.98,511.74,35.77,38.13,78.12249755859375
2026-07-28 11:00:00+00:00,139.8800048828125,107.03,601.42,512.1800000000001,35.71,38.18,78.12750244140625
2026-07-28 12:00:00+00:00,139.74000549316406,106.95,601.24,511.95,35.68,38.19,78.1675033569336
2026-07-28 13:00:00+00:00,139.72000122070312,106.52,598.22,506.05,35.14,38.04,78.01000213623047
2026-07-28 14:00:00+00:00,139.8000030517578,106.96,600.46296875,508.62,35.44,38.31,78.09249877929688
2026-07-28 15:00:00+00:00,140.25999450683594,107.18,602.04,511.0022265625,35.64,38.45,78.33499908447266
2026-07-29 07:00:00+00:00,140.16290283203125,107.4,603.27,510.2,35.660000000000004,37.89,78.44750213623047
2026-07-29 08:00:00+00:00,140.05999755859375,107.29,602.79,509.9028515625,35.58,37.85,78.31749725341797
2026-07-29 09:00:00+00:00,140.3000030517578,107.41,603.72,512.455234375,35.79,38.05216064453125,78.23249816894531
2026-07-29 10:00:00+00:00,140.16000366210938,107.36,603.2705078125,511.3557421875,35.68,37.93,78.12249755859375
2026-07-29 11:00:00+00:00,140.32000732421875,107.43,603.2,512.15,35.72,38.02,78.20999908447266
2026-07-29 12:00:00+00:00,140.10000610351562,107.27,602.49,510.99,35.660000000000004,37.96,78.03250122070312
2026-07-29 13:00:00+00:00,139.5399932861328,106.81,599.16,507.46,35.37,37.95,77.76249694824219
2026-07-29 14:00:00+00:00,139.0800018310547,106.48,597.65,505.4,35.25,37.68,77.69249725341797
2026-07-29 15:00:00+00:00,139.05999755859375,106.45,597.3100000000001,504.51,35.15,37.68,77.78500366210938
2026-07-30 07:00:00+00:00,138.1199951171875,105.79,592.0,500.22,35.050000000000004,37.32,78.36750030517578
2026-07-30 08:00:00+00:00,138.27999877929688,105.81,592.26,500.7,35.11,37.38,78.77249908447266
2026-07-30 09:00:00+00:00,138.10000610351562,105.76,591.41,500.36,35.08,37.39,78.82499694824219
2026-07-30 10:00:00+00:00,138.6199951171875,105.83,590.21,501.92,35.18,37.57,79.13249969482422
2026-07-30 11:00:00+00:00,138.66000366210938,106.04,592.9096093750001,503.9173828125,35.38,37.78,79.09249877929688
2026-07-30 12:00:00+00:00,138.83999633789062,106.147001953125,593.63,506.37,35.53,37.93,78.92500305175781
2026-07-30 13:00:00+00:00,139.27999877929688,106.31,594.4065625000001,510.21,36.1010009765625,38.34,79.7874984741211
2026-07-30 14:00:00+00:00,139.0,106.07,592.6603125,509.15,36.01,38.32,79.53500366210938
2026-07-30 15:00:00+00:00,138.6199951171875,105.81,591.0600000000001,507.2,35.86,38.31,79.47000122070312
2026-07-31 07:00:00+00:00,140.55999755859375,107.03,598.86,517.0,36.11,39.54,78.96749877929688
2026-07-31 08:00:00+00:00,140.5399932861328,107.06,599.0,517.22,36.09,39.55,78.85250091552734
2026-07-31 09:00:00+00:00,140.36000061035156,106.95,598.64,516.34,36.04,39.36,78.6449966430664
2026-07-31 10:00:00+00:00,140.4600067138672,107.0,599.14,517.03,36.08,39.38,78.63749694824219
2026-07-31 11:00:00+00:00,140.5399932861328,107.02,599.7,517.91,36.18,39.45,78.64749908447266
2026-07-31 12:00:00+00:00,140.10000610351562,106.8,598.27,516.1526953125,36.05,39.3,78.45999908447266
2026-07-31 13:00:00+00:00,139.4199981689453,106.59,598.21,514.84,35.97,38.91,78.11499786376953
2026-07-31 14:00:00+00:00,139.5399932861328,106.39,596.13,511.85,35.68,38.92,78.54750061035156
2026-07-31 15:00:00+00:00,139.10000610351562,106.08,594.25,508.89,35.47,38.72,78.37750244140625
2026-08-03 07:00:00+00:00,140.8000030517578,107.45,602.73,516.95,36.19,39.14,78.79000091552734
2026-08-03 08:00:00+00:00,140.78199768066406,107.41,602.8634765625001,517.23,36.17,39.1,78.74749755859375
2026-08-03 09:00:00+00:00,140.74000549316406,107.44,602.94,516.796015625,36.1,38.98,78.69000244140625
2026-08-03 10:00:00+00:00,140.67999267578125,107.42,602.83,516.05,36.11,38.91590087890625,78.51499938964844
2026-08-03 11:00:00+00:00,140.5,107.33,602.28,513.6075,35.88,38.72,78.8125
2026-08-03 12:00:00+00:00,140.5399932861328,107.36,602.86,514.54,35.9,38.73,78.53250122070312
2026-08-03 13:00:00+00:00,140.9600067138672,107.62,605.09,518.0,36.03,38.74,78.23249816894531
2026-08-03 14:00:00+00:00,141.4199981689453,108.05,606.95,521.37,36.46,39.09,78.30249786376953
2026-08-03 15:00:00+00:00,141.4600067138672,108.1,607.8000000000001,521.1,36.34,38.87,78.22000122070312
2026-08-04 07:00:00+00:00,142.22000122070312,108.6,610.53,526.69,36.89,39.37,78.86000061035156
2026-08-04 08:00:00+00:00,141.97999572753906,108.43,609.74,526.28,36.88,39.37,78.6675033569336
2026-08-04 09:00:00+00:00,141.94000244140625,108.39,609.6,526.5,36.92,39.3389990234375,78.55999755859375
2026-08-04 10:00:00+00:00,142.1199951171875,108.52,610.23,527.2,37.02,39.5,78.65499877929688
2026-08-04 11:00:00+00:00,142.4600067138672,108.69,610.8100000000001,529.2,37.1741796875,39.76,79.01249694824219
2026-08-04 12:00:00+00:00,142.39999389648438,108.66,610.95,528.76,37.1,39.72,78.95249938964844
2026-08-04 13:00:00+00:00,142.89999389648438,108.98,613.36,533.26,37.5,39.88218017578125,79.2300033569336
2026-08-04 14:00:00+00:00,143.33999633789062,109.36,615.86,534.92,37.69,39.95,79.20999908447266
2026-08-04 15:00:00+00:00,143.47999572753906,109.47400390625,616.67,536.49,37.85,40.02,79.11499786376953
2026-08-05 07:00:00+00:00,144.27999877929688,110.16,620.95,540.52,38.22010986328125,40.05,80.90750122070312
2026-08-05 08:00:00+00:00,144.1999969482422,110.13,620.86,539.74,38.11931884765625,39.93258056640625,80.70500183105469
2026-08-05 09:00:00+00:00,144.16000366210938,110.06,620.64,539.79,38.13,39.95,80.6675033569336
2026-08-05 10:00:00+00:00,144.24000549316406,110.17,621.42,539.74,38.12,39.96,80.72000122070312
2026-08-05 11:00:00+00:00,144.3022003173828,110.2,621.02,540.34,38.03,40.0280810546875,81.28250122070312
2026-08-05 12:00:00+00:00,144.46400451660156,110.28,621.5,540.73,38.06,40.09,81.1500015258789
2026-08-05 13:00:00+00:00,144.77999877929688,110.41,623.24,541.95,38.36,40.29077880859375,81.5999984741211
2026-08-05 14:00:00+00:00,144.16000366210938,110.03,620.17,539.15,38.1,40.05,82.3550033569336
2026-08-05 15:00:00+00:00,144.05999755859375,109.91,619.03,538.91,38.12,40.12,82.58999633789062
2026-08-06 07:00:00+00:00,143.82000732421875,110.02,618.84,533.92,37.91,39.59,82.61750030517578
2026-08-06 08:00:00+00:00,144.0399932861328,110.1,619.13,533.9,37.91,39.69,82.9800033569336
2026-08-06 09:00:00+00:00,144.1199951171875,110.17,619.83,534.36,37.92,39.69,82.87249755859375
2026-08-06 10:00:00+00:00,143.9199981689453,110.039443359375,618.91,533.0600000000001,37.86,39.61,82.85250091552734
2026-08-06 11:00:00+00:00,143.82000732421875,109.92,618.73,532.87,37.85,39.61,82.70999908447266
2026-08-06 12:00:00+00:00,143.67999267578125,109.86,618.0,531.63,37.75,39.54,82.4574966430664
2026-08-06 13:00:00+00:00,143.75999450683594,109.8,618.0625,533.55,38.04,39.71842041015625,82.7874984741211
2026-08-06 14:00:00+00:00,144.02000427246094,109.97,618.7,536.39,38.25,39.96,82.8550033569336
2026-08-06 15:00:00+00:00,143.83999633789062,109.83,617.94,536.04,38.17,39.91302978515625,82.53250122070312
2026-08-07 07:00:00+00:00,143.9199981689453,109.97,618.1800000000001,535.85,38.2302392578125,39.75,83.21499633789062
2026-08-07 08:00:00+00:00,144.02000427246094,110.03,618.65,536.866328125,38.3,39.8,83.53500366210938
2026-08-07 09:00:00+00:00,144.1999969482422,110.14,618.77,536.59,38.29,39.86,83.7300033569336
2026-08-07 10:00:00+00:00,144.25999450683594,110.21,619.04,536.61,38.27,39.84,83.73750305175781
2026-08-07 11:00:00+00:00,144.20663452148438,110.16,618.63,536.42,38.28,39.89,83.84249877929688
2026-08-07 12:00:00+00:00,144.3800048828125,110.19,618.53,538.39,38.44,40.17,84.5875015258789
2026-08-07 13:00:00+00:00,143.97799682617188,110.02,617.66,535.62,38.23,39.8,84.3324966430664
2026-08-07 14:00:00+00:00,144.17999267578125,110.17349609375,619.12,536.4,38.26,39.74,84.23750305175781
2026-08-07 15:00:00+00:00,144.27999877929688,110.21,619.46,538.133984375,38.35,39.86,84.44000244140625
2026-08-10 07:00:00+00:00,144.33999633789062,110.319873046875,620.0,540.67,38.6,39.94,84.48500061035156
2026-08-10 08:00:00+00:00,144.27999877929688,110.26,619.8100000000001,540.55,38.57,39.86,84.30000305175781
2026-08-10 09:00:00+00:00,144.27999877929688,110.28,619.96,540.22,38.56,39.83,84.2300033569336
2026-08-10 10:00:00+00:00,144.1999969482422,110.2,619.3000000000001,539.69,38.46,39.7835009765625,84.11000061035156
2026-08-10 11:00:00+00:00,144.1490020751953,110.18,619.19,538.86,38.3410009765625,39.76,84.08499908447266
2026-08-10 12:00:00+00:00,144.02000427246094,110.07,618.57,537.34,38.23,39.67,84.07499694824219
2026-08-10 13:00:00+00:00,144.0,110.03,618.94,537.42,38.29,39.69,83.7300033569336
2026-08-10 14:00:00+00:00,143.9199981689453,109.97,618.3796875,536.37,38.13,39.65,84.29000091552734
2026-08-10 15:00:00+00:00,143.94000244140625,110.000126953125,618.24,536.4300000000001,38.15,39.68,84.375
2026-08-11 07:00:00+00:00,143.97999572753906,110.06,618.92,537.37,38.1,39.74,84.5250015258789
2026-08-11 08:00:00+00:00,143.9199981689453,110.0,618.46,536.52,38.05,39.68,84.78250122070312
2026-08-11 09:00:00+00:00,144.02000427246094,110.06,618.73,536.97,38.078999023437504,39.75,84.81500244140625
2026-08-11 10:00:00+00:00,144.25999450683594,110.211328125,619.39,537.95,38.16,39.87,85.0
2026-08-11 11:00:00+00:00,144.39999389648438,110.33,619.95,538.4675,38.21,39.94,85.11250305175781
2026-08-11 12:00:00+00:00,144.3489990234375,110.29,619.72,538.3,38.19,39.9,85.20500183105469
2026-08-11 13:00:00+00:00,144.32000732421875,110.23,618.8000000000001,535.03,37.996350097656254,39.94,85.1500015258789
2026-08-11 14:00:00+00:00,144.24000549316406,110.18,619.0500000000001,537.1800000000001,38.08,39.97860107421875,85.24500274658203
2026-08-11 15:00:00+00:00,144.0,109.98900390625,617.85,535.47,37.96,39.87,85.09500122070312
2026-08-12 07:00:00+00:00,143.94000244140625,109.88,616.91,536.35,38.02,40.05,85.45249938964844
2026-08-12 08:00:00+00:00,144.0399932861328,109.95,617.36,537.16,38.09,40.19,85.3949966430664
2026-08-12 09:00:00+00:00,144.1199951171875,109.97,617.54,537.42,38.12,40.23,85.6717300415039
2026-08-12 10:00:00+00:00,144.10000610351562,109.954501953125,617.08,537.42,38.07,40.2,85.59500122070312
2026-08-12 11:00:00+00:00,144.10000610351562,109.95,617.0500000000001,537.51,38.1,40.25,85.61250305175781
2026-08-12 12:00:00+00:00,144.32000732421875,110.067001953125,617.8100000000001,538.38,38.22,40.41,86.07499694824219
2026-08-12 13:00:00+00:00,144.1999969482422,110.02,617.28,538.75,38.3,40.37,85.89250183105469
2026-08-12 14:00:00+00:00,144.24000549316406,110.06,617.72,538.73,38.32,40.33,85.78250122070312
2026-08-12 15:00:00+00:00,144.27999877929688,110.07,617.8000000000001,538.84,38.29,40.35,85.76750183105469
2026-08-13 07:00:00+00:00,144.60000610351562,110.41,620.0,539.7,38.36,40.35,84.77249908447266
2026-08-13 08:00:00+00:00,144.74000549316406,110.48,620.4300000000001,539.88,38.34,40.35,84.87000274658203
2026-08-13 09:00:00+00:00,144.6999969482422,110.46,620.07,539.6,38.33455078125,40.32,85.03500366210938
2026-08-13 10:00:00+00:00,144.72000122070312,110.48,620.13,539.91,38.37,40.38,85.19999694824219
2026-08-13 11:00:00+00:00,144.67999267578125,110.43,620.1,539.66,38.36,40.38,85.0875015258789
2026-08-13 12:00:00+00:00,144.60000610351562,110.34,619.5096484375,538.95,38.34,40.38,85.37000274658203
2026-08-13 13:00:00+00:00,145.05999755859375,110.74,622.65,545.12,38.75,40.52030029296875,84.81749725341797
2026-08-13 14:00:00+00:00,145.1199951171875,110.73,622.39,544.8,38.74,40.61,85.0374984741211
2026-08-13 15:00:00+00:00,144.97999572753906,110.58,621.5500000000001,544.9,38.76,40.65,84.68000030517578
2026-08-14 07:00:00+00:00,145.0399932861328,110.66,622.27,544.14,38.65,40.49,84.23750305175781
2026-08-14 08:00:00+00:00,144.9600067138672,110.6,621.98,544.6800000000001,38.64,40.5,84.36250305175781
2026-08-14 09:00:00+00:00,145.0399932861328,110.63,622.02,544.8100000000001,38.65196044921875,40.58,84.50250244140625
2026-08-14 10:00:00+00:00,145.02000427246094,110.62,621.88,544.94,38.66,40.5389990234375,84.37000274658203
2026-08-14 11:00:00+00:00,145.02000427246094,110.6,621.6800000000001,544.78,38.68,40.62,84.74749755859375
2026-08-14 12:00:00+00:00,144.89999389648438,110.54900390625,621.42,544.76,38.6689892578125,40.58,84.83000183105469
2026-08-14 13:00:00+00:00,144.75999450683594,110.42,620.42,543.92,38.48,40.48,85.02749633789062
2026-08-14 14:00:00+00:00,144.52000427246094,110.27,619.33,541.87,38.4,40.4,84.9749984741211
2026-08-14 15:00:00+00:00,144.4199981689453,110.17349609375,619.12,540.82,38.33,40.36,85.05999755859375
2026-08-17 07:00:00+00:00,144.74000549316406,110.32,619.59,544.6,38.53,40.78,85.45500183105469
2026-08-17 08:00:00+00:00,144.67999267578125,110.3,619.73,544.88,38.56,40.77,85.27249908447266
2026-08-17 09:00:00+00:00,144.60000610351562,110.21,619.36,544.32,38.53,40.75,85.24749755859375
2026-08-17 10:00:00+00:00,144.72000122070312,110.28,619.79,544.9794140625,38.57,40.81,85.30999755859375
2026-08-17 11:00:00+00:00,144.66000366210938,110.243896484375,619.49,544.55,38.55,40.8,85.28500366210938
2026-08-17 12:00:00+00:00,144.384033203125,110.08,618.61,542.75,38.41,40.69,85.0625
2026-08-17 13:00:00+00:00,144.44000244140625,110.05,617.78,543.38,38.42,40.86,85.52999877929688
2026-08-17 14:00:00+00:00,144.5,110.03,618.04,543.78,38.48,41.03,85.6624984741211
2026-08-17 15:00:00+00:00,144.55999755859375,110.07,618.24,544.32,38.52,41.03,85.84500122070312
2026-08-18 07:00:00+00:00,143.3000030517578,109.25,613.855,537.07,37.95,40.19,85.26750183105469
2026-08-18 08:00:00+00:00,143.32000732421875,109.3,613.91,536.1169921875,37.83,40.1,85.20249938964844
2026-08-18 09:00:00+00:00,143.32000732421875,109.32,613.9300000000001,535.59,37.84,40.06,85.24500274658203
2026-08-18 10:00:00+00:00,143.39999389648438,109.38,614.45,535.94,37.86,40.08,85.29000091552734
2026-08-18 11:00:00+00:00,143.4600067138672,109.44,614.75,536.08,37.85,40.11,85.18250274658203
2026-08-18 12:00:00+00:00,143.44000244140625,109.41,614.52,535.24,37.78,40.09,85.21749877929688
2026-08-18 13:00:00+00:00,143.17999267578125,109.24,613.32,533.5521875000001,37.62,39.99,85.19750213623047
2026-08-18 14:00:00+00:00,142.75999450683594,108.98,612.63,531.73,37.4,39.67,84.69999694824219
2026-08-18 15:00:00+00:00,142.82000732421875,109.02,612.91,532.73,37.52,39.68,84.48249816894531
2026-08-19 07:00:00+00:00,142.67999267578125,108.85,612.09,532.3,37.56,39.89,84.4800033569336
2026-08-19 08:00:00+00:00,142.74000549316406,108.865498046875,612.08,532.54,37.57,39.89248046875,84.48500061035156
2026-08-19 09:00:00+00:00,142.55999755859375,108.79,611.52,531.29,37.47,39.78,84.58999633789062
2026-08-19 10:00:00+00:00,142.60000610351562,108.82,611.75,530.94,37.42,39.81,84.72000122070312
2026-08-19 11:00:00+00:00,142.6999969482422,108.87,612.17,531.14,37.45,39.79,84.66000366210938
2026-08-19 12:00:00+00:00,142.9600067138672,108.97,612.5600000000001,533.1800000000001,37.57,40.13,86.08499908447266
2026-08-19 13:00:00+00:00,142.60000610351562,108.75,611.02,527.9300000000001,37.11,39.8427587890625,86.52249908447266
2026-08-19 14:00:00+00:00,142.9600067138672,109.0,612.88,530.62,37.26,39.89,87.05500030517578
2026-08-19 15:00:00+00:00,142.8000030517578,108.89,612.1800000000001,530.4300000000001,37.25,39.9,86.98249816894531
2026-08-20 07:00:00+00:00,142.52000427246094,108.54,610.1,529.52,37.23,40.12,87.08499908447266
2026-08-20 08:00:00+00:00,142.17999267578125,108.35,608.75,527.2,37.04,39.92,87.08999633789062
2026-08-20 09:00:00+00:00,142.1999969482422,108.35,608.67,527.67,37.08,39.94800048828125,86.96749877929688
2026-08-20 10:00:00+00:00,142.27999877929688,108.4,609.08,528.13,37.109599609375,40.02,87.05750274658203
2026-08-20 11:00:00+00:00,141.8800048828125,108.13,607.65,525.05,36.96,39.73595947265625,86.625
2026-08-20 12:00:00+00:00,141.66000366210938,107.99,606.53,524.49,36.94,39.76,86.80500030517578
2026-08-20 13:00:00+00:00,141.89999389648438,108.12,607.5500000000001,525.8100000000001,36.99,39.82,86.93250274658203
2026-08-20 14:00:00+00:00,142.17999267578125,108.27,608.0500000000001,525.55,37.130939941406254,40.03,87.57749938964844
2026-08-20 15:00:00+00:00,142.02000427246094,108.16,607.45,524.34,36.98,39.96,87.91999816894531
2026-08-21 07:00:00+00:00,142.18930053710938,108.08,605.67,526.34,37.06,40.53,88.50499725341797
2026-08-21 08:00:00+00:00,142.0,107.99,605.13,525.52,36.98,40.4,88.93000030517578
2026-08-21 09:00:00+00:00,142.0135955810547,107.98,605.45,526.53,37.05,40.35449951171875,88.88999938964844
2026-08-21 10:00:00+00:00,142.11721801757812,108.06,605.83,526.71,37.07,40.4,89.01750183105469
2026-08-21 11:00:00+00:00,142.17999267578125,108.11,605.96,526.75,37.09,40.43,89.18000030517578
2026-08-21 12:00:00+00:00,142.33999633789062,108.26,607.15,527.39,37.14,40.47,88.78250122070312
2026-08-21 13:00:00+00:00,142.13999938964844,108.11,605.57,524.059453125,36.83,40.34,88.88249969482422
2026-08-21 14:00:00+00:00,142.39999389648438,108.34,607.11,524.96,36.84,40.32,89.06999969482422
2026-08-21 15:00:00+00:00,142.3800048828125,108.27,607.0,525.39,36.95,40.34,89.30500030517578
2026-08-24 07:00:00+00:00,141.75999450683594,107.99,605.0475,521.36,36.63,39.89,90.0625
2026-08-24 08:00:00+00:00,142.0800018310547,108.25,606.53,523.15,36.74,39.97,89.96749877929688
2026-08-24 09:00:00+00:00,142.02000427246094,108.18,606.03,522.9,36.72,40.02,90.10749816894533
2026-08-24 10:00:00+00:00,141.89999389648438,108.09,605.36,522.34,36.64,39.95,90.0875015258789
2026-08-24 11:00:00+00:00,141.9199981689453,108.11,605.61,522.97,36.69,40.02,90.33999633789062
2026-08-24 12:00:00+00:00,141.82000732421875,108.04,605.28,522.12,36.64,39.93,90.44750213623048
2026-08-24 13:00:00+00:00,141.60000610351562,107.94,604.8100000000001,519.04,36.3,39.66,90.44249725341795
2026-08-24 14:00:00+00:00,141.6999969482422,108.01,605.2,520.28,36.4,39.67,90.59709930419922
2026-08-24 15:00:00+00:00,141.6999969482422,107.94,604.74,520.57,36.38,39.77,90.70500183105467
2026-08-25 07:00:00+00:00,142.0,108.14,606.03,522.95,36.5,40.02,89.82499694824219
2026-08-25 08:00:00+00:00,142.22000122070312,108.35,606.92,523.83,36.58,40.19,89.75499725341797
2026-08-25 09:00:00+00:00,142.55999755859375,108.48,607.91,525.46,36.7,40.33,89.94750213623047
2026-08-25 10:00:00+00:00,142.5399932861328,108.51,607.8075390625,525.17,36.68,40.31,90.0
2026-08-25 11:00:00+00:00,142.5399932861328,108.5,607.8000000000001,525.42,36.66,40.32,90.05249786376953
2026-08-25 12:00:00+00:00,142.3800048828125,108.4,607.21,524.84,36.65,40.25,89.98999786376953
2026-08-25 13:00:00+00:00,142.1999969482422,108.23,606.4300000000001,524.04,36.67,40.19,89.48249816894531
2026-08-25 14:00:00+00:00,142.1999969482422,108.24,605.97,523.07,36.6,40.27,89.91000366210938
2026-08-25 15:00:00+00:00,142.3000030517578,108.33,606.37,523.8,36.61,40.32,90.00499725341797
2026-08-26 07:00:00+00:00,142.52000427246094,108.38,606.67,522.75,36.6,40.55,89.79750061035156
2026-08-26 08:00:00+00:00,142.60000610351562,108.44,606.5500000000001,522.96,36.6,40.61,89.75
2026-08-26 09:00:00+00:00,142.6199951171875,108.45,607.08,523.33,36.6,40.605029296875,89.7074966430664
2026-08-26 10:00:00+00:00,142.6199951171875,108.48,607.17,523.59,36.65,40.61,89.5999984741211
2026-08-26 11:00:00+00:00,142.55999755859375,108.45,606.9,523.0105078125,36.57,40.6,89.68499755859375
2026-08-26 12:00:00+00:00,142.5800018310547,108.47,607.16,522.69,36.53,40.56,89.51499938964844
2026-08-26 13:00:00+00:00,142.97999572753906,108.77,608.84,525.72,36.93471923828125,40.7,89.82499694824219
2026-08-26 14:00:00+00:00,142.89999389648438,108.67,608.9,525.12,36.84,40.6,89.30000305175781
2026-08-26 15:00:00+00:00,142.86000061035156,108.68,608.96,525.35,36.88,40.62,89.13500213623047
2026-08-27 07:00:00+00:00,143.33999633789062,109.02,611.64,530.65,37.6,40.89,89.24749755859375
2026-08-27 08:00:00+00:00,143.4199981689453,109.07,612.528203125,532.2,37.79,40.9652001953125,89.19499969482422
2026-08-27 09:00:00+00:00,143.4199981689453,109.09,612.26,532.2,37.73,40.9,88.85250091552734
2026-08-27 10:00:00+00:00,143.4199981689453,109.07,612.32,531.9543359375,37.69,40.92,88.99250030517578
2026-08-27 11:00:00+00:00,143.4199981689453,109.09,612.2,531.2271875,37.64,40.92,89.17500305175781
2026-08-27 12:00:00+00:00,143.25999450683594,108.92,611.5600000000001,530.8100000000001,37.62,40.87,88.94999694824219
2026-08-27 13:00:00+00:00,142.9199981689453,108.81,611.0,530.28,37.65,40.600300292968754,88.69499969482422
2026-08-27 14:00:00+00:00,143.32000732421875,109.05,612.863671875,531.85,37.9589990234375,40.79,89.0374984741211
2026-08-27 15:00:00+00:00,143.3000030517578,109.019833984375,612.8100000000001,531.26,37.88339111328125,40.75,89.09500122070312
2026-08-28 07:00:00+00:00,143.6999969482422,109.26,613.07,531.9300000000001,38.01,40.9,89.46749877929688
2026-08-28 08:00:00+00:00,143.72000122070312,109.31,613.26,532.1,37.98,40.91,89.2750015258789
2026-08-28 09:00:00+00:00,143.74000549316406,109.33,613.3201953125,532.07,37.98,40.93,89.3324966430664
2026-08-28 10:00:00+00:00,143.60000610351562,109.24,613.02,531.97,38.02,40.86,89.18000030517578
2026-08-28 11:00:00+00:00,143.67999267578125,109.29,613.35,531.85,38.04,40.87,89.09500122070312
2026-08-28 12:00:00+00:00,143.86000061035156,109.43,614.21,532.76,38.14,40.91,89.25749969482422
2026-08-28 13:00:00+00:00,144.0,109.39,614.85,532.83,38.07992919921875,41.01,89.4000015258789
2026-08-28 14:00:00+00:00,144.22000122070312,109.71,616.8000000000001,535.5824609375001,38.32,40.95,88.8375015258789
2026-08-28 15:00:00+00:00,144.27999877929688,109.81,617.53,536.11,38.29,40.97,88.58999633789062
2026-09-01 07:00:00+00:00,143.3607940673828,108.915498046875,611.79,530.8100000000001,37.84,41.03,85.69053649902344
2026-09-01 08:00:00+00:00,142.52000427246094,108.33,608.98796875,527.02,37.5,40.71,84.77999877929688
2026-09-01 09:00:00+00:00,142.4149627685547,108.24,608.63,526.69,37.52,40.68,84.65249633789062
2026-09-01 10:00:00+00:00,142.5399932861328,108.34,609.0,526.89,37.51,40.68,84.9175033569336
2026-09-01 11:00:00+00:00,142.4600067138672,108.31,608.74,526.05,37.48,40.64,84.85749816894531
2026-09-01 12:00:00+00:00,142.5800018310547,108.33,608.6,525.48,37.43,40.7,84.53250122070312
2026-09-01 13:00:00+00:00,143.72000122070312,108.23,607.88,524.77,37.45,40.77,84.72000122070312
2026-09-01 14:00:00+00:00,142.66000366210938,108.35,609.24,527.04,37.63,40.81,84.54000091552734
2026-09-01 15:00:00+00:00,142.75999450683594,108.45,609.73,527.41,37.67,40.8093896484375,84.63500213623047
2026-09-02 07:00:00+00:00,142.27999877929688,108.18,608.69,525.21,37.56,40.41,83.84249877929688
2026-09-02 08:00:00+00:00,142.10000610351562,108.07,608.07,523.89,37.44,40.3339501953125,83.68250274658203
2026-09-02 09:00:00+00:00,142.1199951171875,108.16,608.7849609375,524.41,37.45,40.29,83.57250213623047
2026-09-02 10:00:00+00:00,142.1999969482422,108.19,608.99,525.02,37.51,40.33,83.55000305175781
2026-09-02 11:00:00+00:00,142.66000366210938,108.4527734375,610.27,526.41,37.63,40.55,83.97000122070312
2026-09-02 12:00:00+00:00,142.63999938964844,108.47,610.36,526.02,37.66,40.53,84.0250015258789
2026-09-02 13:00:00+00:00,142.9600067138672,108.52,609.901953125,524.94,37.54,40.71,85.04820251464844
2026-09-02 14:00:00+00:00,143.07115173339844,108.77,612.14,526.34,37.65,40.72,84.8499984741211
2026-09-02 15:00:00+00:00,143.24000549316406,108.88,612.9,527.9,37.8,40.75964111328125,84.80500030517578
2026-09-03 07:00:00+00:00,143.36000061035156,109.03,612.97,528.3100000000001,37.77,40.6,85.91000366210938
2026-09-03 08:00:00+00:00,143.44851684570312,109.12,613.1,528.7,37.77,40.66,86.04000091552734
2026-09-03 09:00:00+00:00,143.25999450683594,108.99,612.367578125,527.22,37.66,40.58,85.88249969482422
2026-09-03 10:00:00+00:00,143.3000030517578,109.01,612.42,526.89,37.65,40.57,85.87249755859375
2026-09-03 11:00:00+00:00,143.3800048828125,109.04,612.49,526.72109375,37.59,40.62,86.19750213623047
2026-09-03 12:00:00+00:00,143.77999877929688,109.36,613.9,528.3800390625,37.71,40.85,87.1675033569336
2026-09-03 13:00:00+00:00,144.3800048828125,109.48,615.2,529.66,37.83,40.73,86.72750091552734
2026-09-03 14:00:00+00:00,143.94000244140625,109.44,614.69,530.0,37.88,40.71,86.98750305175781
2026-09-03 15:00:00+00:00,144.27999877929688,109.78,616.7422265625,532.91,38.07,40.81,87.40499877929688
2026-09-04 07:00:00+00:00,144.44000244140625,109.85,617.52,535.08,38.3,41.113828125,86.9625015258789
2026-09-04 08:00:00+00:00,144.52000427246094,109.87,617.88,535.33,38.30278076171875,41.22,86.86499786376953
2026-09-04 09:00:00+00:00,144.52000427246094,109.91,617.968984375,535.6153125,38.34,41.21,86.67250061035156
2026-09-04 10:00:00+00:00,144.5399932861328,109.9,617.89,535.77,38.37,41.2,86.7699966430664
2026-09-04 11:00:00+00:00,144.55999755859375,109.9,617.79,535.58,38.34,41.219208984375,86.63999938964844
2026-09-04 12:00:00+00:00,144.32000732421875,109.76099609375,617.32,534.52,38.2889892578125,41.0697021484375,85.25499725341797
2026-09-04 13:00:00+00:00,144.67999267578125,109.88,617.82,536.64,38.51,41.42,85.63999938964844
2026-09-04 14:00:00+00:00,144.27999877929688,109.57,615.0600000000001,533.5600000000001,38.19,41.37,85.83000183105469
2026-09-04 15:00:00+00:00,144.3000030517578,109.56,614.8100000000001,532.79,38.14,41.5,86.14250183105469
2026-09-07 07:00:00+00:00,144.33999633789062,109.56,614.92,535.29,38.34,41.68,85.44000244140625
2026-09-07 08:00:00+00:00,144.33999633789062,109.5,614.58,535.02,38.37,41.6,85.55000305175781
2026-09-07 09:00:00+00:00,144.24839782714844,109.49,614.08,534.33,38.29,41.64,85.49250030517578
2026-09-07 10:00:00+00:00,144.14248657226562,109.4,613.75,533.72,38.22,41.55,85.17250061035156
2026-09-07 11:00:00+00:00,144.07017517089844,109.38,613.51,533.34,38.2,41.54,85.06500244140625
2026-09-07 12:00:00+00:00,144.1999969482422,109.44,613.625,533.76,38.23,41.57,85.23999786376953
2026-09-07 13:00:00+00:00,144.24000549316406,109.471630859375,613.9,534.38,38.31053955078125,41.56,85.375
2026-09-07 14:00:00+00:00,144.02000427246094,109.3,612.8000000000001,533.63,38.22,41.55,85.64250183105469
2026-09-07 15:00:00+00:00,144.0399932861328,109.34,613.03,533.46,38.26,41.5689990234375,85.5999984741211
2026-09-08 07:00:00+00:00,143.66000366210938,109.04,612.39,533.23,38.24,41.36,85.19000244140625
2026-09-08 08:00:00+00:00,143.72000122070312,109.1,612.76,532.79,38.19,41.38,85.20500183105469
2026-09-08 09:00:00+00:00,144.0800018310547,109.34,613.59,534.49,38.3,41.56,85.40499877929688
2026-09-08 10:00:00+00:00,143.923095703125,109.2373046875,613.24,533.99,38.27,41.58,85.33000183105469
2026-09-08 11:00:00+00:00,143.9199981689453,109.23,612.9544921875,533.92,38.26,41.53,85.39749908447266
2026-09-08 12:00:00+00:00,144.0399932861328,109.28,612.97,534.29,38.3,41.68,85.55000305175781
2026-09-08 13:00:00+00:00,143.77999877929688,109.137158203125,611.94,532.05,38.18,41.6158984375,85.45249938964844
2026-09-08 14:00:00+00:00,143.82000732421875,109.08,611.88,532.5600000000001,38.17,41.64,85.23500061035156
2026-09-08 15:00:00+00:00,143.83999633789062,109.18,612.36,533.8100000000001,38.24,41.7,85.33000183105469
2026-09-09 07:00:00+00:00,143.54867553710938,108.85,610.8100000000001,533.13,38.17,41.69,85.51249694824219
2026-09-09 08:00:00+00:00,143.5800018310547,108.89,611.39,533.37,38.2,41.7,85.36000061035156
2026-09-09 09:00:00+00:00,143.16000366210938,108.59,609.85,530.8,37.98,41.49,85.12999725341797
2026-09-09 10:00:00+00:00,142.86000061035156,108.39,609.0600000000001,530.5600000000001,37.97,41.45,85.38500213623047
2026-09-09 11:00:00+00:00,142.6999969482422,108.26,608.22,529.59,37.92,41.42,85.5
2026-09-09 12:00:00+00:00,142.97999572753906,108.41,608.89,529.94,37.93,41.45,85.3324966430664
2026-09-09 13:00:00+00:00,143.0399932861328,108.41,608.77,532.87,38.2,41.56,85.625
2026-09-09 14:00:00+00:00,142.83999633789062,108.32,608.4,532.01,38.1,41.52,85.70249938964844
2026-09-09 15:00:00+00:00,142.5399932861328,108.06,607.41,530.0381640625,37.96,41.38,85.24500274658203
2026-09-10 07:00:00+00:00,142.89999389648438,108.43,609.17,530.64,38.07,41.32,85.5875015258789
2026-09-10 08:00:00+00:00,142.6199951171875,108.22,608.44,529.96,38.04,41.25,85.23750305175781
2026-09-10 09:00:00+00:00,142.72000122070312,108.28,608.78,529.99,38.03,41.26,85.23249816894531
2026-09-10 10:00:00+00:00,142.67999267578125,108.3,608.88,530.03,38.05,41.2079296875,85.0250015258789
2026-09-10 11:00:00+00:00,142.4600067138672,108.14,608.12,528.45,37.88,41.12,84.87750244140625
2026-09-10 12:00:00+00:00,142.02000427246094,107.81,606.46,525.4,37.66,40.8885009765625,84.1875
2026-09-10 13:00:00+00:00,142.0800018310547,107.67,604.9896875000001,526.07,37.63,40.68449951171875,84.7125015258789
2026-09-10 14:00:00+00:00,142.05999755859375,107.8,606.38,528.22,37.9,40.92,84.5
2026-09-10 15:00:00+00:00,142.0,107.84,606.7,527.84,37.91,40.83,84.67749786376953
2026-09-11 07:00:00+00:00,142.39999389648438,108.05,608.205,528.4012890625,37.96,40.96,84.2699966430664
2026-09-11 08:00:00+00:00,142.86000061035156,108.42,609.9300000000001,530.4,38.1,41.12,84.30000305175781
2026-09-11 09:00:00+00:00,142.77999877929688,108.35000000000001,609.75,530.45,38.07,41.09,84.26499938964844
